Metal_Type,Concentration_mg_L,Frequency_Hz,Real_Impedance_ohm,Imag_Impedance_ohm,Magnitude_ohm,Phase_deg,Charge_Transfer_Resistance_ohm,Double_Layer_Capacitance_F,Temperature_C,pH,Conductivity_uS_cm,Target
Cu,1.3702658576772393,1000,796.2174289686021,-242.54814500424467,832.341154117932,-16.942073577538093,848.6648322286115,3.873765898942166e-06,23.407868797733244,6.489878091387313,513.7208427139869,2
Hg,0.2938554263202612,10,3418.6932003744905,-1048.2115347020408,3575.7811202266257,-17.046155365132844,3513.207819407812,2.5681181392143653e-06,20.061521756452507,6.200286575476702,556.0676495250314,3
Cd,0.8856512522887674,10,1098.7874439522311,-324.17601883578163,1145.6107271561727,-16.437676896088092,1186.479571620171,4.619718067927262e-06,25.14402673755058,7.614997463313322,558.8882401842787,0
Cu,2.4644497728191226,10000,428.5652972763198,-170.0623899338233,461.07421365713367,-21.644065040235866,512.5567613144673,3.240015956915674e-06,34.53289003201682,6.270479655969445,451.2961052736212,2
Cu,2.6131222957228992,1000,359.72944904623085,-109.75797036595458,376.1011679986631,-16.96760563629923,375.9806882911068,2.8015603056237245e-06,30.4245119090877,7.190746733097787,505.8348906363699,2
Hg,0.3464525150198228,100,2851.668424753558,-855.1800217801642,2977.1371608289,-16.693336155932528,3200.803128483136,3.5866910126396207e-06,26.01988165911836,6.685480827177692,592.0959503121956,3
Cd,0.7230489080660673,10000,1325.3141744230884,-381.7022446680223,1379.1860877022211,-16.066870098307362,1440.0792384422398,4.811215392996693e-06,22.888641460202606,6.451956769310367,417.92690896416553,0
Cd,0.8642760864087874,1000,1069.4462420946195,-301.36142763982895,1111.0958441104078,-15.737413292523645,1084.6376334884133,4.178209177686822e-06,25.341345106321207,7.278936878984208,536.6099796059127,0
Cu,1.499336017718372,1000,647.4657152617027,-204.3111069566652,678.9365808860251,-17.51335651169278,710.6423903940997,1.1600525221404974e-06,22.54759149951872,6.914004618753881,592.4528156070344,2
Pb,1.2341374454647107,100,818.185195032812,-248.46783880244223,855.0808618429236,-16.89257385596802,933.0852866688526,2.3292396429598388e-06,21.59458731969427,6.800290934569119,460.1154216108045,1
Cu,1.4424188836392045,10000,688.4487030444266,-221.85702752554135,723.3133189607543,-17.861870128979383,759.1138283914573,2.882178739804891e-06,33.601135588588306,7.185704009784443,572.2895842808696,2
Cu,2.9753360159932942,1000,315.29814644401534,-117.15069502935847,336.3587467227417,-20.38281530446348,370.292831524392,2.258070288836421e-06,34.964755075632105,6.982535256980001,586.7315090816544,2
Cu,2.8881186793732265,1000,298.9588561489719,-83.48976125707888,310.39803141235564,-15.60336887785752,316.23491214878135,3.800750243321827e-06,22.461716593936856,6.606968417103122,549.417241878965,2
Cu,1.0788536227370118,1000,957.3221135880918,-312.6683450483595,1007.0884385991388,-18.08741335878192,973.8357613816784,4.305076599450325e-06,20.817838383174195,7.118122575530503,446.2656624613917,2
Hg,0.3675088276320598,100,2655.166478314164,-804.8424815056864,2774.469399290515,-16.863272052272443,3152.514001677391,3.925380380741087e-06,24.945966607193185,7.338997153101389,466.8001437653188,3
Cd,0.9327234856740992,10000,1110.9305050790556,-353.1826307217014,1165.7206173688048,-17.63629531415488,1194.9604773991434,4.9573331473131015e-06,26.924887711421228,6.053386317173708,407.1618588835461,0
Hg,0.1312589053073001,10000,7568.419851094982,-2259.5322916026894,7898.510316461193,-16.62285946474666,8440.915694675588,2.0901905915721167e-06,23.072318706137818,6.931743457815351,566.290646849071,3
Hg,0.3055753537486833,10000,3234.8934712242085,-934.4394393819327,3367.1520363716027,-16.112023109048195,3747.3026196057554,4.499957980097686e-06,24.521373676978374,6.115366569167088,569.922237302216,3
Hg,0.4619697339146188,10000,2091.304712978506,-653.4231735496184,2191.0082716087054,-17.35129028143088,2226.952451727772,4.066490660697945e-06,23.013061035374864,6.372810828136222,526.5420619932386,3
Cu,1.0678919571715977,10,911.3542128168932,-310.4666335030193,962.785558542398,-18.81218832474778,1041.890126604539,2.4487150302325847e-06,31.613908526486767,7.121017468155946,470.5055702527703,2
Pb,1.54613040087026,10,695.5415995408368,-211.1602175692524,726.8884055862494,-16.887821465738973,714.3794882228913,3.936498174627875e-06,30.68866914870891,7.732377830531162,415.3622055279841,1
Cd,0.3676141066352957,10000,2746.0252197447817,-823.4936100042793,2866.844298735503,-16.693234241175112,2906.005214980837,1.416303825672988e-06,29.524272736414726,7.76561135837697,550.6115219829819,0
Pb,1.886594293064796,100,578.9767745261115,-169.31984622268752,603.2274162913473,-16.301384704733056,595.7335939961004,4.15733392936221e-06,25.80826785618807,6.139888020277263,545.3052387219846,1
Hg,0.4869762103244155,10,2079.595529397113,-632.8050691238208,2173.7432740315176,-16.924605408534973,2417.0018179094704,3.1293224103484105e-06,33.63561411971354,6.8382101725734135,582.5205043477802,3
Hg,0.4749199201010453,1000,2050.434651074721,-619.1431812989249,2141.8731375309944,-16.802060509942507,2141.7401924635783,2.169160690837013e-06,34.542988123025296,7.166012966009102,546.1064042010725,3
Pb,1.2113213249861956,10,809.0053214707395,-235.3513882304098,842.5436998221254,-16.22048006120056,925.0819802637084,3.623109207136721e-06,22.60458968938118,6.294139809100686,565.7389884488003,1
Pb,1.7930639764839702,1000,518.694628051427,-134.7997705625313,535.9245238959674,-14.567921831453496,616.5513903115951,3.5664799948576367e-06,23.34518962117817,7.530864433489543,549.1909235807999,1
Pb,1.7668240978026055,10000,632.5160448112891,-228.8557888497524,672.6451657700062,-19.89104370343385,699.2809228596018,1.8379448908783988e-06,27.884465420005544,7.488470516874478,526.1374376624633,1
Hg,0.193595212959465,10,5105.577546296747,-1539.0520526696532,5332.504411819664,-16.775182970321346,5657.009729966933,1.1215896592461044e-06,21.36875853923368,7.806682027413589,485.39327883820187,3
Hg,0.4230119633678048,100,2408.6842192365198,-718.3290898921344,2513.5147402361304,-16.605879320618715,2630.7810752396203,2.7344903476066955e-06,26.546725982346693,6.016972024166886,580.4234617284555,3
Cd,0.1333068712439433,10,7546.136481506934,-2282.2004665442946,7883.692965040232,-16.82704734145939,8037.978781512192,3.278047477377685e-06,28.72686897166565,6.433368487978005,530.1937143814939,0
Cd,0.6366428906338477,10,1662.2202969164332,-464.0426964395839,1725.7786473357107,-15.59815974411497,1820.3489862631957,4.506421113482394e-06,27.83110356706,7.6543734284906435,479.6710643931818,0
Hg,0.1535039767794663,10,6494.004877619905,-1960.909660890546,6783.602733704634,-16.802053715567457,7276.931888581175,4.7128671825903786e-06,24.963628746170397,7.341160101653871,416.6938590363915,3
Pb,0.6808503286659182,10000,1504.3676938957467,-452.13616190886967,1570.8434891302477,-16.728096479930468,1801.0264674211498,3.115220872627066e-06,28.1366870911581,7.788779707396982,458.1409711808764,1
Pb,0.6154298024438137,100,1738.9632785098008,-510.5685416160945,1812.366828126564,-16.36250956989458,2065.110905018264,4.01521393507418e-06,34.38201431388272,6.114359309060533,508.74534696603297,1
Cd,0.7266598982903257,10,1345.2775230791751,-415.4089526997904,1407.954620037584,-17.16019242329449,1577.244522328766,2.757213089311988e-06,23.09026106437064,7.193927931432886,455.1270740032389,0
Hg,0.2029437336956298,100,4850.72212929743,-1492.1480997453173,5075.038041948982,-17.098609312260187,5713.3071623729575,3.984328626291573e-06,29.82247037591005,7.138093149787348,444.2470695835804,3
Cd,0.7522900943758853,10000,1235.2739463878604,-379.1552744546888,1292.153413790889,-17.06335677510528,1350.8583277797602,1.819206099756668e-06,20.650950412340777,6.071348832721065,505.4787028175695,0
Cd,0.1588207067190481,1000,6332.043800715141,-1879.024329096001,6604.96109931843,-16.528175345349553,7164.6370559590205,2.484258939214126e-06,20.996246067221524,7.027044153824967,433.9640691791469,0
Cu,1.630580675661221,10,519.1209461165481,-162.4741863706672,543.952587946551,-17.3790475055252,612.0505229261653,3.5369119952544592e-06,28.277423363353776,7.219040622619849,560.0820126650207,2
Cu,2.0789825847506744,100,462.3885576048945,-155.64525331064792,487.8817716230753,-18.603818995612496,498.7277450917129,1.0726318624283152e-06,21.574087704919243,6.382586348404215,496.8736302685316,2
Cu,2.5814463296779278,100,409.2453962472583,-104.26017468412306,422.3173905663125,-14.292747164974958,487.9647695565056,3.889845241355816e-06,20.33520182640286,6.546659166249325,514.7725547925301,2
Pb,0.9781287543981048,10000,1031.6190699047067,-316.1012188918731,1078.961484936316,-17.03573137718683,1117.405636030937,4.342142005072668e-06,22.57269496472033,7.280694692595474,429.4766535194697,1
Hg,0.3316511193966541,10,3036.488961968424,-921.1499048635314,3173.134469792632,-16.875709276669077,3401.5251377078357,2.596566644375806e-06,28.47273756499361,6.936601895199916,464.9152671258735,3
Hg,0.4486899867062842,1000,2239.8248042029145,-668.9583194676081,2337.588583713471,-16.62906881321699,2557.792444788434,2.7917696687086576e-06,30.550114317783983,7.716027315136653,482.01793665223056,3
Hg,0.327138434682037,100,3120.7531729161374,-920.8109476824654,3253.7659976768487,-16.439247313116244,3714.065781107232,4.405128848866124e-06,23.0371784621207,6.684763532018376,561.6425661033006,3
Hg,0.1548317636391352,10,6411.007247032951,-1875.6679034752344,6679.756283401079,-16.307888534468134,6724.654588171205,4.102618541304134e-06,30.023891558122617,6.533319316776402,554.0319046172306,3
Cu,1.048801563113076,1000,919.6194551478276,-259.3411143911998,955.4882290745694,-15.748938318825047,1056.8507678831747,2.1525979561335e-06,22.73714496648844,7.969731880689686,444.5954949575363,2
Pb,1.8051483108513948,100,515.3381302706056,-131.40463975341478,531.827573429141,-14.304864578103205,569.0173563464617,2.2959044262461563e-06,29.201861399468857,7.822271540260167,523.2358163214016,1
Pb,0.5319041162755807,100,1921.54768280052,-586.5836288199131,2009.0858246664288,-16.975660807526104,2024.7567530523447,3.7155129295623863e-06,26.179395198436985,6.05798548999796,448.6912715543995,1
Cu,2.749403345368399,1000,408.7352066578434,-143.13792411674254,433.0738210537325,-19.3001111824931,472.22051808905786,3.252792369792645e-06,29.806992640004253,7.541457230613132,597.6494311380491,2
Pb,1.293405701040818,1000,795.7138809538513,-237.4675372937729,830.3923239114205,-16.616856466763565,883.5960676951146,1.6489182843859877e-06,34.92579128718871,6.220669547650406,590.4247756261741,1
Cu,2.878135397025792,10000,406.62185384015135,-119.84315784685349,423.91474909833846,-16.42176183725415,460.37513389862704,2.239719636916666e-06,34.06725447848843,6.054970389658742,512.6529441041241,2
Hg,0.4094524560981494,10,2383.383953714786,-736.5854409417277,2494.6096252986044,-17.173777901648,2537.3033988119714,4.599933107514617e-06,20.064226367541558,6.547391031932698,539.7805143788286,3
Cu,2.995868221066675,10,417.1542586124301,-128.6521681818093,436.5421581661578,-17.13998765178982,457.3073543252539,3.752697746889054e-06,33.281581465434584,6.538691758122209,560.2860764417289,2
Hg,0.2078203169532695,10000,4888.011006577398,-1458.4169499388368,5100.944187137386,-16.61332163120043,5491.537881334802,4.943897270742079e-06,20.997361927621498,7.638637524693929,544.1996840089807,3
Hg,0.3952347300190071,100,2566.9231244558987,-762.8690694364079,2677.8841543220656,-16.55152913230864,2774.7981109542047,4.068050119923078e-06,34.29569879239767,7.42133449188567,539.9657382164842,3
Cd,0.4617378222483179,1000,2254.821128408897,-666.3605814549836,2351.2240951547333,-16.463834137749274,2344.2800472378435,4.767897728574361e-06,24.22738518649527,7.963218854664029,591.7108015899056,0
Cu,1.9597512406078177,1000,427.4376835791081,-122.4120104709836,444.62082008271045,-15.980951773153167,509.6459604733334,1.8647542954819016e-06,25.730522456169066,7.423025800623637,519.2912212614567,2
Cd,0.6647549168965331,1000,1478.09140055002,-453.5675933504072,1546.1169910836632,-17.059171924208485,1629.2905550695132,4.085939499267704e-06,21.37457307763592,6.836511106512096,527.2605343638111,0
Cu,2.7473542283726777,100,327.22138162009537,-108.44442701900547,344.7231154721779,-18.33571092297887,375.2522691330301,1.0808700805911896e-06,21.684091374933644,7.397855321890434,569.8537500876362,2
Cu,2.96816693839859,1000,372.98224013405166,-135.873700000093,396.9602169073504,-20.01617635262458,403.6449007447224,3.683040086846136e-06,30.901108478439795,7.998918134372804,533.9781735716814,2
Cd,0.7914460724780664,1000,1211.0029288586747,-327.6053778739005,1254.5331312150306,-15.137555406388442,1297.0160501318526,2.8771291124809657e-06,34.164983536224376,7.420283765125056,546.5865244035045,0
Cd,0.4759901039506004,10000,2138.758771021456,-641.358624014051,2232.8524279984126,-16.692632529775622,2312.9240139401286,2.3870402876802745e-06,29.16122742431464,7.523362711960637,446.83373723932846,0
Cu,1.8427140045541404,100,611.2046169568403,-187.8584462029491,639.4230834112451,-17.085213876341307,661.2251925418468,4.449617409172357e-06,30.737750232902165,7.876730030380519,474.2533848230142,2
Pb,1.6063734523833373,10,657.2803930301645,-215.7599595380985,691.787449439327,-18.173025720278535,728.8161771272701,4.417070770630123e-06,31.4295461689573,6.227302522623367,429.4602691423786,1
Hg,0.157449715595736,10000,6365.421633863636,-1850.9133321125355,6629.062734644404,-16.213175255795328,7057.304607410122,1.0892068195945743e-06,23.942214118294125,7.409568586895453,501.1530884669611,3
Cd,0.1994267018182552,10000,4964.979989454263,-1510.960557480737,5189.800391339127,-16.926242391854096,5458.65173896212,3.4380204897977247e-06,20.678444463803224,7.7016119159348975,491.1454801360493,0
Hg,0.2095799709383494,10,4729.105770551274,-1427.3086896775037,4939.802777914344,-16.794531152604208,4856.589017199543,2.471328897283826e-06,20.02809115878753,7.908757200441786,599.4325628558913,3
Pb,0.9308584874811224,10000,1136.75809205862,-332.7106908918647,1184.4472819397645,-16.31389910327588,1249.541654950086,2.662644006001797e-06,25.25973924431028,6.421938579423399,522.2417305631085,1
Pb,0.9444621806839852,100,1097.7710957534127,-317.32706941113827,1142.71512095216,-16.1227245947365,1134.8985705656037,4.328162956875105e-06,23.62196342298824,7.007858015448488,557.2889646388846,1
Pb,0.8504116265748649,1000,1173.9501626686792,-333.02640769629005,1220.272745189744,-15.837588972400953,1203.56558803673,2.2393590861107133e-06,20.934765875737785,7.361109695288963,466.8029341515309,1
Cd,0.1378838706727257,100,7231.584418446213,-2133.3231553784785,7539.68705493723,-16.436101148726646,8580.485665937209,4.772195242550481e-06,22.692924387405,6.494935459002675,566.3090662685593,0
Pb,0.5268109021001207,10,1796.9239295741154,-528.9540257630204,1873.1598890770076,-16.40265711936754,2014.333760538372,1.718535305488563e-06,21.867483474019217,7.200945726500548,523.0169932975367,1
Cd,0.9889501507624284,10,957.630691723704,-308.4098235164445,1006.068169147928,-17.851417584379334,1083.940275833054,3.650889693472711e-06,33.72317570926056,6.515157564995999,539.3984663196877,0
Pb,1.1416597006037934,10000,971.4887076692268,-296.5855148032037,1015.7525666814264,-16.976891584097654,1049.5563103775935,3.6884202680550592e-06,22.10400820188753,6.666914041063294,458.8861555898909,1
Hg,0.2229469912218567,100,4421.348360658884,-1320.2478607473877,4614.25787533695,-16.62602049105269,5225.1325959264905,2.008780645711673e-06,28.06472695981519,6.883037393021731,509.7276783391154,3
Hg,0.3558412772118814,100,2819.715702858199,-804.5501900273432,2932.251294350152,-15.925050930966052,3179.4722266181598,2.299002435868808e-06,28.896589326682463,7.058380197493134,526.8073946827217,3
Cu,1.4365077757301283,10,746.5048732578725,-251.9075715458477,787.862266135318,-18.646932564281336,861.3426844503684,4.339193970319762e-06,28.152341865629506,6.898731743250301,517.8189351633162,2
Hg,0.4774825327776014,100,2031.5713156232475,-585.4198645824696,2114.237079494854,-16.07492458604601,2181.323503641644,4.04722101981981e-06,21.48584651323982,6.986391039575858,583.0387422849133,3
Cu,2.5726900288311043,10,397.93373020520494,-115.78183167063314,414.4353823939695,-16.22275465127638,474.3379519603387,2.316383521259038e-06,24.781975426258267,6.597177512576585,579.6545328985108,2
Hg,0.0902349510405167,100,11129.076112419636,-3321.966223021301,11614.292690599965,-16.62006652426592,12955.271341512816,3.135826187739736e-06,20.7690549869473,6.317930188045262,594.1968115753741,3
Cd,0.4758226982064355,100,2102.248120622032,-632.714330519328,2195.3985024827234,-16.750236433879046,2461.2904309181104,1.246721185012382e-06,25.93504871144474,6.094699954653679,533.4856012013979,0
Hg,0.4456032384029741,100,2387.569013962992,-733.119356791424,2497.5887947655606,-17.069461478422273,2469.7941534205493,1.834983529594517e-06,22.82898396907388,6.391957444983335,594.3828260251369,3
Cu,2.8894640445828204,10,262.6549803433426,-63.77903851497613,270.2876328155924,-13.648647683046836,276.88894755077945,2.9432822354415967e-06,28.424487999265697,7.163887283011566,566.4956000063818,2
Cu,1.9348030224997397,10000,569.7849058334568,-157.8468512079246,591.2448455182488,-15.484266157472796,602.3340508743044,1.3438949411168464e-06,30.392125907736503,7.572230895606265,454.1664280679919,2
Pb,1.4201170838160615,100,695.5272042614505,-189.2170219636407,720.8059192796202,-15.218905609940576,733.212151192158,4.37332941956775e-06,27.9817979030706,6.338495194885789,485.4871339102594,1
Cd,0.2503305514828677,10,4033.314167696188,-1210.2603430164288,4210.980084637903,-16.70271207492912,4723.340139571824,3.872024840430592e-06,26.513550449170936,6.217110715545297,447.678488437802,0
Hg,0.4960258817616394,10,2038.0891917617053,-623.4231979949085,2131.3057118522624,-17.008144399939795,2051.0860030609388,4.77453468259398e-06,25.810001312850385,7.4985807210985,400.83943216611306,3
Pb,0.8475075520751651,100,1143.2726787300585,-374.1575435194943,1202.9406823709742,-18.121659982915745,1160.6732863807338,3.773867623856109e-06,32.62537652145505,6.610316661074579,437.6097506293817,1
Hg,0.4742292983608065,100,2120.134380987147,-619.6528489333559,2208.8321454187,-16.292087041205875,2236.281647924368,4.761605489048743e-06,23.29052097597905,7.902998878454705,400.8121172573751,3
Hg,0.3423409920465658,10000,2828.169080518648,-839.9729345067148,2950.270306040705,-16.541544572820662,2941.2239939056167,3.21805022276386e-06,31.013275092933032,7.428635941220746,543.967692270098,3
Pb,1.4116051923182886,10,738.5757511211394,-240.888377993621,776.8663661123146,-18.063869825517266,772.8249288167759,3.4008744442478782e-06,31.362234871101784,6.653512094486062,485.1068595442399,1
Pb,1.269032766524763,10,802.9096411263187,-251.64436580382807,841.4206906502862,-17.401802253291557,931.04489707083,4.907884218505044e-06,26.288000109061016,6.57908549558741,462.5149454155717,1
Pb,0.8460047175766381,1000,1213.959513986968,-373.5230304351192,1270.124858376101,-17.102600749140347,1350.6820912338333,3.568516587457042e-06,24.45950898838459,7.047396772542618,552.3441782190375,1
Pb,0.7647920480082624,10,1360.4508921785796,-437.79495629322224,1429.1574629078762,-17.83824625475372,1362.0210324394752,1.1231462754429863e-06,27.058122290689628,6.158289336556419,566.497354923929,1
Pb,0.830729313605263,10000,1222.1425345761654,-382.9964083049523,1280.7492430584325,-17.400006562432008,1327.0812571819604,3.895211106522093e-06,21.39820888839048,6.235353025290598,595.059907729976,1
Hg,0.1338972179649145,1000,7475.819537403263,-2265.422468357106,7811.531009728985,-16.858557469578212,8085.674358435306,4.621874768549663e-06,20.68895048343635,6.351715762632385,528.4027169350483,3
Pb,1.66937671035013,1000,554.9725512423274,-174.74134561045693,581.8325106920125,-17.47738219153895,567.6198506194539,4.182320999177307e-06,21.674047991778377,7.54944718660912,492.3057917080104,1
Cd,0.4151127332500571,1000,2373.3731241935457,-726.7858872246549,2482.1598885875906,-17.025891183494416,2694.320474035716,3.3353330905016904e-06,22.80717547193339,7.027714718538245,461.0528603214872,0
Cu,1.1156853531267927,100,955.6467858082992,-319.23413415982475,1007.5570513070248,-18.471914200532296,1089.83817008828,3.6852140523740655e-06,27.56265230507065,6.021134245548886,444.4636418428453,2
Pb,1.953653945211217,100,583.6781480135261,-134.6516397926682,599.008551330742,-12.990579540864667,667.8320718158936,4.960767157006688e-06,32.737049542416834,7.347033054944218,442.58519009652025,1
Pb,1.8256788274451383,10,535.8359456140238,-135.69996906362252,552.7518812414329,-14.211318032615903,613.9041292071698,1.3626483540373533e-06,23.534634979995303,6.847380357320994,481.8378749439597,1
Hg,0.4674885274378458,1000,2141.390064297723,-657.9974077197165,2240.203561295016,-17.08092774016594,2141.412688911312,3.6689793145329583e-06,34.02743016120167,7.021704729927595,598.357271057586,3
Pb,1.9923617339696529,10000,456.68616860568375,-131.55742264863292,475.257416617237,-16.07008522570997,543.8146560180865,2.133590778282376e-06,34.32361863402505,6.428232486825872,400.1707394874807,1
Pb,0.760842873829231,100,1372.9696634541522,-403.5415972398197,1431.045602861164,-16.379053816912975,1596.5464508310442,3.5603615863446806e-06,34.38356907267808,7.103564456788208,439.4411794462002,1
Pb,1.094363028353988,10000,947.0444008634848,-260.29160316357587,982.1633346263447,-15.368061115963116,1118.266561711076,3.430494303535756e-06,32.56344102014486,7.958306479502977,437.6785964807148,1
Hg,0.391207314066841,10000,2653.250298867339,-812.3471901934032,2774.8234368793164,-17.023047141449215,2661.5514144572826,1.6138273284326485e-06,25.45737561196581,6.146889382011523,543.4238971064585,3
Pb,1.5440309270806885,100,603.7392670662324,-159.2796444402212,624.3965949063743,-14.779138028328056,716.5007120484397,1.8269865829609568e-06,21.090258665039347,6.567834799328861,470.4969455196124,1
Cu,1.30779181267971,100,745.7473037917246,-234.68229722165609,781.8022906987804,-17.46848269864323,866.5268261738489,3.4865183121728548e-06,28.532280976497425,6.485995185721659,491.45216091836414,2
Hg,0.4171249062457779,100,2408.9357357737326,-749.397968815492,2522.809682626202,-17.280442172721667,2812.297158203146,1.5129197892150964e-06,28.380221659058503,6.497098621502359,429.724826093981,3
Cu,1.448881143673321,100,722.5122154503495,-202.27093344881487,750.2915646555192,-15.639857487753268,735.9924704521571,2.060723500521292e-06,32.74963650664393,6.757412715130755,480.9994077753896,2
Hg,0.1507179266701803,1000,6624.127421986871,-1961.4230581136128,6908.418380180675,-16.49417210339749,7602.87938201109,4.34098219095201e-06,34.93986576419158,7.636219569488335,420.6399623811672,3
Pb,1.3054616343401204,1000,722.364498964171,-164.9511702186376,740.9584049865795,-12.86288644562181,861.0464466763019,2.3083660240065545e-06,27.622359598402213,7.825717379928775,506.6086575777166,1
Cu,2.185879869683406,1000,501.5520587057054,-174.4601229135159,531.0280614797399,-19.179745114671,569.6174219092178,2.952240625078652e-06,25.178060465596765,6.404430174917946,419.5876730765712,2
Hg,0.311038793527015,1000,3251.0898148431893,-961.3485507513408,3390.247191608427,-16.472969316249586,3622.079089106726,4.764561340583362e-06,22.788525673344004,7.085899875896225,558.1016762346312,3
Cd,0.1823381536579794,10,5438.502001468156,-1639.7466253163177,5680.323319601569,-16.778428652795895,6467.063780485278,1.908596355347785e-06,20.07199737226056,7.27379794433096,513.320343508098,0
Pb,1.8161912939455704,1000,618.3749335680429,-169.84530585993224,641.2760609814898,-15.358349538230508,673.1551762135133,2.558504069432042e-06,27.636705387333187,7.04365494872769,544.7935747547034,1
Hg,0.1695200191649177,100,5957.518235046848,-1816.6652615386795,6228.34618445355,-16.958381611344635,6671.578704935034,3.425831102174183e-06,28.332780000538936,6.868152788393839,483.7032773305368,3
Cd,0.2165634291545237,10000,4624.299630866147,-1412.5452847738152,4835.228149484316,-16.985891892330745,5064.845829820828,4.021355718015889e-06,32.37407719726096,6.383951011718476,476.2982586484454,0
Hg,0.4499366359410397,1000,2226.5150683407664,-683.4720169655595,2329.056321243318,-17.064884482579203,2641.914302001457,4.606613546850821e-06,27.56865451839201,6.976438718398477,419.6417778097728,3
Cd,0.960086348406778,10,1069.275869631359,-319.203479976046,1115.9040043860032,-16.621576243804817,1085.5469821069294,4.661891950294061e-06,33.74702522999085,6.8024296554226575,504.7711214085645,0
Pb,1.793191425898176,100,514.5797926594112,-167.19556312859046,541.0607353553658,-17.99984421907926,566.1530070090619,4.106560297490492e-06,29.421252148571533,7.591126725004539,502.9004329714184,1
Cu,2.6190321494497564,10000,383.32201102694887,-101.81551642981628,396.6133678075091,-14.87506868200231,435.9868092892965,1.913323346373242e-06,32.60504357331625,7.527208718325991,493.62040888992107,2
Cd,0.6897177825751195,10000,1342.249196854976,-382.1368666913344,1395.5864327738711,-15.891594785785884,1554.8363798912662,1.0992373201702632e-06,22.22452602211621,6.267997362411341,548.1036729364898,0
Hg,0.2978858167741127,1000,3400.813762340176,-1008.2525778771454,3547.1266550432406,-16.513716517582697,3797.3613303259694,2.5350957214224955e-06,32.83004195453472,6.177038105126135,566.5008800064709,3
Pb,0.6304801398671152,10000,1508.0181224043915,-420.0296839281001,1565.421218995324,-15.5641642880689,1782.1510083864057,1.5661954039512933e-06,30.127157816657725,7.816307886455005,550.1579349897016,1
Cd,0.4676078917636288,1000,2213.714881748883,-655.797931935558,2308.810192546677,-16.50156351693436,2630.774978638281,3.841550589753193e-06,22.55349548657496,7.071016777928995,428.7731485613688,0
Hg,0.2177098326555412,1000,4576.763797599453,-1397.3670734866391,4785.331921307192,-16.978358957923437,4635.638576039875,3.644522347302868e-06,22.84645337219016,7.715601874565181,524.4119018564217,3
Hg,0.1668892026921468,100,5981.416036535693,-1767.157280689941,6237.001094822882,-16.459316398335083,6462.765156104152,1.1758865664858194e-06,33.89750928566332,6.116302241132802,416.0646211379066,3
Hg,0.3755390511598632,100,2631.452220945552,-801.5387909957856,2750.8190097842253,-16.94070477001199,2643.79847990742,4.346375116523805e-06,20.48323040675559,7.05303123304326,538.9244574880953,3
Cd,0.5462881615708938,10,1816.133788808922,-526.6317666489653,1890.947634520126,-16.170790332759005,1935.7867332197652,1.9949730651647293e-06,26.93802414943559,7.078853029152473,476.3678193122253,0
Cd,0.1729415943168831,100,5853.2255217107,-1724.492972182108,6101.977140166208,-16.416168946486973,6481.707672754875,2.728908301964169e-06,24.70212934901152,7.7214040650843,426.4997912532573,0
Cd,0.2981648817548302,100,3229.4585990061173,-959.7038194872272,3369.040555385602,-16.5504612589132,3817.733503059424,3.67173494182297e-06,29.97616159997642,6.195219996459415,572.4101713952256,0
Cu,2.366517527319192,1000,486.4101089932991,-175.84620896128268,517.220149778533,-19.87585610270593,568.764625045128,2.7176751474090136e-06,32.59444081353488,6.480891127351819,522.8016678077875,2
Cd,0.1685177735412701,100,5950.993341224022,-1803.6622456974023,6218.321256082452,-16.861316926117276,6102.743346110596,2.765151211199774e-06,25.40567182334854,6.813076627774026,470.9449935895055,0
Cd,0.8660862226438918,1000,1094.2683698682677,-301.8256216227776,1135.130816761721,-15.42014130489659,1114.6284091714583,1.2625119813429617e-06,26.40353130984256,7.731682950839884,406.1454359300999,0
Cd,0.5456318743125769,1000,1778.97188539133,-537.0740193302553,1858.2759405568213,-16.79913636121886,1988.629891116826,2.6057741970400155e-06,34.728766767521215,7.877766630141134,507.4620518007221,0
Cu,1.961173154653296,100,593.71853388758,-176.52408946743066,619.4049173552975,-16.55823945893747,656.9041943802719,4.059391572879934e-06,31.75874764518804,7.985449239187256,584.6451756972465,2
Cd,0.6331670061935658,10,1532.0867993522745,-444.4495514824102,1595.2508782515722,-16.17713942483633,1613.709532967781,4.660705348746392e-06,33.458061963976874,7.918386972917043,519.2759665404732,0
Hg,0.4211064346663171,10,2317.029030205323,-681.1822518199904,2415.084426476386,-16.38278343207488,2733.8408118491147,2.653988548253487e-06,26.581433309774447,6.011883511688708,594.3301209238987,3
Cd,0.4130282871119738,10000,2478.0074048283045,-737.8262252007821,2585.518949259112,-16.580889825282487,2937.6115707552576,2.694343307516316e-06,23.51114305976173,6.095416682907744,427.2902236540917,0
Hg,0.3551072686515786,10000,2832.97813975943,-854.0668093522384,2958.91791964426,-16.776648201034966,3061.0960204863864,3.810508425294609e-06,26.177951980796777,6.295213638315177,513.6610209189673,3
Hg,0.3045793837981059,100,3236.320029283061,-977.1493776995654,3380.619505102188,-16.800758567644305,3812.580828824744,4.771088004421107e-06,30.741378767472703,6.697724193540546,559.6250096012859,3
Hg,0.1701627215762396,10,5887.559069863293,-1749.109744453161,6141.883807047357,-16.545932860528698,6339.663428819682,2.068243760957441e-06,21.64145607253969,7.659836061973918,505.1081462251432,3
Cu,2.757259972710316,1000,311.3912607707263,-82.34598760986204,322.09529484273133,-14.812531995179087,357.2789252148348,2.7605768261517475e-06,24.057036584247637,7.785312390670961,418.2132711974945,2
Cu,2.594852043213856,10000,440.4194974176935,-137.27184923766382,461.3164795439045,-17.311437376843788,482.3423438681398,4.183892974209205e-06,20.69953850692385,6.373668812589166,516.5772003094436,2
Cu,2.3169036693168508,1000,484.6790693210627,-123.76147453645598,500.230649618123,-14.324232289114924,496.5617673631306,3.4387742774961544e-06,26.48521607507197,7.239328303239417,522.3475811684943,2
Cd,0.8655235561848177,10000,1181.9703664280023,-357.17179223099635,1234.7573187794628,-16.813944020112096,1401.3285119994418,1.442345375855819e-06,32.4116860396942,7.834723970130553,545.7418496950705,0
Hg,0.4402823904319111,100,2289.352633067614,-703.839033406972,2395.104353359344,-17.08953264566785,2497.2700794107936,3.510930942249064e-06,20.36995532447016,6.927463471862642,552.2423030330948,3
Cu,2.4167259534300696,10,501.84235858047407,-165.7321215522091,528.5006045217066,-18.275670622275705,575.5617003129114,1.7469851383893076e-06,30.12985290210749,6.207087143905568,554.1545376421215,2
Cu,2.674026656727344,10000,373.9521664969295,-131.76046667527416,396.4858678518483,-19.409694053893386,401.4132551744341,3.040863736313617e-06,33.98743811770609,6.91562730016925,532.6888787277932,2
Cd,0.7277243155023553,10,1315.053039546695,-399.9641121960821,1374.531115641185,-16.91676910487616,1320.0189108988927,3.116413070641754e-06,23.553917922667736,6.751589804576114,443.16223728373166,0
Cu,2.3602815435206006,1000,446.15196518754334,-109.17110398953916,459.3146045870975,-13.74980766723027,455.1223286058176,4.50481344889994e-06,30.40452261091472,7.155315992132014,480.84715116789584,2
Cd,0.6567502403936659,100,1626.95120510702,-504.1872651527162,1703.283600032995,-17.218050934074125,1788.416181137762,2.8499770960497528e-06,34.626528516503,6.877317368814207,555.2259945228798,0
Pb,1.629074959336462,10,563.1073209600752,-165.1626810676605,586.8292478534884,-16.346722519569646,640.8121170999485,2.117769688943577e-06,34.43417090228695,6.034691853707436,590.6853966801626,1
Cu,1.3172102105861474,100,741.1071291451652,-235.46592565609785,777.6142867867537,-17.62618944152246,790.7220765260929,1.9238653928641262e-06,23.52393789543715,7.987995466827343,415.7893929673244,2
Pb,1.8213061387983929,10,569.8788161821016,-176.16982568005923,596.4877807744732,-17.178240512424132,649.1476441389962,4.497007506737345e-06,21.50496579818103,7.087080475461142,507.107335559439,1
Cd,0.8846591749707088,1000,1127.6835839865837,-368.5058994356801,1186.3670863235063,-18.096423501750824,1285.2515610648252,1.6840434176729136e-06,22.22423806843874,6.947261510969219,462.5044542648613,0
Hg,0.0631612773655516,1000,15783.370193504705,-4739.421822634542,16479.590221788807,-16.71393271406842,18005.46639707586,2.7034742435325752e-06,30.530535027232133,7.909234743008108,445.078778863366,3
Cu,2.6516335011295253,100,433.218917043012,-133.83978270900283,453.4222287443716,-17.16814733220814,475.8928738867682,1.748692459707788e-06,30.886383131799136,6.311720735174154,501.162136703943,2
Cd,0.2159828807261006,1000,4745.998620266036,-1412.9938271990968,4951.873833133258,-16.579488752509707,5614.408301501468,4.093216160457502e-06,30.113548424422987,6.3784752050904965,521.2178681113073,0
Hg,0.2008034844166139,10000,4989.7998380345125,-1492.4743331452462,5208.22254312799,-16.652189698048556,5477.998379271858,2.897490559898476e-06,25.04117581613357,7.616029498125567,401.9544462838962,3
Hg,0.3845787153312235,10,2555.044493509712,-790.4811905519545,2674.530402973714,-17.191052834892538,2785.1340141622463,2.4045747622272483e-06,22.54665409637183,6.521662160050018,556.0413144402382,3
Pb,0.7411398440724624,1000,1271.8249996112932,-359.8635350025171,1321.75663170675,-15.798887837081972,1322.5405016234313,2.4443985625058675e-06,28.7114163792838,7.598454212583054,563.9764262518895,1
Cd,0.836170321707156,10000,1208.827396429073,-358.44215812428195,1260.8506870673798,-16.516172198743536,1283.2077760784969,4.408856826891918e-06,27.255206686368,6.543066965817005,593.1021649135866,0
Hg,0.4244603800809838,100,2411.126356811153,-719.3700366997963,2516.152530791981,-16.61270161054404,2431.5411189537745,3.2150958171777527e-06,30.932512206834552,6.066375260450003,436.128746644939,3
Cu,2.0149354675216724,10000,520.0521972848362,-156.19930625315362,543.003233116298,-16.71780478965736,585.9464815853528,3.871471404525055e-06,26.62040118028432,7.034029447773432,518.9105124721896,2
Cu,1.0127717434336672,100,987.2691249285156,-306.5358864229991,1033.762339564685,-17.248977084803865,1036.3434582125874,4.5881540650027386e-06,25.079595420297025,6.3933728682537225,485.3250746952789,2
Pb,0.9305571997623692,100,1045.1613843178502,-309.1923685003805,1089.9368055112554,-16.479912403899135,1108.7396496829656,4.606966704162569e-06,24.402178660385218,7.515692585864942,466.9655703110701,1
Hg,0.327617113269084,10,2997.735421607627,-889.8088577637164,3127.0077488416664,-16.532311186373622,3459.875020624162,2.314036217351453e-06,23.1720548007462,7.282399266464296,513.1266902875009,3
Cd,0.9830675602246812,10,1058.961651883109,-352.62640939184377,1116.1295465847982,-18.417377464813043,1128.264588813469,4.809805052585541e-06,23.98619564279992,7.847205335955835,556.47661864471,0
Cu,2.2636270540333365,10000,487.457466194679,-157.0124566053256,512.1207795805359,-17.854006017263803,511.0695053633762,1.0995035280584217e-06,21.42245658266152,7.565976714531471,404.610556689042,2
Hg,0.1669116114788719,10,5913.908437967346,-1779.2714707982757,6175.768776391975,-16.744554671165155,6113.866847788463,2.507342244064663e-06,25.202855163933343,6.361551909681454,593.8800225132373,3
Hg,0.3353025663948251,10,3061.872939165104,-913.4384696356456,3195.220764423307,-16.611247211962993,3536.3765338302323,4.583195430035367e-06,20.548547185444374,7.600316473329593,561.9763171411421,3
Pb,1.3099780695737833,10,792.0751191085399,-213.75631561401943,820.4113338903162,-15.10256533290768,812.6225390578545,2.098547519267932e-06,22.7962077074949,7.283474089628046,550.2307407291157,1
Cu,2.5596907903022874,10000,460.65191961235087,-153.6303921756409,485.594983955338,-18.443875975139637,502.4564277504804,2.0923258012852737e-06,31.201556669291435,7.33790328352125,552.0774764361007,2
Cu,1.2139612776539168,1000,756.643116293511,-236.9521718244101,792.8777567611922,-17.388594093535115,833.3561528478468,2.2104891403275547e-06,24.88203483014934,7.664525771940298,477.8121419237305,2
Cd,0.7849251122518252,10,1205.715680773231,-371.9653864449003,1261.787839367443,-17.145085433624622,1371.4750400793323,3.449253539387689e-06,30.02355525466016,7.14764813837788,550.3241101689628,0
Cu,2.0825331573522208,10,472.73596589491376,-157.85134157056495,498.39375947760846,-18.46468838614292,532.6111416361105,2.7533311024574155e-06,30.75326263395916,6.932007028706026,477.3540417205915,2
Cd,0.9666928034730952,10000,1059.594010298645,-324.82193299183865,1108.26384711102,-17.043088386696706,1231.4009641142434,3.90693934541337e-06,28.717780140981706,7.273282070717456,579.7413659149586,0
Cu,1.6837443320773722,1000,683.7324383317086,-189.7036870997532,709.5615097553311,-15.50683964964107,689.8520397391541,4.579642570258664e-06,34.380466120480975,6.595914857916718,435.444476661294,2
Pb,1.4489328397009222,10,725.4670592595072,-238.7168276851391,763.733054077597,-18.213925317250435,768.4786554296005,3.696797499771443e-06,20.3215979993467,6.365194262174199,458.4694848430303,1
Cu,2.864056211020035,100,337.0210945505982,-92.5500404621214,349.4978228281595,-15.355582012714803,355.90331601672733,1.8178668807903024e-06,31.07978975882213,7.233175676142492,510.26750853981525,2
Cd,0.1922587551916113,10000,5150.005136055096,-1579.0395854168955,5386.642638388724,-17.046027772368518,5300.402698805142,4.73072760944201e-06,34.38179965910612,6.467696738170956,463.8422071774545,0
Cd,0.943505638512806,10,1121.3771074589763,-347.639892166537,1174.0273045200531,-17.22404165773015,1186.2326822288917,2.057971493389914e-06,32.93407594029409,6.159830218693213,484.84744905905467,0
Pb,1.53182858345122,10,604.5792869491263,-187.9635720890976,633.1243311075696,-17.270458289685823,642.034825498344,1.599577181312633e-06,22.5183903770752,6.001108369170508,498.4845378797189,1
Cu,1.1356741182103438,100,961.9577147890716,-255.0901209784402,995.2053129194036,-14.851761539752994,1062.3638716650078,1.3598691154438435e-06,24.90230459377598,7.2166388028001345,571.2706697627018,2
Cu,1.6019271338936325,100,610.0288864521551,-188.5047120307003,638.4898345031295,-17.1716450979828,691.0046672946935,3.2535349626646624e-06,22.58677759814698,6.724297566960473,504.63845072173854,2
Pb,1.5622581329679224,10000,719.628187704941,-259.91332578050066,765.1272217466703,-19.858566342407865,774.4783220937194,1.4550498499226073e-06,29.019625457220563,7.504621941346912,472.4919697229121,1
Cu,1.1347012029375434,10000,915.2358390813064,-314.5485298616169,967.7796333757842,-18.96683635676589,1046.9328272513312,1.5551035364505231e-06,30.682819729692383,6.7503527966262045,449.5472328070232,2
Cu,2.1643409203525463,100,455.18464468819656,-135.87480167952535,475.0316015712745,-16.62061687593402,485.78810472776325,2.2001219223819865e-06,24.756106540445877,6.972006896476453,481.7351957584394,2
Cd,0.4112947512576611,10000,2405.376550265068,-709.3375479637223,2507.78709333872,-16.430612961123067,2545.0248603325954,2.1266120387378554e-06,28.09259860976443,6.81416994563077,503.147220882874,0
Cu,2.241831035534954,100,429.0185530355349,-121.19644875811542,445.8088133272856,-15.774826101593098,475.4544963643139,3.4169580413285694e-06,30.36380855106793,7.301149582218692,549.2229714406473,2
Cu,1.0914840676250257,10,937.5996156389584,-277.9284825756677,977.9249872424448,-16.511169195301846,942.0469057003714,4.266981117890726e-06,26.320097249165727,6.712278324029937,424.2097552344677,2
Pb,1.8073052092285644,100,557.1677997358422,-143.90514797063932,575.4516910001491,-14.481854330712272,566.0589858274435,4.04539862481157e-06,32.81023295683189,7.927535299884617,444.3218376478302,1
Pb,1.9602334537660957,100,480.45274853582254,-154.92764897548938,504.81424305649176,-17.87252785285655,520.6156717399045,2.049937818865907e-06,31.573249029317257,7.87229397319706,475.93080317373466,1
Hg,0.4859950348785611,1000,2049.352619615046,-596.9075747639772,2134.5127810190465,-16.23906722230592,2435.8247466468506,1.98124199194392e-06,20.96998315775856,7.696055805314563,472.0796810239029,3
Cd,0.7746866485686322,100,1294.7733520949112,-421.07230332900167,1361.5211779204478,-18.015006011209376,1481.612197247678,4.8631661204278704e-06,29.316879486362435,7.840600541145497,478.3496175210423,0
Cu,1.260172480261264,100,687.1054616600678,-224.23059515678167,722.7677879149426,-18.073620934188483,699.2159111043076,1.0329449663678403e-06,23.529883264396243,6.898279376918782,558.7042529280649,2
Cu,2.5165263918580454,1000,420.2815480340654,-162.22529230885593,450.5037459140647,-21.106186632838924,491.4199169421973,4.518882132240864e-06,28.36277397000913,7.072860793578984,464.8308805924346,2
Hg,0.0610641124064606,10000,16327.244765533673,-4903.670335673497,17047.72431718119,-16.716939670822466,18718.53555027541,1.7989140764896198e-06,34.3533266394945,7.484185185116489,500.3796360805329,3
Cu,1.0442471030579945,1000,899.9611262529703,-270.91356222121794,939.8532794866996,-16.75326944084897,1009.9267509233102,4.789137292359072e-06,33.18593006828375,7.392291849877083,524.7814065715793,2
Cd,0.3912491972345872,10,2471.548569994732,-739.1825411538892,2579.7176517963603,-16.65069766073719,2877.0273487488034,2.3692291393100798e-06,26.06774604672697,7.781357191210942,446.43571003672105,0
Hg,0.2698894356820996,1000,3615.526357442095,-1083.4202401748855,3774.364881430929,-16.681248509336232,3907.74031860541,2.7614070955730097e-06,24.3727078751653,7.432662054513391,543.7390774295078,3
Cd,0.7933666760270138,10,1192.6788515177257,-376.35472207155226,1250.650118811491,-17.51330542604354,1245.5147753061942,3.828482455777524e-06,23.516086166123884,7.9957694164569215,509.4222639476562,0
Hg,0.3574829194729273,10000,2761.8853996175603,-832.3704367735324,2884.588619653626,-16.771631033258462,3044.7153841459967,3.350676205893042e-06,27.987723046347803,6.697011599663182,489.3562326062756,3
Hg,0.2506562178695367,1000,4087.1909586133,-1256.1062209561048,4275.8546245744765,-17.083633339102935,4535.835170847519,2.2717573188272915e-06,21.713726798870844,7.665995484478836,561.9568053476628,3
Pb,0.9104399994224988,1000,1072.0760357939114,-294.3582312355284,1111.752578058489,-15.353259951642553,1187.5013963674523,3.2153236634712946e-06,28.239125121923728,7.395269645665328,448.6990518370364,1
Cd,0.99741205014194,10000,1011.482170033656,-309.51717246805686,1057.779306069378,-17.014298644448967,1125.7945830007443,3.922827537451545e-06,20.02000459236188,7.382772890430037,576.6351941228646,0
Cu,1.852362604471946,10,559.8751749273271,-177.74027485907197,587.4111139626859,-17.61277531359682,666.1064413380424,1.1693397836099683e-06,24.85774446118767,6.651671189689997,512.2097470733407,2
Cu,1.902774048659351,1000,532.1017345512321,-127.85171379648796,547.2461207109,-13.510729252520358,628.1190267593845,1.0447972210228164e-06,23.29901470745872,7.571203584846045,521.8349758759316,2
Cd,0.2472614390725022,10,4040.430099696081,-1236.973960579809,4225.539015283444,-17.02192074497903,4748.084794361959,2.8322677562915656e-06,34.56828184941173,7.800752044695198,575.0117928337886,0
Cu,2.5896190974998587,1000,326.39248874441535,-120.429488903964,347.90130569810066,-20.252617813237933,378.7077742312312,1.5273464712140568e-06,30.908634793549684,6.437096923041126,563.5165375698672,2
Cu,2.387364451562977,100,491.4183260790724,-169.34990432109302,519.7801086035525,-19.01469628225618,584.1418983287232,3.6573771658588575e-06,25.244800706933567,7.250993674233408,520.31241376438,2
Cd,0.2986926515098843,1000,3438.2828391424728,-1032.8422793767313,3590.0629598949577,-16.719994516512855,3506.0133263892285,1.8562098249097369e-06,21.39267629795931,6.784269658205551,550.6375407696348,0
Hg,0.0870714705271292,10000,11400.68515721326,-3411.5729145712257,11900.187049174428,-16.659433618851097,12005.202523532544,2.731404427182684e-06,27.75200892035936,7.979096238589754,486.6638980465793,3
Cd,0.7124493718672418,10000,1352.4070786351797,-390.92861422819726,1407.7748711228369,-16.122537903227578,1486.3105116799184,1.790683747497076e-06,23.201718219890637,6.957665631663363,509.4755506999493,0
Hg,0.3445300464265108,10,2888.5139534551045,-815.1142796866319,3001.3204007992704,-15.758618836098512,3377.5592925487044,3.193934342996498e-06,28.046443188475365,6.456640347593885,412.4140273417023,3
Cu,1.5465190539964186,1000,598.3865466786083,-224.50461308759776,639.1156237673761,-20.56524997825454,658.8434198023143,1.4642138375382757e-06,32.53043531268339,6.763715250443665,417.97158360000935,2
Cu,2.9017271245008205,10,369.920620537658,-98.80147437880906,382.8877078705876,-14.953969462309669,425.2633155298512,1.092427411149921e-06,29.23688828152078,7.307676779633253,565.8850808372664,2
Cu,1.3021157835618005,10,731.5672504331029,-230.6127865813755,767.0546911668538,-17.496475006326207,751.8989535937818,1.2045265524267888e-06,29.50682629317503,6.152178742699153,411.93433113649934,2
Pb,1.1485022015639028,100,978.9520485796828,-305.4139175516803,1025.487578887537,-17.32690190639325,1028.3722524403252,4.81703376606124e-06,28.11545433594217,7.207203840442475,433.87982512652144,1
Hg,0.4746271640754195,100,2166.444344066181,-662.3287457849319,2265.42721433053,-16.99952208254915,2483.5147805096217,1.5691448744437437e-06,33.90898448947114,7.862449518357796,559.1665317900884,3
Pb,1.1295909753891835,10000,895.904896001441,-286.94686221659174,940.7359270354782,-17.759596733280866,925.4220970215324,3.833913012547341e-06,33.978540266309054,7.700725575315701,400.22919012565126,1
Pb,1.4577889214961284,10,737.3196791457885,-187.50540705166756,760.7881353762426,-14.268253088713516,789.1320081469364,1.271704816891305e-06,27.69084801610328,6.135347073315967,456.4808657691729,1
Cd,0.4578349581665148,10000,2239.488216085915,-655.0005182854965,2333.3094841752013,-16.303024669089485,2358.121188728369,1.432641408940729e-06,24.586392307152565,7.986779757478136,516.8077315653244,0
Pb,0.911322803523005,1000,1069.108647276986,-320.2686746119483,1116.0489790417448,-16.67643194657897,1143.9166798058316,3.035505005637339e-06,26.89380508819166,7.397453847407759,519.0899862938593,1
Cd,0.9855798831638454,10,973.8202367659778,-265.1257559800533,1009.2658321864166,-15.229838165219958,1111.776295402007,2.859483720617375e-06,22.798368682934235,6.324561648628047,555.4305816458947,0
Cd,0.4684006056835387,10,2138.831804965908,-671.9001207957499,2241.885648791897,-17.439772625428674,2296.184455044963,4.806321237759479e-06,29.54516472977134,6.024832178338847,501.1852508984341,0
Pb,1.8411488055187013,1000,586.2209577169315,-202.48038994169795,620.2042563361674,-19.054883720517243,651.3223570697938,4.77934181208295e-06,27.5013850367335,6.342565272584302,501.88037390619405,1
Hg,0.1534795726509887,1000,6522.478068168187,-2000.3027750943495,6822.311290302221,-17.049642538273858,6652.83876344784,4.118434570169861e-06,21.5495071671992,7.676351841371477,545.0621151081401,3
Hg,0.1458971168112874,10000,6775.295219026999,-2046.5768565105652,7077.648065182019,-16.807708162795937,7866.141724667942,3.4084073205093994e-06,22.96471671679423,6.043278649890327,499.7248926532567,3
Hg,0.0640103372980301,10000,15582.335430972264,-4671.466658757585,16267.506822719251,-16.688334241618087,16735.081158362347,2.8198412695720443e-06,27.194479342992903,6.466294607236173,521.6982173127234,3
Hg,0.3432500714191482,1000,2909.629228437484,-870.8315969725984,3037.151612492131,-16.662072445861817,3287.028017390191,2.4247141373136844e-06,33.31383486078288,7.514611190669751,579.5548136510101,3
Hg,0.2158368546756925,10000,4629.345763025923,-1385.8168906865792,4832.321455383352,-16.66532349600739,5300.961618825176,4.788350187902223e-06,28.49586080946646,7.172221071796271,480.2902015224744,3
Pb,1.7965373747594555,1000,655.2534357111444,-224.79716733466495,692.7415329348662,-18.9355074897609,682.7296436207562,3.4116352456987424e-06,30.223025003127063,7.565471420720383,477.02501418384446,1
Pb,1.2098148600373355,10,757.2733563087354,-211.11891204034015,786.1514683546636,-15.577845387421196,891.261515328336,3.3162901107439785e-06,25.08542824615865,7.492301007653576,400.7097983729543,1
Cu,2.9363868558294435,10,365.8340446784704,-104.95766303876115,380.5925107991055,-16.008167358177165,410.92120675733736,1.92760448707566e-06,28.571170895663517,6.1012027742436095,522.6852523042464,2
Hg,0.1334864820664045,100,7565.850922710503,-2255.094191183831,7894.779920668494,-16.597329795774975,8214.58502457243,1.1867912715404523e-06,26.710697339571013,7.785022838188303,405.9543814814264,3
Pb,1.802934751933416,10,668.223729601251,-238.32236243217636,709.4508448352566,-19.62880402035601,692.5918688828842,4.780754319038178e-06,29.88694868934741,6.454063668564538,500.82969794566327,1
Cu,2.5531937055834835,1000,371.4464555331863,-105.20411948400007,386.0574776954477,-15.813618943269502,441.4493242189863,2.254941035378616e-06,20.758633491185154,7.106784880459528,560.8467578064453,2
Hg,0.3969148300898234,10000,2544.0036636017544,-786.9564038788768,2662.9410474182714,-17.1888130232926,2928.1829191177644,2.770356093297835e-06,27.399503243584387,7.288576313055557,509.98421410393263,3
Cd,0.8603049053051989,100,1190.8666046067362,-365.2064464330481,1245.6078911454565,-17.049354393179314,1240.4125055461252,1.4585597743428274e-06,24.439889377159503,6.33725642177019,453.9272330433352,0
Cu,2.522047981885998,10000,406.2772487626266,-111.1958766560603,421.2193322337413,-15.30669113368384,433.7180896491173,4.347697319637169e-06,24.89277591916864,7.952462513401949,557.2336842898742,2
Pb,1.4393304824471231,1000,689.8252114778707,-205.12569131824293,719.6772690791867,-16.56031619218574,801.5319547406293,1.1105273314237224e-06,34.413761473370926,6.9763119121746175,453.9434008165078,1
Cd,0.2181203899141488,10,4606.422886429843,-1398.9576655245392,4814.168085822775,-16.89338824752935,5247.3399883124775,4.335963048396386e-06,22.740422190670746,6.115285391194787,546.6063561891797,0
Cd,0.1292735615421267,100,7608.921458952673,-2282.5509745621134,7943.911172714919,-16.69837748948218,8774.279966507387,1.5611400511518672e-06,24.668678788678957,7.874524089555681,522.0516910380462,0
Cd,0.9287630630341182,1000,1110.8043466643933,-363.8720103041908,1168.8837138275658,-18.13751515161573,1208.8219670826427,4.546256450524609e-06,27.64838863596308,7.172535686386536,433.99925934960027,0
Cu,2.233300629041476,100,454.0766461952834,-113.21764594061912,467.9784567395085,-14.000430350304244,519.1436738791007,3.9190905493446296e-06,32.94540422224436,7.398386395962753,581.0267749688371,2
Pb,1.6948059364642645,100,578.9143111323908,-177.77997372964228,605.5968119906205,-17.07130510097886,623.6636605981419,1.6586810500292205e-06,26.25005124809556,7.050351579868448,440.1287365914391,1
Cd,0.533370116361295,10,1977.213803371328,-570.7931421262919,2057.9551101373704,-16.102666954109903,2060.756194473466,3.2632719714378727e-06,31.15797921332257,7.669475909553935,597.9174148281339,0
Hg,0.1027886850330775,1000,9694.95057423428,-2919.0158060122053,10124.8565378772,-16.756323066986557,10921.7050906823,2.2506252574208777e-06,32.84561147322204,6.066266924386422,401.46209773098815,3
Cd,0.2126672129822954,10000,4682.02847856085,-1415.0800633363867,4891.20049269164,-16.81673505527298,5595.973477585955,1.712932395646334e-06,24.65024533732773,6.536756730554296,452.6966754285806,0
Cd,0.7170087585060743,100,1494.2607678432537,-463.561966085733,1564.5142820430815,-17.23536880127529,1587.0845370452626,4.436728797644434e-06,25.89125275308065,6.939296712805384,439.9720594548398,0
Cu,1.8606117897989252,100,495.8545632013584,-131.232890326546,512.9267192797322,-14.8240255537182,541.5693383604898,2.614091066028918e-06,25.348343355325344,6.15320723262742,402.7986820340925,2
Cu,1.4010494534006734,10000,686.2449157972443,-220.0620978857428,720.6659499264837,-17.779785552354788,778.750918624656,2.5941748574615303e-06,32.492837129268814,7.411813338653316,546.4735800294632,2
Pb,1.2373918201121552,1000,800.8001839668643,-227.3481465417557,832.4470640090789,-15.849308859524076,887.5278500354445,1.67954669922648e-06,20.665202929304016,6.787326828111281,538.6851604199193,1
Hg,0.0788940216838103,100,12717.268365963666,-3822.8295577424856,13279.417928489553,-16.730855198700617,14862.487891032695,2.532262704343115e-06,24.6263163324302,6.545335980536288,558.4701928709861,3
Cu,2.163942803828798,100,472.5095484090872,-181.27213052055856,506.0877973644711,-20.98865999845354,544.4956888566526,4.486467385315401e-06,30.19112836392695,6.006757693616825,451.339709292913,2
Cd,0.3420940639915879,100,2858.5413487699498,-868.9686859867143,2987.702331199177,-16.90876019118417,2891.870342321594,2.452514841958544e-06,28.48165249348014,7.439660623499908,488.867033416594,0
Pb,1.6963386509557823,1000,562.8965032065861,-192.4511152492328,594.886464027276,-18.87526665196984,675.2980674671655,4.806414249999153e-06,26.544340389405413,7.667618617745724,531.8227043243095,1
Cd,0.3793257630312164,1000,2605.888756172416,-781.088572378078,2720.432974260797,-16.685565813734275,2998.0241750252358,4.78523559683355e-06,28.099223408320768,6.790081071362997,487.9537007776287,0
Cd,0.5096981341736211,10000,1958.0845248426572,-611.233512166287,2051.2682449702747,-17.3362180917489,2296.4036677618083,1.5795946372293842e-06,22.963768787424776,7.128435954066731,539.4651540635832,0
Cu,1.0232410798162013,1000,998.5789824212304,-281.0541927120768,1037.377194358184,-15.719476444655664,1128.633452161071,1.7092450140905797e-06,26.460749324120155,6.455373251859196,526.7946816880884,2
Pb,0.6086703316918383,1000,1663.8357729588156,-500.9722490947052,1737.6198300377637,-16.756773385727524,1948.77933853818,4.450696281327557e-06,27.52554476264524,7.244395292560267,422.9295606044353,1
Hg,0.2266221003830081,10,4323.831712103847,-1300.7014335263289,4515.234755112112,-16.742415248276505,4421.016726283313,2.5710436756988773e-06,33.51783682931902,6.024274916630401,556.2086242153936,3
Hg,0.2659724756227056,10000,3812.984590020206,-1130.77753425031,3977.12324622921,-16.518233855245406,4078.168391691136,1.0174959291320374e-06,23.912527442059645,6.977287794197517,544.1352718185036,3
Cu,2.2000410962386074,100,467.1654060455048,-120.8714831321342,482.5488908289223,-14.50624133292286,549.0521152426602,2.095487278821484e-06,33.01742753247399,7.288410963681384,531.166877523481,2
Cu,1.5833251574186065,1000,700.8088110716625,-210.64461835689175,731.7814871383382,-16.72939005160453,729.0731608425336,3.39051597278224e-06,29.66362101238973,7.8363835464594676,431.0187212542005,2
Pb,1.5424728291898138,100,670.519553381123,-216.57987200532276,704.6299116729737,-17.90061571218018,681.0121247802188,4.197063863839873e-06,20.305112466014016,6.762671634244569,453.5992897590728,1
Hg,0.437055078735142,100,2343.107286532396,-738.4115782819613,2456.7058055742173,-17.49182997545105,2712.436732700362,1.5335544683730384e-06,30.869470053490904,7.53038040596206,478.6354063175201,3
Hg,0.4009329450020074,10,2517.5099274512727,-768.9739733760854,2632.333034884742,-16.985303463258695,2938.178865667292,1.4421654576669411e-06,20.533278163235828,7.195374059887001,455.9859243312887,3
Hg,0.0678284714067607,1000,14810.382733473383,-4455.459064974975,15466.045137385132,-16.74304630882266,15292.171054241557,4.688370614289327e-06,34.9607169022072,7.854024225850161,445.5620581352263,3
Cd,0.5324562525320461,10000,1904.201098222249,-569.1191804068287,1987.4301154953248,-16.64012014028706,2229.5704099575714,4.004593471290331e-06,33.089550315367966,6.796755351318861,561.0715340323552,0
Hg,0.0972185802881787,1000,10281.203839582811,-3091.264089497604,10735.87751709518,-16.734530508777727,11693.3637789819,3.3591184031123146e-06,24.460156213100685,6.638190679745976,527.6464492720405,3
Cd,0.3178405142762747,100,3259.8537457364223,-964.197464279898,3399.4592501919437,-16.477129814964226,3598.9324423316684,4.076747159983713e-06,23.86116845295058,7.774283997388288,513.09442631005,0
Pb,1.97999388990072,10000,549.5039197090705,-177.11084133813495,577.3411538208017,-17.86467219515215,640.7490667635869,2.715417445226554e-06,25.72161623158413,6.098488802816578,445.1905421706508,1
Cd,0.2282459886113619,1000,4409.925226957593,-1324.1183914243368,4604.425047914793,-16.712841524500863,4779.696795148541,4.0338229892365065e-06,25.342504479716645,6.272770785867354,583.6153124537283,0
Pb,1.248332230177034,100,737.2535778679494,-197.49632449644704,763.2480830429242,-14.996361692427053,765.858125530041,2.487211965098143e-06,25.58506727578072,6.164808869168089,438.2366078194633,1
Hg,0.3281700804431536,100,2982.7850179249776,-887.9990010983939,3112.161417585768,-16.578690218833923,3152.7158771469717,1.97637828997041e-06,24.774148191792207,7.686219913152805,558.9901865649354,3
Hg,0.3661092367448468,10,2746.0609872243786,-825.0190470010848,2867.31710375227,-16.72222616765217,3023.5032277813334,3.916053685171875e-06,29.317001102724973,6.021214846740639,593.3345333410587,3
Pb,1.339473025230371,10,753.8383132253269,-238.1903828063016,790.5737542745892,-17.534979628918055,833.9458149280115,2.678689168629073e-06,22.46395495580936,7.723314310994096,545.4185458448472,1
Cu,1.019541694838367,10,950.1267352437396,-297.7026485074214,995.6744849363472,-17.397308143471435,1103.2075113640522,4.9255084173047794e-06,32.6897193866902,6.902535590742533,598.5717550369259,2
Pb,0.989691962365988,100,1017.4645349494674,-322.2516255438792,1067.2769978059157,-17.57404921737777,1178.4992011398508,2.397940729232404e-06,32.18603726046973,6.008050557707941,530.2102233955893,1
Cu,2.035423286769423,1000,570.7296461220268,-182.03903115226603,599.058042117314,-17.690520981849215,637.0902720141364,4.686909682124264e-06,27.147248117829054,6.803290354424084,443.492068720779,2
Cd,0.17907984923035,10,5618.871318238251,-1670.5480786965888,5861.948974032213,-16.55775363787064,6496.297949874063,4.731850194268319e-06,32.79094947917822,6.373601682090071,440.7638987433023,0
Cd,0.4155642380882627,1000,2349.316408675816,-709.23268802859,2454.037203027226,-16.798485615332222,2439.4237151393813,1.9674117882589845e-06,23.7071760504544,7.248800974944326,464.9128568510953,0
Cd,0.1298827979122299,10,7693.673543683686,-2335.0975244927304,8040.229663739113,-16.883504813337787,7770.709569198629,4.192884726352054e-06,20.263481835559503,7.358717579843293,401.4260040442012,0
Hg,0.0853603237197593,10000,11674.796282430889,-3467.075498868071,12178.730670768336,-16.539890678883012,13714.695663371183,2.732298020578261e-06,29.288118875447346,6.975055140809999,536.3396940165669,3
Cd,0.4572309485814364,10000,2167.693554095123,-643.9087624056336,2261.307992903289,-16.543940131801293,2200.449351917618,4.6700989089213925e-06,26.868641104470733,6.08103905087934,453.7335569255655,0
Cu,1.2654315080861207,10,769.5634880283354,-259.007914418764,811.98094918409,-18.60141694841894,807.5319697183402,2.8004970905409554e-06,28.50746819443806,7.312257608734404,563.0366464585505,2
Cd,0.6107867634354023,100,1613.3503196501783,-492.84207443987,1686.94770643714,-16.98672804019776,1837.7089295772437,3.977214869349465e-06,33.490091135276046,7.684077567211043,471.83453011186,0
Pb,1.5341974537058989,10,589.0498144356528,-174.49721667412746,614.3524741658443,-16.501136764951454,637.2868607717382,2.8678696366551915e-06,34.54888360348915,7.440648554652803,495.99129869266255,1
Pb,1.7008800486636244,10,581.54820249172,-140.37261888156843,598.2497671984676,-13.5703333575396,683.4719652962694,1.911203022851425e-06,29.516797096334045,7.659915837910637,593.1377833120739,1
Hg,0.1400676099101645,100,7111.378940850955,-2155.575931420464,7430.896179903044,-16.862919333536865,7535.188388163026,1.7974005157787454e-06,31.46083384778657,6.401019047101775,448.4344246094554,3
Pb,0.7512238733886046,10000,1184.688668633126,-335.88578620281885,1231.3839786844778,-15.829221689345458,1187.501438609247,2.7017247770253825e-06,21.257126502307464,7.777775879312966,544.2508194859479,1
Cu,1.2091356806688005,1000,929.6856459402612,-250.91596524263147,962.9507889196632,-15.103879098980704,985.5886926203208,4.02197862805686e-06,22.410733773372584,6.644386901295926,551.0235578610834,2
Cd,0.672787224589273,10,1540.7925088451525,-474.8108387550371,1612.2924325049105,-17.127212429847454,1718.9312499120088,3.4202859407230675e-06,30.998072074294647,6.026809628503982,444.1996315047271,0
Hg,0.3679140769191055,100,2699.210890823329,-815.3135396242034,2819.6587738649896,-16.807270006983973,2902.1582822567284,3.754517159602174e-06,26.47048184582003,7.686783292658141,500.1993673224391,3
Cd,0.1284275303430778,10,7787.433438394273,-2356.9562164657573,8136.299045865868,-16.839042659793197,8620.490635090639,2.12930540292777e-06,26.689479056066084,7.883642537929454,470.04038506259366,0
Cd,0.9425910216193208,100,1002.3227836031992,-304.7660579025659,1047.6322410939515,-16.912407811992658,1178.0496369176078,2.9257413838304223e-06,24.62911522453155,7.3111163948346976,554.3812486800178,0
Cu,1.1039425673029448,1000,990.6303695037576,-297.9209103379859,1034.458987973794,-16.738067157831207,1171.417450791535,1.177581059877308e-06,29.11034575216616,6.462873260926849,524.4966638058074,2
Pb,1.3119445029516057,1000,857.0917985869016,-243.93453961442307,891.1287285357994,-15.886737337602938,902.684636477274,4.270129663832483e-06,22.77747568124304,6.50348892856506,495.1966109721094,1
Pb,1.5635907791763746,10000,647.3882149428235,-172.4127950624381,669.953485510821,-14.91290193452829,707.2250741514301,4.959568648959499e-06,29.403744189708437,6.933185746871239,555.8726530095437,1
Cd,0.883872211371477,100,1182.561801634506,-369.7304617827847,1239.0129252978595,-17.361965025980922,1312.4411488386531,2.627516250498684e-06,22.606982857028594,7.795662159202839,447.0311140016834,0
Hg,0.3713391194595925,100,2701.720581895981,-849.8626758533142,2832.235984244412,-17.461672317510224,3214.567913757749,1.0438546125261734e-06,20.957390520645703,6.299195312295117,550.7243761168718,3
Pb,1.7025921246046878,10000,520.5034587813075,-156.57593321991706,543.5438100714533,-16.74214421389176,624.4602125061033,1.6791705582037894e-06,24.955365330485915,7.651947339166973,573.0748624185649,1
Hg,0.2027525866442627,10000,4911.528399301347,-1467.5877691910314,5126.102328028847,-16.636392707459567,5142.770276918659,3.610107511001676e-06,23.467105130147715,6.582605617410301,575.7243193615145,3
Pb,1.7222376706197684,100,587.2363512668936,-171.18255162636726,611.6780184300956,-16.251687423136975,672.6181526856121,3.4483172728154374e-06,33.33487457834499,7.617172338858196,556.7347186039208,1
Hg,0.0860516808731038,10000,11598.196108569004,-3485.9922975208824,12110.75122654248,-16.728850380588664,12475.091787551257,4.151458878342176e-06,20.8243018080294,7.840542395203077,481.6028333996537,3
Cu,2.7896333121210555,1000,347.5373886813793,-101.7661746111351,362.1306267446267,-16.32112816078377,348.10096899592907,2.0155360438442725e-06,22.649205388611843,6.854987743988641,596.3616045435654,2
Hg,0.2964165692691813,10,3369.0605936729307,-980.4092819348342,3508.8134239289184,-16.225194199612474,3375.295055419105,4.0545276621885365e-06,28.230794083745742,6.7301013082110615,475.918728764488,3
Cu,2.6345955399249874,1000,375.5209778957418,-105.02160998947234,389.9301776017792,-15.6246635551531,410.1114174048049,3.75193608609468e-06,27.216007862712104,7.604442637942603,527.7250798204851,2
Cu,1.9046365690366005,10000,527.6474724574585,-165.7616102372993,553.0721170147766,-17.44022563790853,579.1812089693526,2.291257990855373e-06,20.68778027562052,7.0589657647587885,432.21483561389374,2
Hg,0.3396099628384362,100,2891.524116175311,-877.4611911945132,3021.7296133962595,-16.88093225659356,2904.5762805626846,3.1819525922278486e-06,20.10878642022717,7.368898096926394,596.0897797272785,3
Cu,2.0528053218722264,100,451.28744639807337,-138.78328107297662,472.14527254000416,-17.094100242276742,513.2877903534534,1.5890952339933068e-06,34.82101912941725,7.245658473922359,540.7971843729326,2
Cd,0.7584305695797987,1000,1254.283040979806,-343.550113057329,1300.4816904021577,-15.31772509323634,1328.035733840855,2.810258013742331e-06,29.882520505382573,6.305777691289593,550.6755090492736,0
Cu,1.1632599640611792,100,908.543848074649,-276.2291686129186,949.60753865314,-16.911109791971107,1010.2813346706332,4.524789358222565e-06,25.481091963523355,7.689580720579123,413.15534068222894,2
Pb,0.5905281259858457,10000,1588.117096551027,-476.8310158557222,1658.15672662136,-16.71234675699358,1683.6960415054853,2.6847655193015637e-06,27.05648371494862,6.391550222826273,552.6835628441344,1
Hg,0.1611964553045659,1000,6261.289876404775,-1888.0332343401583,6539.7569075877645,-16.780192472054505,6470.585155142983,4.358266825901688e-06,23.998251806814302,7.864564288141562,554.9446858441203,3
Cd,0.2435902121018695,100,4174.572731851254,-1230.3921524065368,4352.116995465497,-16.42208354848251,4514.528009107412,3.361013461038778e-06,25.173106755398145,6.501142582844295,534.354545272446,0
Hg,0.4423026049664907,10,2245.7865402705884,-634.539216986283,2333.708894089857,-15.777455402779132,2350.1138195325616,1.7675068524094272e-06,29.73566700902321,7.467761946547483,458.3819227580688,3
Pb,0.8288209810370665,10,1076.3763088361693,-313.900631662223,1121.2134340890316,-16.25812180384964,1191.5057291358155,3.324424978791586e-06,33.24217698301056,6.5693107869871845,497.9380084321763,1
Pb,1.963797883728697,10000,491.1518451790131,-145.6900954779954,512.3043421084158,-16.521906878930224,510.6828450839003,3.0239333166282538e-06,22.761950346217773,6.635570817173727,422.0868742617433,1
Pb,1.0053436876566604,100,991.4755074987352,-296.70699558613586,1034.9196699259446,-16.66023405448357,1092.2899222405597,2.5945653407855364e-06,32.60542258077978,6.620003705564611,494.3174132918305,1
Cu,1.3642358313773986,10000,682.4811835665461,-252.43049084567872,727.6686874058714,-20.298008696276632,703.962758585676,1.4785217580642814e-06,21.823349442774035,7.495784508052166,448.76477052008096,2
Cu,2.5793970142849583,1000,361.9265880727977,-93.67495913614296,373.8527158162351,-14.511036091043875,410.4953055302631,2.6668346553889195e-06,23.224883353825867,7.113630235938786,469.8193972988164,2
Hg,0.3464184989753942,10,2963.1916287166623,-886.2741602950817,3092.8929040145017,-16.65163202124908,3410.0039957388326,1.2910495049585084e-06,20.557629320744688,7.765904911694994,432.5200816807397,3
Hg,0.2741880724039126,1000,3680.378019359919,-1095.546564794761,3839.974562548721,-16.57681022405205,3761.636521999425,1.395076205595005e-06,22.112177931394992,6.6147454384080895,446.0108735493794,3
Cd,0.5998271958438681,100,1620.91861077905,-500.50482711538905,1696.432204579862,-17.159563731130195,1772.5725379467804,2.663666131730865e-06,33.759547181960755,7.383985044113489,415.3137283640232,0
Cd,0.7472816004450374,10000,1258.3036652096891,-385.18023714244856,1315.9376615042409,-17.019911010405526,1276.1392893484233,2.221525927873855e-06,26.89158119927568,7.505897199326221,583.9802732873843,0
Hg,0.1528046335990844,10000,6527.95329850574,-1966.6064882817852,6817.750020881082,-16.76541506262705,7308.934712202569,4.702177303448894e-06,21.164987926675305,6.302964226059917,506.0821375950807,3
Cu,2.992667832113484,10000,323.47717570142294,-76.6106930289661,332.4254525245438,-13.324141777986684,340.58292680894283,2.5028232215210822e-06,34.39590257058442,6.801178714639622,479.3483942525479,2
Pb,1.9621897432201747,1000,534.4446689854361,-167.9085974276927,560.200322471424,-17.441360735203766,590.8418846221929,4.031432488288401e-06,33.18488461637975,6.965634988700822,507.0058425537568,1
Hg,0.3426465588561216,10,2891.693358412154,-825.8548010814502,3007.312193895779,-15.939106928373224,3190.9610712269146,3.120990105464972e-06,31.32023781302212,6.711374779788748,525.6586456963105,3
Cd,0.2795882058362306,1000,3602.2637629357346,-1072.0618805004196,3758.406696112332,-16.5734170230024,4268.21739601695,3.816342674569342e-06,34.00209187921337,6.644225191938276,584.3757586738698,0
Cu,2.360456484862582,1000,520.4045713322787,-181.63502459959824,551.191618246168,-19.240344549963503,577.5536551456031,2.040463932061597e-06,23.301941312536464,7.372839787995284,435.73859045726266,2
Hg,0.0824892840406291,100,12163.561806156498,-3651.639467711988,12699.87033848539,-16.71035386546426,13581.8294143463,4.767619891353317e-06,32.545539395151295,6.431732795318977,459.11049972704353,3
Hg,0.0637936259926127,100,15673.142848209029,-4714.976356905836,16366.991439679648,-16.742946273769164,16932.17621131599,3.1203539876576964e-06,30.349867945314596,7.4187814905022575,595.1578672688229,3
Cu,1.5153657770224274,100,650.749157172909,-239.1123965482732,693.2886871601974,-20.175438679082998,774.2717075451524,4.325296285141e-06,33.04638874351532,7.870088392781461,474.2385973297049,2
Hg,0.2581803305326923,10,3855.428097727307,-1124.6390105159162,4016.109898984267,-16.262110464611553,4454.704976209551,2.460182773904454e-06,31.953673486139447,7.130395042355502,404.5123301514655,3
Cu,2.7365450108167613,10,424.4563291799004,-113.27404790957004,439.31103481553424,-14.942216113634426,448.684745549994,1.4008453962020982e-06,25.197425947652377,7.222868473478949,429.5286985274317,2
Pb,1.590753604649462,100,597.2671952170489,-168.5160122071284,620.5850053398273,-15.756152771449216,698.1109335114322,3.694846590883396e-06,31.61597805525884,6.137865404248178,405.2677403497104,1
Cu,2.485413042399962,100,404.60874646695146,-118.07455073409136,421.48527524531073,-16.268513184854804,439.5990163212238,1.0310385933496978e-06,23.936844544773358,7.728953807235657,597.9846284841457,2
Cu,1.8509866688961507,10,542.8123003673766,-190.4840414840617,575.2646030221439,-19.33702511440793,632.7744440514432,2.9011719062620337e-06,24.92888244542082,6.570895574399732,455.7741697982446,2
Cu,1.6918699850939258,10000,565.9727565922981,-179.46416976879817,593.7445152887635,-17.593288611768035,659.1192022680949,1.771207610665837e-06,21.618585758344643,7.23010233105713,584.7085513872452,2
Hg,0.2169674433430712,10,4540.363142834703,-1345.2733273547306,4735.468064943938,-16.504135680529625,4711.870989786376,3.5095020177414486e-06,34.02614923970703,7.958224339489605,599.1772551519432,3
Hg,0.494442303681226,10,2038.629391893241,-632.6132181636224,2134.527882527268,-17.23979640610632,2324.502775554009,4.917679492551409e-06,24.365050451004223,7.191005201145615,519.9682442286229,3
Cu,1.080218382824965,10,922.688537110673,-327.4419474582182,979.067089361431,-19.53865901084824,976.3231243448622,2.8576116252825843e-06,27.80933697757178,7.449418974928755,406.6392630131123,2
Hg,0.4401641732551019,100,2296.891610137868,-693.6096031969789,2399.334355684676,-16.80313512416831,2433.553293694603,4.269993026102667e-06,25.86999254699289,6.890639236447504,416.3183260773854,3
Cd,0.6208078677151541,10000,1584.1243124009486,-478.07244480083534,1654.6912399652167,-16.793274749562684,1678.0147511049072,3.031136747804485e-06,34.39892180875252,6.120731687030115,496.3178110215756,0
Cd,0.4947538772706314,10,2082.248064907219,-621.9631511438715,2173.1532769666,-16.630775605488626,2384.410680795184,2.9833601244160963e-06,25.02573756407724,7.595198698979577,481.2344025822972,0
Hg,0.3763659471868114,100,2613.149828297606,-769.374575618991,2724.057499896195,-16.40570532298336,2733.2638046273023,4.721693972715112e-06,31.67818732134033,6.069997682527971,521.2354611563535,3
Hg,0.2690010236411163,1000,3803.059986904133,-1128.1658798266158,3966.86570435605,-16.522825445771883,3803.74897605996,4.559863474986727e-06,32.8312423194677,7.401315657775708,487.7695619422728,3
Cu,2.746846476163321,1000,276.67201176444905,-77.82620742445629,287.4096739079287,-15.710979880330752,316.249215592672,4.143201860751898e-06,26.53409746221449,6.045843146299274,586.8153698542969,2
Pb,1.851052796016888,10,561.9716084919457,-144.68085478584953,580.29702609318,-14.437399318568426,581.2118016604072,2.1850230132671366e-06,25.672577216793968,7.724610473153341,506.9479430827022,1
Hg,0.2397744170930549,1000,4194.358255277262,-1288.686872199445,4387.864517984996,-17.079204765552937,4282.005574735374,3.1800336628957623e-06,31.21618731398942,6.315272071665961,538.7452122924884,3
Cd,0.3491450175115464,10000,2824.361543829008,-837.2168268591546,2945.8360690025315,-16.51124192760097,2958.5278232380715,1.89558893322274e-06,33.69343970459352,7.028542990885102,579.2970545284993,0
Cu,2.1847006571867245,1000,478.9483091449995,-131.153725476761,496.58109361844174,-15.314278079396736,515.3388517069517,2.7756667921861594e-06,31.323975996083576,7.194301408966295,429.3743751666415,2
Hg,0.4605635055275109,1000,2235.2291656663588,-695.3599954215124,2340.891912557718,-17.280455227702966,2447.981106325012,2.9368522630391625e-06,23.406895483877985,6.915090814746824,445.9469308237057,3
Cd,0.2895959701050999,10000,3342.2457830895573,-1032.731147100515,3498.1624457379726,-17.17079222601819,3372.0385892143413,4.3265601606773245e-06,33.32461621156558,6.681526978697774,421.463732094803,0
Cd,0.6606699252071345,10,1538.7523783520685,-476.5445560351325,1610.8549269784878,-17.207513418172,1837.4467831411573,4.584113461299973e-06,25.813725011552496,6.935628592361944,427.9276798459825,0
Pb,1.4473403301387808,10,566.2589595014726,-183.10851670074763,595.1285055381219,-17.919409082644883,647.3543834148339,2.658480249585912e-06,28.64344117666901,6.622831507762317,502.5167933868466,1
Cu,2.466226044830562,10000,357.19459592734376,-92.08998950815452,368.8747016634652,-14.456869370812752,380.2832306412721,1.0708177802929488e-06,32.47153428939067,6.876244694161726,464.2358517934928,2
Cu,1.2631353702545196,10000,873.139102069905,-274.2325062947934,915.1914330194332,-17.436280243971176,928.7925094815675,4.447095359157419e-06,22.825921511007383,6.717825981996061,484.634567905351,2
Pb,1.573737447023133,10000,606.3409072506214,-199.0292425408105,638.1707727496422,-18.17223783541312,660.734846515537,1.6971147140054429e-06,31.76765203516329,7.13240964701429,596.4979663588124,1
Pb,1.8635487809984612,1000,477.9165859490814,-155.6076505186156,502.6111857342108,-18.035033671823196,537.7751434817206,3.4875278555615744e-06,28.94244196866016,6.475848324489967,431.3408695591896,1
Cu,1.359366217740484,10000,725.7400500506176,-195.34936833210105,751.5716838434134,-15.06538288314279,746.9858093850855,1.0998836017365248e-06,33.40012462741412,7.977313109828024,508.1624141596151,2
Cu,1.4750866498477553,100,781.3215933768927,-234.1356105255288,815.6487702394754,-16.681692252192075,810.844582002339,2.598025901042257e-06,22.579556027653144,7.001739906764331,419.7742310107302,2
Hg,0.4871277923187378,1000,1961.2652954716364,-591.964609148629,2048.654108849499,-16.795279908721625,2298.3811396795536,4.9438412084614e-06,26.310233555613927,6.38832415482902,463.6992626527757,3
Hg,0.1314396287192704,10,7555.490079010429,-2268.847133677149,7888.795703402392,-16.71454957707942,7942.716386038721,1.4027744044152124e-06,32.49264639300256,6.954133499134545,505.5051847349197,3
Pb,1.7815776400543686,10,636.1718483279249,-165.010347811847,657.2237332065504,-14.54094503461666,684.5457192453049,2.694772607998569e-06,20.2884755518514,7.732830259049648,589.3263491930676,1
Hg,0.2715250354016156,10,3775.786763873623,-1147.7194636941515,3946.368666709389,-16.907608893677427,4433.734108384248,2.228599800759809e-06,21.68302050148464,6.043613586248791,478.2456442566966,3
Cd,0.3225079669628593,1000,3095.527033667522,-902.3479442814546,3224.3634144921407,-16.251434627954584,3506.08544031254,4.620352493553058e-06,34.85847819135102,7.359108238214578,412.981339242934,0
Hg,0.4418374555726301,100,2201.323117953452,-656.1870094076055,2297.042633681753,-16.59866345138986,2351.766769888288,4.4773604316294215e-06,24.205912678855256,7.095935593587856,477.6322895920634,3
Hg,0.2503873647511995,10000,4098.603927507208,-1232.789565891669,4279.991152835351,-16.74038320114919,4659.046656175573,1.9507950412249158e-06,34.6331479058593,6.339115988740272,429.1482351747956,3
Cd,0.5633356185367212,10000,1854.8628475917103,-506.4408443188274,1922.7580482656665,-15.271481303331058,1862.1647805781363,1.3247511482017247e-06,22.73797326513011,7.634952878609841,445.997922658289,0
Pb,1.0388500540996486,10,996.550177441753,-320.07784302849785,1046.691015418096,-17.806284794395733,1143.171142115363,3.5085535762444706e-06,25.416416645110036,6.737769244748011,523.618124632998,1
Cd,0.6336557662914347,10,1537.5238105294334,-468.3308583501701,1607.268882554489,-16.940773467369734,1687.2835622101304,2.3454748475348392e-06,31.29304166755356,6.587604057631015,413.48477324073633,0
Hg,0.1235857426632602,1000,8089.096784804154,-2451.377660224526,8452.380683983463,-16.85928241003171,9404.678603415929,3.688337562424253e-06,29.86667610857268,7.656250383713802,492.9447512500074,3
Pb,1.0866223049776411,100,912.2649640215424,-254.6302497957393,947.1345884784624,-15.59541423646666,1086.4414606738003,1.128479024271258e-06,28.716835998935835,7.2770500923833294,521.8923172021529,1
Hg,0.4862355450508794,10000,2073.158973015941,-588.1639132317488,2154.9767785812905,-15.838862198245758,2457.0203407159565,1.5335969407099575e-06,27.948487637075115,7.796518167349649,484.3716784734994,3
Cd,0.3323200894310147,1000,3081.697071451976,-891.1106658074999,3207.94873071743,-16.127876715155438,3642.112955769971,3.745488931090574e-06,32.651606654971104,7.259767407342399,403.82527012474605,0
Cd,0.691062998087163,10000,1491.016928562143,-422.8261035057228,1549.810761049464,-15.83240110853036,1643.7477434818134,1.8494826212099911e-06,23.52422844250089,7.481635315864231,597.1038713805731,0
Hg,0.1963355289011127,10,5039.452846068056,-1515.7882631763362,5262.48031317235,-16.74046165890227,5402.436686485344,4.430350703049607e-06,26.63706390490277,7.672891792519225,473.4231534681071,3
Cu,2.546946251373201,10000,461.4518751766444,-145.74038210279025,483.9195099182391,-17.527683883779925,504.37015970071417,1.2343635508405418e-06,22.33178438234686,6.109479271819874,555.7154373866533,2
Cu,1.2617473214366997,100,808.2083192256865,-275.88589121758724,853.9986605601507,-18.84759173324146,919.7242570813684,1.861927931142299e-06,28.939123935960566,7.55209791773876,465.12929843749066,2
Cd,0.9728389405706902,100,1062.27266914404,-277.96433003957617,1098.0379740176354,-14.663776737803834,1250.0820047349105,4.994240993940275e-06,23.7581663640698,7.2274129636991535,495.0033513986838,0
Cd,0.5084105872452753,10,2040.2412361130284,-602.6928092709392,2127.3981582869988,-16.457283756099155,2124.7016342513143,2.73230441034717e-06,25.00763096515079,6.139015593030386,477.6927285221993,0
Cu,1.472100926692928,100,623.7222377765712,-196.955809430361,654.080286176997,-17.524807589311983,738.2617360779454,3.811862654178574e-06,27.06876074935292,7.01715584373743,468.5078459019216,2
Cu,1.146993494660025,100,870.0532473463234,-234.45483642415763,901.0891873397222,-15.081365393706475,1011.9032889459096,1.7306521954280548e-06,20.40155878554692,6.164916155967908,404.37027544155575,2
Hg,0.1263910572893933,1000,7885.379442515827,-2385.069123089948,8238.189344411081,-16.82884742679471,9429.109662369709,3.439474939942151e-06,21.379069038812563,7.471894403446445,472.0041875709007,3
Hg,0.2838982768502079,10000,3443.99543874531,-1025.0661909391397,3593.3084028378325,-16.57504007601603,4050.31205717123,3.904424273477675e-06,30.28893831062329,7.093003427795766,577.8979980799061,3
Cu,1.6740063528625726,10,614.7047969656368,-187.8640217755077,642.7712486493411,-16.994024865752127,649.1205608479099,2.2579065434660423e-06,26.43454971076261,7.907147074824595,538.0786677187367,2
Hg,0.4229975146471743,10,2489.657911676425,-734.1238307053214,2595.637554818175,-16.429173011687688,2542.416706269744,4.315588447903511e-06,32.97185332999843,6.36627074314354,429.084571819088,3
Hg,0.2438993856478126,10,4008.047440677548,-1203.6857029869868,4184.88990993755,-16.715917924545934,4098.020948944506,3.4136703138891333e-06,30.42008005466299,7.212066905040757,518.2310009245479,3
Pb,0.8730714088814449,10,1143.7676528096845,-372.1488536651297,1202.7880997490972,-18.02338679800096,1210.3860151164288,2.556492038460121e-06,20.12151412470984,6.423164269140983,578.4461719897743,1
Hg,0.3277152439718135,10,3083.456759487924,-923.5255003929764,3218.789358983882,-16.673473138470232,3462.2185505454427,3.230569573372635e-06,29.250684961507023,7.2281299694547965,540.0068081929711,3
Cd,0.7360994951969012,100,1364.66591358922,-388.4224912392588,1418.867536950794,-15.887851188262228,1584.1916201155757,3.307043389743697e-06,21.405872990895745,7.445299404721712,429.73687847133937,0
Hg,0.1251688585554274,1000,7983.551228896862,-2395.649696786138,8335.24011016672,-16.703091463131766,9419.393407574573,1.6621411707754642e-06,31.71399769685741,7.444608658659077,573.5664993468994,3
Hg,0.1254286473297429,10,7907.699505358675,-2356.807549175821,8251.439467808146,-16.596140093784825,8894.190371167151,2.6109294794678647e-06,34.87261532417753,7.630147981365219,460.3088026577731,3
Cu,1.073342853867086,1000,943.308091820463,-303.90301725962,991.053580788377,-17.85724299951823,944.3705043970252,2.3737223520779724e-06,27.967981913622676,7.707100455916633,490.8152288624684,2
Cd,0.7627618135590765,1000,1273.1870546735784,-382.4813322674706,1329.3973242494062,-16.720925889013223,1320.6302762599598,2.6036108903165043e-06,30.24169250291196,6.154543452534354,505.22855193782925,0
Hg,0.3487120374298122,100,2758.1995852834584,-839.9500846868091,2883.2587634520805,-16.93698120111281,2813.2125401055087,4.044442353941032e-06,23.559712413421277,6.686534314144808,570.1013208756391,3
Hg,0.2635838940874163,10,3853.5881222303015,-1141.136819866996,4018.9967227469374,-16.49524332289747,4133.60869894396,2.93015362986669e-06,26.563966156306904,7.374245040719611,586.3214990295322,3
Pb,1.7662556734537955,100,614.0887391810874,-183.59679050908628,640.9467692985548,-16.64531656028047,675.6635390946338,4.761264612957058e-06,32.84142998354575,6.997172574782424,585.9305755581112,1
Hg,0.4125515688275239,10,2426.522443478747,-714.1552595168918,2529.4325259634243,-16.399801542061326,2447.583289039653,2.174705653433745e-06,22.51134421619377,6.381351893509583,401.59083625570815,3
Hg,0.3134094639785384,100,3202.167847843942,-938.8961458300251,3336.975411719418,-16.341475415958296,3425.34484179886,2.6628143131397163e-06,23.98303408420643,7.105419140333396,584.3776971170914,3
Pb,1.802406920769888,1000,608.5295714426211,-168.72649993035856,631.4878233971652,-15.49705477939366,630.3367975648163,4.1478272419161664e-06,26.681505129290453,6.814871305532288,410.8773932003145,1
Cu,1.4116824200735365,10,719.5916043404659,-210.41511261626687,749.724347113392,-16.29939865025578,812.7168561522809,3.184098373283001e-06,30.68373337766021,6.78007655530861,453.1547313634871,2
Hg,0.1003638287289775,10000,10008.949896325226,-3022.649214067796,10455.40464537138,-16.804034676567383,10938.32567288833,3.188112585697791e-06,25.63825932193511,7.619507434871328,502.99757094556657,3
Pb,0.9046244172754844,1000,1090.557029004891,-327.22283091480534,1138.5909777369018,-16.70193001132627,1198.5914572956783,1.213360652020734e-06,33.91598419674506,6.815196667664362,495.9851378008788,1
Cd,0.1513781704803833,10000,6671.571480203221,-2012.1332521012828,6968.396245885611,-16.78321102575967,7242.246747275452,2.5943986508738234e-06,21.41685576903079,6.052909010960848,520.9419587774784,0
Cu,2.062339056002064,1000,500.92560849941714,-157.15896168390967,525.0003852265977,-17.418577832112405,596.7045595420011,2.08293492968693e-06,25.562062963172718,6.116126677782183,495.8892457474012,2
Cd,0.9429451230654652,100,1070.20969938477,-328.55359283043606,1119.507152285785,-17.066447811142112,1116.17202212551,4.997340491324462e-06,30.63431185142633,7.71248808338324,586.8751359280841,0
Cd,0.1354091866016586,10,7321.520259689753,-2216.054589402571,7649.546186294956,-16.839848091612406,8078.073828870661,2.233420282529241e-06,23.389801484922387,7.921201620025043,448.1097696429174,0
Pb,0.6831648710150402,1000,1478.123291760007,-482.583759310682,1554.906926601676,-18.08103739625164,1695.7081748241487,4.537986139175455e-06,29.84619701344509,7.376818672911416,454.8049388076972,1
Hg,0.2534895627275458,100,3903.3378532087554,-1184.364216929182,4079.064230265885,-16.879027390841603,4338.048228435946,3.7049349401619103e-06,22.463254373410187,6.72873658820016,584.1475871386112,3
Pb,1.9008125262918572,10,494.1766728239231,-144.38541280869376,514.8375776837387,-16.286972828875456,585.9967628814156,2.363665636768362e-06,20.839704272925296,7.877200631589455,415.3479027490512,1
Pb,0.9742341574651258,10,985.6784975442282,-322.66709017181824,1037.1480856661672,-18.126134023723267,1060.1895537257808,3.174137513496495e-06,21.81523575122973,7.325606172751471,521.9121643809619,1
Pb,1.2608522130325888,1000,739.8026165823142,-221.62714024526176,772.2865406022116,-16.67695634570561,808.4083314536962,4.362143519796775e-06,33.94977174701202,7.688667098398676,536.3471904131221,1
Pb,0.5623592885755881,10,1884.4611767924516,-527.3329845515161,1956.853086829464,-15.633332701608488,1917.8245500528396,4.533473192123648e-06,28.276263244093272,7.531704608074019,501.1083446859479,1
Cu,1.2966864019241775,1000,837.7634417153885,-230.86790140957172,868.9922739449833,-15.406954396742512,939.8028799706836,1.641575500024581e-06,31.945186632194734,6.758278631545185,538.8463757646275,2
Hg,0.4939835553314811,10,2120.377261566426,-603.2423482875172,2204.5183288272688,-15.880928112626725,2242.6008824481587,2.3582925648326788e-06,24.98981751357577,6.957404401701571,434.5509292023934,3
Cd,0.9686068267924408,10000,971.2658952609212,-283.55721103962185,1011.8113120683952,-16.274954436813484,1002.4064358176228,2.3408927208542867e-06,28.889879718281698,6.372264308736199,570.526446554308,0
Cd,0.1044459828409686,100,9577.889749194204,-2850.016728298532,9992.925867797723,-16.571008925975697,10620.981886879314,1.1681791843037788e-06,27.424282005574877,6.584028200881468,428.0051378939771,0
Hg,0.4783153034404575,10000,2025.995757227597,-622.2780217776349,2119.4076400475,-17.074170090319452,2241.687424254878,3.3929510394075867e-06,34.18606939103441,7.556251322573043,480.16248886315,3
Cd,0.6752079440339503,1000,1446.2404852356722,-446.75895091114137,1513.6727193663548,-17.16647074946759,1468.186213079571,4.419280211968752e-06,31.213619540811656,7.787956783766217,415.05152026164114,0
Hg,0.44056323253401,10000,2223.9153839053724,-721.9574192943611,2338.1664076889724,-17.985166409512036,2534.4698015667373,2.5262975513020714e-06,30.95813947244869,7.448920846502824,509.04221576348,3
Cd,0.5092658700704732,1000,2025.59007387545,-583.9541126817891,2108.0838581756484,-16.08165763721009,2278.2914254238326,3.960143779936708e-06,20.695299041514197,6.930347393313276,533.9491614851279,0
Pb,1.2733940428688753,10,765.491388838893,-198.84093705527016,790.8949264191264,-14.561117373341215,794.4296092957271,3.5108016544029604e-06,28.24504503505537,6.173018537879495,588.2443270190581,1
Cd,0.5399619222312282,10,1905.40140994256,-582.6839678897132,1992.5047401315749,-17.003968030559047,2084.293779587461,2.5025949419720035e-06,27.004871808527223,6.113895897396897,547.8672391792002,0
Hg,0.350088915895747,1000,2886.623241925889,-871.0660067057114,3015.186516430611,-16.79168776392906,3302.483416405659,1.5642391979691882e-06,33.917633999092914,6.748651129225708,508.22058329083023,3
Hg,0.1128430646403408,10000,8977.046893039153,-2708.191310185565,9376.655645398763,-16.787487891762357,9927.600786977142,3.83729541110387e-06,23.860129822842985,6.927643437535326,586.5234034340667,3
Hg,0.063488115442705,10,15677.007212739303,-4695.449092792241,16365.078592273354,-16.673580074431662,16917.02423271719,4.4182606757649625e-06,24.04750179936641,7.2182412444265935,495.6873676081753,3
Hg,0.1885684737160359,100,5366.075063150414,-1587.3238680390596,5595.923395241504,-16.47859868378255,5712.013535510916,3.743417969605968e-06,26.170193733222504,6.012979042773995,512.2411306197739,3
Hg,0.367106343231491,10,2781.328366040639,-869.2539492898126,2913.9989547181085,-17.35569182086767,3120.8695211915056,1.0715139361392723e-06,23.65054570109564,7.979445780932613,519.2197055340191,3
Cu,1.4037069042458967,100,663.7304891873075,-190.9303761433472,690.6464875832372,-16.048543019295842,788.3935043332098,1.8649315775639647e-06,21.937758767131243,6.727877766808086,481.9959451773134,2
Cu,2.346864866649834,10000,476.4570419285556,-148.47054801294956,499.0539213657928,-17.307750314303437,540.4685538534898,1.2779199395341276e-06,32.86122269976201,7.696189327602243,567.6965381131648,2
Cd,0.9729208414965432,100,1044.6400967742306,-311.1241411929354,1089.9867719479514,-16.5850589816981,1060.256610375854,3.2815443983049075e-06,28.37414786605874,7.069933411330808,437.0351877690118,0
Hg,0.0922553221052382,100,10828.109234487349,-3239.252890312718,11302.243533095076,-16.654670217236916,11825.778677597636,4.02591071536165e-06,32.9204407843485,6.260878909066693,510.9684380743216,3
Cd,0.7053419064026136,100,1376.5553695729234,-416.7306596473334,1438.2521087035295,-16.84286924048024,1621.8091178881414,1.4423167482746376e-06,32.46702148105544,7.5951311050690435,544.4466512374388,0
Hg,0.249687598687057,100,3969.0492023026354,-1192.7864977589063,4144.404806426991,-16.726677774989763,4044.034405457311,4.353351282373541e-06,24.230635321845067,7.419654149839753,580.7952343753154,3
Hg,0.4406640144698774,10,2371.793218943095,-715.8154690340212,2477.4573375000514,-16.793997405508133,2840.874960628165,3.2220359135819328e-06,28.21606166486411,7.054872169858456,576.7836792868557,3
Cu,1.3542995788947718,100,738.4232061029327,-202.12063779511416,765.5857780379922,-15.308006070141955,878.5861789968963,3.7598760485669e-06,21.248265541101052,7.02910618266756,501.7480578860284,2
Cu,2.3852519044523293,10,458.34943124597794,-129.12963017124343,476.1918337305603,-15.733986857481163,465.52484399070056,4.885607394434585e-06,33.728778260461375,6.174959211501856,528.6322902326683,2
Pb,1.7571729344721654,100,529.5509806561331,-154.45362344209272,551.6159559949875,-16.260329758310522,628.4089684964449,1.3347239529907892e-06,26.063940725977297,7.311697897147749,478.8475472258602,1
Cu,2.8892284389480465,1000,307.12051789232265,-117.55518978954244,328.8498671991579,-20.945130171879743,329.42561172913594,4.604896091911158e-06,25.90514275833532,7.822490311508599,493.63555257604,2
Pb,1.5248720424344686,10000,709.891970719059,-220.5391860799808,743.3600357082763,-17.258234740368515,829.8224217790467,1.5044107839496372e-06,24.541330559269294,6.186489838442717,581.2531585146099,1
Pb,1.245762146012641,100,735.2426424708553,-202.5994095344731,762.6455690891039,-15.405783183841676,796.7652966280718,2.571835226546729e-06,26.90995617066056,6.52702290129781,586.1407986384947,1
Pb,1.4267708603018208,1000,680.1227034820129,-203.28287958212545,709.8526755058988,-16.64095704621794,740.0898177010334,4.405754785324458e-06,23.776390798181723,7.804615946884198,579.0828116134039,1
Pb,1.8033574767180771,100,556.2225971602718,-153.67614975629874,577.0614669128743,-15.444695519716896,626.7786650191692,4.625016946951473e-06,25.62278409195207,6.568687819639587,427.6741723627276,1
Pb,1.3559146199582446,100,743.0781939543607,-187.59322217975557,766.3918184181363,-14.168511478638264,858.177650349167,3.025486694180582e-06,31.999205728773227,7.307887344359853,570.0168042661272,1
Cd,0.1273483537271531,100,7843.522189454921,-2332.2845354523,8182.93293940392,-16.559934433247538,7896.527380500008,3.376418553101701e-06,32.513832553777576,7.069636329886288,589.6727462042961,0
Cu,2.861897391013956,1000,369.20952626017976,-108.89969112405907,384.9348217662074,-16.43361524731683,413.00929508157145,3.832589338394229e-06,24.56273716442774,7.192655210007724,472.2499389147209,2
Pb,1.5342901265473416,10000,686.4100009778316,-216.142783697264,719.6362917382565,-17.47862810042212,712.0450799100255,4.3310346738108574e-06,27.03521645829182,6.831577803154506,503.7292578843338,1
Hg,0.3544310235997609,1000,2858.155323345915,-908.5175889248924,2999.075867956076,-17.63382208148148,3055.9108145638484,1.4860446781506646e-06,33.10729664420079,6.599982941107422,555.8190511625992,3
Cu,1.4313503047954343,10000,649.3508037730674,-198.17293958137725,678.9175062870694,-16.971468732867706,694.5415503842137,4.240277232916911e-06,20.790099977445458,6.097066901459338,512.4156275131297,2
Cu,2.3177709404653144,100,417.2412647375886,-131.69262933761357,437.5308236246637,-17.517105650173168,456.38353065601217,2.925104602046467e-06,33.33717442993678,7.488561878588328,598.6967043412499,2
Pb,1.0907966084812375,10,976.499335991524,-285.1424769095497,1017.2793054663014,-16.278056920233873,1041.756132857059,2.802493700432676e-06,23.287765184784973,7.492186924388454,491.1426730313657,1
Cd,0.6861096793373429,100,1502.225279411272,-453.7456883628754,1569.2564926773998,-16.806890524875065,1534.481396643764,2.695599007987993e-06,30.17808866321564,7.341451480157446,542.7885422414755,0
Pb,0.6598895454619861,10000,1446.762153748874,-440.4363473133981,1512.317726390473,-16.931769304058488,1488.9001832282368,3.0368463409841704e-06,28.73827544576901,7.287267576239241,558.5182280393088,1
Cd,0.6920607741427324,1000,1462.5337982064518,-474.34811807208,1537.5341453166866,-17.969594602658887,1472.314635011861,4.780202213578415e-06,28.29411122283878,6.487434264335052,498.8200831516879,0
Hg,0.4997361765968,100,1902.1445882603248,-589.4427330610987,1991.380619119956,-17.217332804209853,2081.0409388188164,3.192815091168607e-06,32.89040337129232,6.044689867532583,571.3967611422752,3
Cu,1.096424077721112,1000,914.4026004235922,-264.78775931106645,951.9688404261994,-16.1496731793649,1088.952491251967,4.812710153052557e-06,21.52358215466992,7.617430793770879,509.23091824143927,2
Hg,0.4897283828995928,1000,2136.836571357379,-606.7328187845598,2221.304852126474,-15.851351387722064,2186.2723810156267,1.7211605224625624e-06,25.20542037988454,6.982277071391653,482.3301593603263,3
Cd,0.4662171646505836,1000,2097.5285369019107,-631.2090687454856,2190.445354621844,-16.748112246503446,2494.491892408107,3.896543915330533e-06,28.073791195171484,6.613676261405237,421.5647347703894,0
Cd,0.8836781053035332,100,1089.9176338273314,-320.41906867671696,1136.0408567034126,-16.382527317707325,1249.7783632026976,4.2489581544349895e-06,32.16933280919059,6.20386381356114,478.6827152700848,0
Hg,0.402073467826223,1000,2525.309144817325,-738.5431803061414,2631.089566334585,-16.30190426584193,2847.285456189273,3.716515325339448e-06,23.246646251175072,6.125443181802777,546.7872909466569,3
Cd,0.610314634888001,1000,1561.35905704093,-484.625595836284,1634.8406873892682,-17.243664808296344,1762.8611105572272,3.427689120906161e-06,32.04394762061415,6.697733443590355,584.2572823360215,0
Hg,0.3823021441630969,100,2584.0943736527684,-767.8920312301216,2695.7748243446845,-16.549895270865335,3011.362826605572,3.2592511243447293e-06,25.99457723740904,7.609474129533881,450.33588077206207,3
Cu,2.757031122602696,1000,392.5310563538483,-132.56911903279766,414.3129270532119,-18.661316690251763,400.9249298158926,4.443721930314785e-06,22.83370784650543,7.837447498667661,471.0471034661005,2
Hg,0.2318631447429648,100,4281.174679722607,-1267.055915146962,4464.738215215632,-16.486639794167385,4713.362965628468,4.2865863886580005e-06,31.38479660665224,7.793502729226129,430.7921988208852,3
Cu,1.6540663231264774,10000,592.7721795889046,-174.8035929176367,618.0090233900273,-16.43035044220043,675.4154262686926,1.489154884722398e-06,21.363483522118216,7.84000166949931,538.1445788457938,2
Hg,0.3504170235036131,10000,2890.951920509879,-861.3165398733349,3016.532643377017,-16.59065023345037,3230.2458590458555,4.394350628123513e-06,27.721510611131645,7.815450686258686,592.0376860019851,3
Cd,0.8270613477471327,10000,1230.1774546359711,-384.7052083391632,1288.9277199354185,-17.365682112725615,1435.0706622090802,2.65627447776177e-06,20.95813675792833,7.054449503200791,528.1904439696351,0
Hg,0.3930283106494771,1000,2557.686894148033,-753.1654210521941,2666.274629509372,-16.4081888362687,2594.656574739236,2.0147873199832435e-06,25.34626782736681,6.438831277113808,523.4153060012452,3
Cd,0.8180322839727711,10,1205.4895273545928,-319.9525997817575,1247.2267903908676,-14.864335595405898,1372.016101284428,4.479074272055704e-06,29.016151985095888,7.596093165673641,510.6979861000868,0
Hg,0.2460124916658198,10,4083.337297426213,-1245.159423136428,4268.965386786059,-16.958387967216066,4519.460367294169,2.7280991985349666e-06,28.3417331223082,6.427425949705159,417.6911481371073,3
Hg,0.4180253972787597,1000,2386.0125158786045,-722.5989349165318,2493.031276713522,-16.848827539102736,2566.949029276103,4.233458760707267e-06,26.06983126857,6.534414553513138,545.9007652858768,3
Pb,0.6803135830559126,10,1492.8006643344045,-443.2080498169595,1557.204931555186,-16.535996648490954,1594.3932082414724,2.0536144478233784e-06,26.43571990958173,6.466508643645097,520.4099087098701,1
Cd,0.5900401881647646,100,1669.9532107880177,-485.2578389964889,1739.028147135276,-16.202897538131186,1877.3055004806656,1.0157172856888711e-06,23.401543300261498,7.029964807391612,532.2953537712574,0
Pb,0.5086379907471823,10,1956.9063701332552,-598.2628367457659,2046.3139943076196,-16.99937126207238,2305.625275013381,2.9818367716117777e-06,26.838238826361543,6.64365501633816,579.7622186054843,1
Cd,0.3921272469102432,1000,2500.6947018831265,-806.8690163677927,2627.643735669025,-17.882708085466458,2748.851603803729,1.400913026571537e-06,34.29882283581252,6.308312099250683,556.7921574122036,0
Pb,1.0496923023070968,1000,950.9097445688354,-258.08913348737013,985.3117999599058,-15.18499883655747,1107.7572032273126,4.017503822099639e-06,32.75679376675686,6.906346823787764,556.1830504309053,1
Cu,1.7923453832185108,100,517.3781381628822,-140.0033190571818,535.9860699644324,-15.141693934437864,558.9915221806328,2.104300544277641e-06,22.17849303614516,7.747814477570333,585.4367537758695,2
Hg,0.362960243010438,10000,2699.420364499915,-844.6850599597078,2828.491321322374,-17.375605811812594,2754.7015041151008,2.774582586413915e-06,20.446711809813813,7.141105709899945,597.9869902925999,3
Cd,0.4497022911433112,1000,2236.6264200786177,-683.1393018591764,2338.6271718122016,-16.98439571958443,2264.139491108574,1.348134260366217e-06,34.00286469074946,7.756671211775174,516.2565463922119,0
Cd,0.5038242603602776,100,1995.4560590077915,-567.2731691117908,2074.5225310478168,-15.869521506806793,2015.943155466429,2.146636993789011e-06,27.901246248211216,6.391744370158275,421.77632320623314,0
Hg,0.1568948588934473,10,6412.838829168469,-1894.8957203813832,6686.937388671327,-16.461603510780513,6900.407147420479,4.1259609730342885e-06,28.067567347239617,6.333947747345108,491.8259815550873,3
Cd,0.435926612466406,10,2272.4078232817524,-662.9495465309468,2367.137388610492,-16.264013897713625,2425.676163942814,1.606351647609278e-06,31.710769935597835,7.15115425139684,557.5202292923288,0
Cd,0.3045426645368363,100,3304.01481379522,-994.726692817763,3450.506496615015,-16.755264687225274,3778.429726079423,3.58863824450783e-06,24.720334608069894,6.926657803092546,405.5450649523698,0
Pb,0.6097938856526655,100,1667.4382500604468,-498.5717266418838,1740.380442423815,-16.646907393413244,1915.1600470024352,4.669703411218005e-06,27.22861353254003,7.320345283293914,411.3774876712298,1
Cd,0.6431037340432401,1000,1577.1977849577504,-475.7778515898476,1647.397164298605,-16.786474357234134,1593.2391383579272,3.719347039030881e-06,34.52994369720106,7.589253582053563,413.43155647656425,0
Cu,2.3364255971100327,10,386.7215293203678,-93.45166313073358,397.8526794955442,-13.585145741046537,403.8241545989177,4.244086757168908e-06,30.08223030398611,7.502614591304352,546.2071516656622,2
Cu,2.238980692019229,100,454.0999845460773,-153.74684349372538,479.42140946043673,-18.70480864585161,479.0084449298243,1.4358865172156633e-06,22.30617547993679,7.884522347317122,500.2333257126344,2
Hg,0.2585723197102575,10,3885.597001173072,-1181.795093449606,4061.342598011984,-16.917014145919836,4311.15689785142,2.0029273040082178e-06,21.9984012197653,6.796512818314023,473.77958870411874,3
Cd,0.4418072021613068,100,2263.789657629564,-658.9314055521488,2357.7392161164703,-16.22893022215261,2329.2200714796786,4.578155408962365e-06,23.06397137499508,6.412773484496362,421.1234090523472,0
Hg,0.4385001423073213,10,2176.177087361983,-653.7403553188261,2272.2506832943563,-16.720672593973156,2234.473049904304,3.860422454472357e-06,31.500675116310763,7.101825279895771,546.4480500411778,3
Cu,2.0381635702724363,10000,498.6622369634542,-122.0293239799601,513.3762582009439,-13.750807732696217,592.788612706193,3.5582153055092447e-06,24.43065505760924,6.221486240382371,464.20396211017993,2
Cd,0.5312636898667579,1000,1992.9309877403591,-611.3095404617186,2084.579880013064,-17.05281594129577,2313.475166617286,3.6550669444868e-06,20.3208327001262,6.577702246663263,453.0648140129334,0
Cd,0.1230778592257921,10,8106.936236579531,-2433.176438180636,8464.204789776988,-16.706347568165413,8399.84779099526,2.656802217218574e-06,34.16261545258493,6.415776110526289,530.4638403107102,0
Hg,0.2035615224317704,10000,4876.1158986140845,-1481.2830292811043,5096.146158574462,-16.897910341230887,5272.610249012613,1.1782265264706129e-06,22.54570124592366,6.793127433594162,511.80217851936834,3
Cu,1.760391237571714,10,586.7229707860449,-175.86963760734213,612.5144683027005,-16.686050763789407,628.4532899622991,4.137766168282916e-06,20.14337279222103,6.222433150004431,472.4821283626603,2
Cd,0.4589405028072104,10,2194.550588776349,-687.9361153728806,2299.84964411436,-17.404888845776252,2541.7302800692946,3.714852944861416e-06,23.55697403574985,6.063683489096196,528.2974941611176,0
Hg,0.3110775661522995,10000,3274.2690841210656,-992.0333936554188,3421.252444552797,-16.85568439750887,3608.383959869777,2.8912178564508997e-06,23.525431806772005,7.313588009260064,454.24430407682365,3
Cu,2.067205093453757,10,420.8515303177171,-154.9805363938775,448.4807434346522,-20.216464665957577,431.6126818106008,4.599038461473031e-06,26.330078762685844,7.22049795657961,558.9660523208654,2
Hg,0.32355729175705,10,3127.2117688762937,-924.2850659990628,3260.9440857867053,-16.465678753030055,3589.4087042779697,2.344638659940396e-06,33.80584747250055,7.416717872077323,445.8637900615308,3
Pb,1.6473248923131925,1000,636.5658971200396,-176.63798234081884,660.618738896859,-15.50857784939495,687.0949675030205,2.1772869769249435e-06,33.18777376668647,7.320772880542687,431.7675390764031,1
Cd,0.8316871648444841,10000,1195.267847701913,-393.1856089202608,1258.276659090504,-18.208717868444968,1258.1208276170971,4.491185300317772e-06,26.853418324736417,6.228589362284767,556.487881899775,0
Pb,1.5771846143397417,10000,650.975549729615,-168.61495000887302,672.4583018390576,-14.52154840091374,699.8636341081452,4.187950619035942e-06,26.163498574877096,6.582157762751293,541.5784061395866,1
Cu,2.9110473919098694,100,394.9918434993486,-68.54925052140749,400.8959418328658,-9.845392476349886,434.3138000339463,3.059919242593379e-06,28.325136297122768,6.2590532198007045,436.5277951403597,2
Pb,0.5273488740145424,10,1939.8936398297265,-581.047964214191,2025.0442144726812,-16.674308451062714,2073.015161434576,1.5229389578314e-06,23.651810179576486,7.685944804097126,423.2491505379876,1
Pb,0.7936669785253192,1000,1202.8233398135048,-373.6692871485444,1259.5287701986863,-17.25793771803696,1261.0173216753017,1.86028588586021e-06,20.78277487949544,7.4938073107110466,567.6798176973384,1
Cu,1.0151257499562842,10,1026.107538662579,-251.3456497787127,1056.4427653985138,-13.76363012433031,1107.8887258481982,3.6249119616352263e-06,34.0883620425681,6.403054005836485,555.3196964393376,2
Hg,0.3413636213695713,10,2926.193128513834,-904.2373085202004,3062.7195979197045,-17.17192887521616,2937.413856451826,2.540164951361647e-06,22.800484773157592,6.682618480979787,465.4514747399329,3
Pb,1.84704582342498,100,545.0487893429681,-163.11250746550846,568.9322216713699,-16.660454692690063,629.2585924999374,4.345892766663885e-06,22.976010938685747,7.933229984528428,531.6394816426733,1
Hg,0.1595670334593346,10,6270.618495834926,-1877.5931032978392,6545.686532508159,-16.669124968094398,6485.004538109613,4.799820037328817e-06,27.08690493280921,7.188318715759303,424.83203730956217,3
Pb,1.89055181719446,1000,521.4339449781598,-129.52723108439966,537.2808042056575,-13.950244872957228,526.0126161557929,4.222547701099674e-06,27.37420017260496,7.602311194602315,501.4095318095356,1
Hg,0.0771203256303023,1000,13026.335603501646,-3900.7059015479576,13597.82798043223,-16.670206859351,14729.395314972033,2.5101816919822286e-06,20.276513145511128,6.529182069537458,403.746058412084,3
Cu,2.8688720536110286,100,344.38314981199176,-113.28762285936656,362.53805230286497,-18.209038739370907,397.6892621715109,4.1547457169256965e-06,22.21932108160956,6.420105840358611,478.3203761843111,2
Pb,1.0274340308594516,10,917.3211925253402,-294.2200451653611,963.3501986470026,-17.783035863243818,1066.6297344262618,2.405766693882734e-06,25.672322278411126,7.567833857693097,414.968564294281,1
Cu,1.202841656898433,1000,811.6881296893421,-250.3428753117253,849.416961861443,-17.140939285972248,891.8032387810017,1.6684003510625357e-06,30.255960402658086,7.37174491046288,495.0294360313765,2
Pb,1.2288076387794884,10,822.731760241551,-266.9580752913682,864.9590529461107,-17.97708864143463,856.5243458590718,1.1335728194634295e-06,23.42627685247904,7.361955858423528,484.3363293705789,1
Cu,1.513553135441016,10,722.1577286922799,-215.6908122119903,753.680510284471,-16.629596004015074,828.6366616786438,2.5428668510440804e-06,26.34521669362644,7.105269163658388,488.8770053276112,2
Cu,1.5697458039238457,10,667.2005524304433,-211.44408932634272,699.903693428271,-17.584051126218615,760.570342754479,4.614237214789128e-06,28.360175970747,7.127156685553098,409.0662604095989,2
Pb,0.96093494738943,100,998.1264069320164,-329.31867794539994,1051.0504820695926,-18.259626740863485,1047.2882715245985,1.955946351022706e-06,33.32888741934938,7.4713950106125075,472.3232682563665,1
Pb,1.7045388467489953,10,710.9284367661289,-188.17561526234056,735.4109765172751,-14.825627102172442,839.3800894937153,1.826052659719136e-06,24.89105753490685,6.54000496224239,551.2967698199833,1
Pb,1.3087419150128818,1000,777.3313559433597,-243.15285725158867,814.4736637377255,-17.369925098036816,793.5575973500219,4.879283140964162e-06,22.00337398795225,6.705536931713912,473.782874670724,1
Cd,0.3801769292404032,10,2694.123782745454,-833.5998709231424,2820.140369123096,-17.192804434667757,3223.6205342069043,1.1000164514023683e-06,27.339083388464125,7.74327354104011,543.0343905219161,0
Hg,0.3246502024899133,1000,3072.6526158625097,-925.1609674485036,3208.912107468351,-16.756796215492997,3601.3011532004907,4.143128601575018e-06,31.20082402526093,6.617730402024316,473.8957447267466,3
Cd,0.7445356068008742,10,1369.7870701269785,-409.5686897187403,1429.7073578480938,-16.64675529251686,1558.242004153998,2.2854798229634816e-06,21.647896355791,7.092619142758598,484.6478882980373,0
Cd,0.3453616006601804,1000,2937.4893079657422,-916.1761269013032,3077.047632052017,-17.322224131609108,3489.002859900951,1.1499518274786374e-06,26.37025237545441,7.405278928013368,512.7784225658532,0
Cu,1.827098203050703,1000,608.225691747213,-175.83475418164863,633.1321764683079,-16.124295358244662,696.091333749298,4.671210160838336e-06,20.26677711893725,7.999849653666353,590.1363873614165,2
Pb,0.6828291400054214,10,1517.3636182593116,-476.15223685159873,1590.3186167167164,-17.42197873905007,1575.1621218865744,1.5585693208383346e-06,20.50338772470877,6.870582662990664,421.77208932933104,1
Hg,0.1315172072906061,10,7647.177630988813,-2259.932713112828,7974.1219947837,-16.4637311451251,8323.42693674495,3.207117134902782e-06,27.244300448249984,6.856185753249887,406.5827537322347,3
Cu,2.3622357079299654,1000,407.5734442553188,-111.79282303506092,422.6271971185621,-15.338359535355975,413.4019910356221,2.096216829718191e-06,24.47295947226394,7.685176758867335,521.591436762009,2
Cd,0.2632945129260642,10000,3769.440954878483,-1138.830286265731,3937.7175537652897,-16.810711278142932,4063.199084067524,1.2607712087387642e-06,32.67660948508118,7.611006222519727,589.8194177856852,0
Pb,1.2877450755005904,100,793.1815881941275,-252.8578318645852,832.510729651827,-17.681726874849872,910.8267603950712,1.1996899426535165e-06,29.032314591896814,7.462151763469097,597.944626510943,1
Cu,2.4180925234448654,10000,460.2055090811318,-140.16100687561203,481.0761046206817,-16.938731579641306,495.7741808903589,1.4622267953453553e-06,26.808994426144857,6.926459274818058,496.8328494784004,2
Pb,0.6603153846421157,10000,1503.2918024134046,-438.73172589235554,1566.005035275375,-16.26974490722407,1602.5975076866328,1.28546805555752e-06,26.119030565814445,6.647878240321432,493.61632421701967,1
Cu,2.134624439257807,10,521.7250796062895,-157.02740645359083,544.8437070093865,-16.750602182803004,583.8474819504398,4.0422324620796925e-06,27.45868220284345,7.217460965169697,528.9927541490392,2
Pb,0.8848441755520456,100,1202.7733274772984,-365.17517438592665,1256.9871062499424,-16.888865392858342,1412.5861961942524,2.942264809133717e-06,20.60658246818992,7.752446586263282,511.12695144099393,1
Cd,0.9666341877138218,10000,988.701471334944,-295.44303558412525,1031.899794890495,-16.63715821762443,998.1105858311752,2.371568365395919e-06,33.391900346309896,7.767554916417173,526.8176115228237,0
Hg,0.2675955410239661,10,3695.137010840983,-1120.618281877034,3861.3239779334585,-16.870892444790123,3980.0102248097737,2.673475640528029e-06,34.97454733600937,6.216996690140877,574.7998851075788,3
Cd,0.8253932947976423,10000,1204.5248909186746,-368.2215858124631,1259.5504551628292,-16.99831954374944,1242.6458733734587,4.715786942290493e-06,22.72230687288048,6.8567005676263015,549.2612338975218,0
Hg,0.2976019439703178,10000,3375.5737378595363,-1054.387970135961,3536.4151412545493,-17.346620043663332,3845.017647315436,4.643007250952589e-06,21.805744471619292,6.929443912397499,499.3754783373592,3
Pb,0.5651187992822287,10,1743.3110829141476,-503.518800257197,1814.5701182439172,-16.110251221092575,1780.1732425013126,3.862705920490308e-06,22.153661951728928,7.955230735047507,492.3728918000339,1
Cu,2.2663027511880447,10,508.8574472053556,-146.68127855517145,529.5765280438051,-16.07995080158571,576.5159229880471,4.538729509686752e-06,29.915405873515507,7.355996030485169,527.9203497026232,2
Cd,0.9562630079859912,10,1066.9407517686673,-335.5513424112688,1118.4620115045009,-17.458287217255087,1128.0083584548536,2.2785921103504997e-06,29.92161257676162,6.814492834524141,491.1412568840595,0
Hg,0.320725319065849,100,3119.9051770253845,-897.9968534805106,3246.5684441407816,-16.057313375138552,3244.0254964206165,2.5244373040331314e-06,32.71886243417617,6.052115771971186,491.555870253128,3
Cd,0.8372699734841111,10000,1122.5624151313089,-335.0283949315449,1171.4906748565454,-16.61771709484355,1332.7852528765875,3.4548487274169128e-06,31.2773958263938,7.130770320198392,403.261180357301,0
Hg,0.4478929085067835,10,2166.885773167703,-670.7886033898149,2268.33668232788,-17.200613078037282,2174.9139015286564,3.494503789189057e-06,26.745345100540096,6.1921519512767125,434.8128274814617,3
Cd,0.3052717947540392,1000,3289.819849612924,-969.811206454468,3429.7883927542634,-16.425073277510602,3577.861521367264,2.926799352049364e-06,29.192830423479784,7.668899914695526,497.7027279991506,0
Hg,0.145420177958702,10000,6769.995003761569,-2023.0375367982851,7065.798838507326,-16.6374121510677,6799.277929944116,2.602631393751813e-06,30.32427005552012,7.505037321140724,564.5306918100738,3
Hg,0.3249414449829462,1000,3128.10941432855,-930.5412245888804,3263.583226864343,-16.566541421468813,3430.655807624348,4.944721246434781e-06,27.69104705427838,6.9210183198163575,455.74540134542485,3
Pb,1.1165427047100571,100,887.7141194519722,-274.82934792862346,929.283341267486,-17.202115912107292,976.6714858084704,4.284494504470898e-06,27.134764766774552,6.8584215590834,504.5286866262298,1
Hg,0.4279375862900241,10,2498.9440122498886,-740.6732891994059,2606.3994509079066,-16.50953438861554,2659.7073136213694,2.739920791552181e-06,29.6764616846398,7.794677931137537,468.9924169518465,3
Pb,1.8500346850970169,1000,655.9262188283283,-202.0130314529204,686.3297089761062,-17.117855478178754,673.2638938294522,3.909169908958274e-06,28.362118234634806,6.576916700836257,420.9607979079178,1
Hg,0.2090396206862231,100,4774.709667444933,-1421.294071200563,4981.759653498147,-16.576758362769525,5134.137910470252,2.0782467730098383e-06,29.659134580038653,6.498039924213542,591.6596966142602,3
Cu,1.473741117948964,10,673.2283759113157,-240.06740185360744,714.7508681806054,-19.625793658726533,763.7456733585492,1.4006773049493196e-06,29.19282160945046,7.878394865651524,570.9347740500604,2
Cu,2.5610510304877234,1000,440.2437669911458,-140.75059935692752,462.1961765245237,-17.729629235169245,509.1327426062899,2.409724102210963e-06,30.787948407704818,7.618491673506965,415.6984848933813,2
Cu,1.5496120710962722,1000,730.481430086996,-184.7013270699349,753.4704373254056,-14.189761074336705,808.022121897401,2.611891200493577e-06,29.64205263174314,7.641251186134389,543.9574524936569,2
Hg,0.4201764433311553,100,2298.0511024690186,-704.7566798487117,2403.689008035451,-17.049509734872615,2569.145018552304,1.0661484982426832e-06,27.79613729655901,6.390387628551851,469.5159808715,3
Pb,1.1356073804731444,10,791.2672613029073,-249.4569443407359,829.6581500169937,-17.498112042188254,823.0154946133736,4.259168006543585e-06,30.2269521692658,6.286591982861869,598.9699614123585,1
Pb,1.5013248489372055,10,634.9766242467236,-199.4522140430166,665.564797015607,-17.438001223771245,671.4662332540394,2.4367736095567264e-06,26.74222947778142,6.05205909963427,460.4797039657955,1
Hg,0.0929908912256006,1000,10782.878313617566,-3259.159616803043,11264.660941816392,-16.817610661627473,11132.018446158258,3.321672663120588e-06,23.625068389589018,6.47408301783736,447.74768907252,3
Cu,2.2477186493531462,1000,469.73921851456,-185.08738107893305,504.88837582710073,-21.505509684194266,493.15997909265593,1.2958527490838238e-06,20.021273302008733,7.5483809834286495,513.578109661081,2
Cu,1.9035353574744585,1000,578.8268576795884,-178.2597852743488,605.6542596376942,-17.117124766631377,604.8609593459133,1.699987315002336e-06,28.399462207187646,6.4800768375283,567.0252326686408,2
Pb,1.3799126947632112,10,664.6986516013075,-196.69240699875908,693.1898732753976,-16.484125635807327,733.7540331793457,4.558774901310241e-06,28.85982839912961,7.458206567189753,438.5037743639596,1
Cu,1.3360284154897268,100,632.6798812327143,-190.8540657405873,660.8396980557038,-16.78644988979739,703.8802522696467,3.434750111531204e-06,34.580734471635715,6.503816530734843,541.8805539438663,2
Cd,0.7631863704497639,100,1353.1966462749222,-408.8565651214344,1413.6141108281972,-16.811733973992034,1608.9365824272818,4.801136200681943e-06,25.422175011414133,6.790584995901344,412.2813166282243,0
Pb,1.794195616314843,10,515.9430139402555,-153.92208676506888,538.4135979225154,-16.611502830092608,536.1236757610167,4.995000137565268e-06,25.91199864242468,7.966324579822817,583.7869486220994,1
Cu,1.4334796001815513,10000,596.6788373206813,-158.5468217651891,617.3837782110919,-14.880525971188993,673.253700655898,2.4874404613323777e-06,23.02699372013285,6.489623462568272,416.2149832294597,2
Pb,0.6435718332802426,100,1561.081288977104,-472.13331041171546,1630.9152809372845,-16.82741253249372,1816.2429195890093,2.1952122563330984e-06,21.05801442855983,6.752741254596535,582.8462752688325,1
Cd,0.1212747274417027,1000,8285.39984765681,-2497.1016058387886,8653.517612244985,-16.77205928879263,9213.764755392636,4.433424220636388e-06,31.592067392926108,6.602174360930428,498.16144989054055,0
Pb,1.462957250664899,10000,677.4441161749319,-208.8557445502413,708.9084937928662,-17.13450908108934,711.994260972926,4.9944457081498175e-06,23.74521596508988,6.219249972660005,489.618222559184,1
Pb,1.410641054133171,10000,686.0051397616294,-194.2146067333533,712.9672960577951,-15.807324253735718,722.027301209493,3.51856493692983e-06,29.13357291545057,6.97978828426165,594.6614159000753,1
Pb,1.320046119071105,100,749.5811781884913,-196.6338158856824,774.9430948425899,-14.698918334095112,755.4658481421824,4.18056289004609e-06,30.316595533182223,6.757381326666005,598.0768355396438,1
Pb,0.8479206441739631,10000,1160.8265089808654,-360.8108274776432,1215.607929053527,-17.2664125779685,1231.740060019392,4.1269834352610985e-06,27.068550309374714,7.38977417161456,530.0356251922024,1
Cd,0.4518153963149632,10000,2145.8909676409053,-641.7886145516939,2239.8081772265687,-16.650763047648592,2465.458629490013,2.421358832878188e-06,33.145281695407874,7.635189093903092,425.4238583714097,0
Hg,0.3175143508337779,100,3113.7299112416117,-927.351824533764,3248.8914057916422,-16.584935292062884,3143.3214036277905,3.297081521028349e-06,26.65692261469593,7.088499428991277,501.2340171310405,3
Pb,1.245150288288754,100,829.1798997366695,-268.60553005557733,871.6009619681193,-17.949275224059935,865.5469478086857,4.332227765056855e-06,24.273629345626475,6.064392844174674,505.8326201911325,1
Pb,1.981678280322331,10000,520.7067056145657,-155.80366834011136,543.5165649179512,-16.658013400201483,594.2547051562512,3.752455505044223e-06,33.44023284442434,7.237844712469443,502.889285627062,1
Cu,1.2728795051134665,1000,794.0233070547638,-267.520469263271,837.8784002592647,-18.61957941551395,918.3120234916036,1.084655255928153e-06,32.923464263749345,6.110781460041879,513.8983677040019,2
Pb,1.5427168310713908,10,598.4496738395659,-214.9159082266577,635.8701594882182,-19.75428440497917,652.946704638508,2.346822675590134e-06,22.460599206146195,7.23271264719805,403.74494275887815,1
Cu,1.8086375362085845,10000,543.8272228181879,-155.81323868761123,565.7082407287926,-15.987663948743052,619.7535885812854,1.5779027863784216e-06,20.389415275308814,7.370059898538377,542.2454562941004,2
Hg,0.2426898267165266,10000,4011.632610350823,-1211.1672779318624,4190.479969593344,-16.799790366398607,4322.89692455728,1.9318888483121565e-06,21.34978334524431,6.395535255235037,542.4788603905977,3
Cd,0.7458379890923587,1000,1349.6975865089023,-400.86366780024633,1407.968485155198,-16.54155544661578,1392.8644906808768,4.621957909965303e-06,24.298210978307257,7.6386922974435425,423.0939550355776,0
Cd,0.7231925361919327,10000,1454.2005190156522,-436.61805524486266,1518.3327947690514,-16.7121803396784,1569.998359041018,1.1475731556430729e-06,34.58389702612566,7.822170263148097,514.0478884891602,0
Hg,0.4960651971659847,10000,1942.1574485926344,-602.1752355510662,2033.3692653905323,-17.226300573667352,2167.435212982948,1.8792028478476951e-06,28.37774229741237,7.626173928227639,513.6722364871549,3
Cd,0.2155548605087127,10,4609.893832875669,-1383.8732359019875,4813.130611507542,-16.709564041695845,5483.978828325904,2.238277408952926e-06,25.598925980439034,6.610218380424165,536.49008403808,0
Hg,0.0968493422228748,10,10341.770690058354,-3127.193233117804,10804.23798900264,-16.824513444542006,10483.972006303213,3.46753628786558e-06,33.3307414191912,7.173286024891269,417.07953842701625,3
Hg,0.3759524677079335,10,2722.5528542036395,-788.9464091010638,2834.560015304994,-16.160629017405963,2998.834301884373,3.1364067603434627e-06,26.797044972177492,7.829630298382455,525.3006614532193,3
Hg,0.310274112652884,100,3200.545371815711,-987.2830184419124,3349.360899567967,-17.14360118512041,3411.089906585908,1.8730779314135444e-06,24.728579426015315,6.641329452445699,456.1503901492682,3
Cd,0.3467445999038253,100,2849.354530975554,-858.7220647120379,2975.940998678271,-16.771453876344108,3139.026576822586,1.656964268892618e-06,34.11829293118486,7.64005564453085,501.4005980992344,0
Cu,1.1588387379779732,10,764.4866800614195,-250.1914357793708,804.3852550418078,-18.12157558796855,768.1524620949939,1.9471921383844757e-06,32.74276499289017,6.0189502625233935,554.6647105408153,2
Hg,0.0885462123183937,10,11298.70975316864,-3378.2045024833765,11792.92617406499,-16.64615413940505,12006.066278799808,3.010118506806623e-06,32.655025631291615,6.007293405569353,541.1291872726026,3
Pb,1.841286311996177,100,645.2023920987406,-200.1893450552522,675.5456317996496,-17.2377429802499,750.9985700967379,2.084711142844814e-06,27.6842711457532,7.519423320677935,423.7806035355987,1
Cd,0.2726805922468686,1000,3681.162290328668,-1114.7220214910244,3846.239851196859,-16.847254514294388,4088.992174669661,4.790410006430889e-06,31.841575982231824,7.522895164254242,518.2369574232147,0
Hg,0.1955172029519843,10000,5113.5255042534445,-1516.993620375002,5333.799089477302,-16.523672321822456,5574.338518010507,2.855460885715391e-06,22.69030038896828,7.5779543757045875,593.8233061881477,3
Hg,0.1519953810021446,10000,6595.251412033434,-1977.9868117764788,6885.475511211312,-16.694552812698166,6971.873338513741,1.2351840661785485e-06,28.598344363343656,7.860053675776324,431.3538874670005,3
Pb,1.032494458747906,10,967.9736001501906,-280.05919112633785,1007.6735786563324,-16.136490668398363,1025.6730589070294,3.917065623346534e-06,34.757688842713186,6.235812623640569,570.581417545083,1
Cu,1.1388476854921867,1000,837.4298295928938,-270.85546760821745,880.1428314911445,-17.923106448735318,901.5939432426052,2.3153811528359585e-06,24.364376457769424,6.463969969967376,540.5096161107554,2
Cu,2.0381195818165407,100,531.812340916175,-187.64004115340265,563.9442800443964,-19.434436668838643,620.6857039696237,3.613955728232991e-06,31.91528493871513,7.807449840747616,554.8006625819519,2
Cu,1.1352251271844298,10,892.1706218760006,-265.5070273219975,930.83962103897,-16.572831183589287,1064.7544635169634,2.118377482092928e-06,27.35717610812101,6.354472395544707,456.3916654285291,2
Hg,0.4101604285200627,1000,2438.9510625330963,-738.0622458698235,2548.179382266823,-16.836582403539435,2652.922864219168,3.28297496693328e-06,20.59708524833131,7.364458535153168,457.5777858759685,3
Hg,0.1551704368596948,1000,6395.758247879486,-1906.1987809147668,6673.778341964873,-16.596218996971707,6898.916180429046,4.08861001922986e-06,31.44529096723501,7.060926000081631,581.2038911552976,3
Hg,0.2930053615720298,1000,3478.082227498428,-1045.0228373027794,3631.684004938312,-16.72339461906344,4066.956869109242,4.712034967098216e-06,22.52853716588169,6.166387353703015,471.9664064185117,3
Cd,0.8920711788053124,100,1154.2219192174289,-342.16506898053603,1203.8709121963286,-16.51227348520498,1252.7706149192222,2.0445085777323084e-06,29.472103506991253,6.5705273238830655,412.60307813856207,0
Pb,1.476316053570791,100,649.7156907913065,-227.3823578362168,688.3554427151586,-19.28862156683766,721.4466644197912,2.339427803995925e-06,21.284962910704596,7.040744432881936,520.11934071589,1
Hg,0.2898310039481009,10000,3500.37774198169,-1012.344583802222,3643.828466450435,-16.130402991377913,3662.054354473219,2.857065681143759e-06,34.20301096243947,7.704700233367668,424.9635338083685,3
Pb,0.9865006296730634,10000,988.8055551009415,-299.9265062309231,1033.2919891968434,-16.873706365035407,1135.8414426229388,4.708699350943956e-06,24.37585830770541,7.415076979229347,559.3192482815816,1
Pb,0.999502869587297,1000,961.3972030487196,-274.4674215078319,999.8084554048636,-15.933411605254188,1063.687619296744,4.605547427242629e-06,23.39697037516092,7.243766322909866,528.3492885002115,1
Cu,2.3389739103963803,1000,389.5527467743023,-133.5876574366832,411.8215690548812,-18.92816039435252,452.58507303058974,1.3595131204025522e-06,21.937046060995016,6.99206577988283,574.9453010442417,2
Cd,0.9947254250990508,100,916.7491159097392,-268.86453672857493,955.3622771658715,-16.345378321167626,1059.8963239128552,1.5277193030152437e-06,34.19003290008572,6.597367967628268,556.967449956527,0
Hg,0.3478276354322204,10000,2898.564319958444,-895.6261912580279,3033.78004993828,-17.17060437884788,3023.205349944131,2.982036709322553e-06,30.678556136619576,6.238489822638522,422.42272966763926,3
Cu,2.11556683474005,1000,381.12931156260953,-105.29743670358944,395.4075142287196,-15.444275811848692,435.6792485053713,1.426477091221694e-06,31.124913330771328,6.818152069132191,476.21413528688447,2
Cu,2.4613010204784924,10000,344.86699926701255,-110.57958146782042,362.1616918187676,-17.77814354624703,400.0494718511197,2.38232349339479e-06,27.49106842070367,6.057036987822585,554.9120499829174,2
Hg,0.2593425255276732,10000,3752.125056269253,-1125.0537068020644,3917.1658480427673,-16.691065068158892,4011.852586328421,1.5935415128699108e-06,27.120916779057254,6.422111778533701,483.4682946532652,3
Pb,0.5902135139011778,1000,1689.998622051009,-493.04010601270073,1760.4499108669138,-16.264074036010424,1748.3404546426673,3.544161420527544e-06,21.65031864487215,6.864966751745319,594.4730969559956,1
Cu,2.12459363175582,100,463.1622210765828,-163.59947254738046,491.2067084745224,-19.45438380070712,463.4060440814751,4.797981726956647e-06,28.39761643375988,6.83721037134383,547.1480899786899,2
Pb,1.9364379267580705,1000,500.07730159163935,-163.71302508974773,526.1931794989476,-18.127175584943217,545.1746380149661,4.986935081177526e-06,23.703747426631857,6.088590861993985,403.0999833380642,1
Cd,0.2577726481218937,1000,3827.2586580717375,-1139.0311117997862,3993.156734894455,-16.57354065849684,4097.028902705719,2.50096452998766e-06,34.657179992006085,7.178120307050582,575.9971383121673,0
Pb,1.5350073362309986,10000,592.8509968358289,-135.89086955981372,608.2258074752816,-12.9100882707742,658.6467664633085,3.396050548458449e-06,31.94871410022721,7.099368511706473,420.1609569737115,1
Cd,0.2808403197931508,1000,3583.960770983224,-1077.9498779881967,3742.559384619225,-16.739739927089943,3718.7471508174303,4.425070614096326e-06,26.194880902893317,6.156208608041826,428.1047448360172,0
Pb,1.303741526709622,100,739.4956051099273,-210.02595917449955,768.7422542725657,-15.855206565520175,866.6393839826827,1.469848291185536e-06,22.270118880372998,7.886326104920879,546.8984801222102,1
Cu,1.1933528992934392,1000,853.7930034060292,-258.27733041897835,892.003179407698,-16.830870124408357,897.8069233449677,3.758257644207861e-06,31.77997536708176,6.19876555790172,572.993711886096,2
Cu,1.9007418725163705,100,481.8479305252384,-105.70946726244551,493.3071250452045,-12.373719958710176,503.66885784946464,2.635374646900273e-06,21.83080650621974,7.709668302474672,507.2699255799112,2
Cd,0.7805469960057214,100,1290.2059762594288,-422.00622621713376,1357.4684954508418,-18.112112405195923,1414.2500059690344,1.8245846411206564e-06,22.840006302456057,6.000619463830012,457.8099465891559,0
Hg,0.2064071859075419,10000,4909.956468573922,-1471.0945196787895,5125.60158509417,-16.67898223537275,5399.823830751508,2.611014474989768e-06,23.17280776616341,7.764562190090766,470.2631090506351,3
Cd,0.6984205520384962,10,1461.1103712746608,-470.84399205363945,1535.1018148316368,-17.86157764401246,1523.963022971837,1.3038411478596677e-06,28.353359574096416,6.039439464408625,468.5778659192112,0
Cd,0.8159049647107562,10,1205.0122482814345,-411.6351058951647,1273.380531857465,-18.860291466574328,1270.5313493877184,3.781628594357223e-06,31.80584980985549,7.515624063784232,465.3356207619024,0
Pb,1.890766729219179,10000,541.7459208307138,-156.57453518685782,563.9186358028068,-16.120266456936825,560.1333450419047,2.0109706749938123e-06,24.714723180870383,6.723381622600506,448.58193436433,1
Pb,0.8519631227831803,1000,1161.7264654423184,-345.72798370974635,1212.0792957678589,-16.572923091609873,1328.6573061472045,2.245622580179512e-06,21.27004721412934,7.47643360027264,521.7734189258466,1
Cd,0.4593843242283774,10000,2177.2205730921096,-658.8629106824768,2274.7285022543942,-16.836682141471154,2512.5513094839016,1.4843251929658512e-06,26.968076952866287,6.803490410849957,580.0810637130135,0
Cu,1.3048320266608349,100,750.1016173329284,-227.1543670006736,783.7420128926046,-16.84796344977432,819.4602880695904,4.458636455559568e-06,31.221653617399035,6.141815844663683,461.41648261666825,2
Pb,1.9887252532375628,10,494.6179064713087,-86.41938325996745,502.1107280322672,-9.9106497317416,565.2579521110673,2.973777117130955e-06,23.324957646310825,7.535013390790728,437.3388594922824,1
Hg,0.4671504355659329,10000,2151.2427231198085,-650.5363196965712,2247.452503840802,-16.82532929273158,2467.8778544381594,3.288587511145602e-06,23.298868220590613,6.14250537064273,567.715533274285,3
Pb,1.3099356954208394,1000,713.7283168336548,-203.9160078250949,742.2869044362336,-15.944923248198592,733.4665487594083,3.277730732379419e-06,34.20840541020066,7.844240871922436,548.3566661779407,1
Pb,1.763049941564632,10000,516.4049657401905,-167.90878611433476,543.0169878516848,-18.01190562559148,616.1927917029112,2.641972458165367e-06,34.31230590678767,6.1019480715833225,586.1674063119821,1
Hg,0.284431089772419,10,3446.362938718293,-1028.004230114676,3596.4162999442456,-16.609142349323193,4012.2777535136647,1.770119661752558e-06,34.856985980923646,6.958650555543031,433.103947120982,3
Cd,0.6612271192024838,10000,1432.3261098601115,-434.46250645914574,1496.7684371691446,-16.873942496591408,1490.9035099611806,3.9805309939936005e-06,32.1148940236217,7.446068861701591,428.8502628233183,0
Hg,0.0901059944522074,10000,11037.176634811962,-3319.363360098183,11525.512621328451,-16.738338393199825,11448.123911363053,1.5082250614306974e-06,22.822762537519186,6.786492929584076,508.2858788609993,3
Cd,0.7797433784471272,10,1290.446343633535,-350.755932446054,1337.2664244432597,-15.206178032043493,1322.8781368035295,1.415495161115242e-06,23.17972281198892,6.43446694918487,522.886730967019,0
Cd,0.2149421352717113,100,4607.775557834798,-1358.788968086753,4803.946612023706,-16.430284350599138,4735.299029476591,3.8405801503860136e-06,25.10337862283588,7.5181819227920546,496.0346883719179,0
Cd,0.8434608672272755,100,1211.272181991757,-360.6467216495425,1263.82212225599,-16.58048416955263,1392.5176969502304,1.8353480818079357e-06,24.771987970002364,7.568589409577453,519.7933272647751,0
Hg,0.4019126394516736,10,2489.838578066528,-793.0358121388377,2613.082842958305,-17.667141534990847,2723.7112355287927,2.227091005411329e-06,34.347916236170136,7.845389967908734,436.0759537750143,3
Cd,0.7378702279686787,10000,1256.8266508281226,-384.26817971348817,1314.258446490702,-17.00073839395056,1453.6291576568292,2.900909868006961e-06,31.836109743225403,6.752330220862156,495.9227508328167,0
Cu,1.0723207610495242,10,965.3055628932908,-235.53111757988555,993.6245453395176,-13.712044163121249,1109.3783630638104,2.7974052669181853e-06,30.86013188242331,7.0125034689946535,531.6185121879336,2
Hg,0.1864077601753979,100,5405.123461737068,-1626.1502718539143,5644.44189829881,-16.744097476284306,6058.7247343433855,3.834316500259998e-06,22.789448360871976,6.726256885692144,486.5412898497408,3
Cu,1.5262251398216855,1000,605.5181938064547,-159.59110670086324,626.1961388963027,-14.76517220324061,688.6396873873722,3.493727173773444e-06,33.642883390434946,6.514163643702736,535.8894671633195,2
Cd,0.4241227667243672,10000,2378.8174536785014,-684.8063880644984,2475.4256739113403,-16.059882832205627,2387.5504371841043,3.577584649127463e-06,32.41805569259261,7.502065923075217,490.2382561107679,0
Pb,0.6314641201457578,100,1540.7963392770712,-457.8596234660018,1607.3857016690338,-16.549726632223777,1636.8735106501906,3.856217322621829e-06,22.454627619918856,6.679303690033911,466.7199161684555,1
Cd,0.9432620407279564,10000,1065.0343113237298,-336.34672603448195,1116.8828069278022,-17.526551704898807,1200.894812410639,2.1704509096938618e-06,33.06755497941459,6.856298883984704,460.7210094174185,0
Cu,2.1076044814247528,10,411.24740537249033,-172.08046824740487,445.7982906852061,-22.706159870812577,412.0160229473993,2.289333247201895e-06,24.08371304555707,6.807347315248055,482.1804117977176,2
Cu,1.611048621316047,1000,531.0584080259882,-145.63425823561738,550.6653883320936,-15.33543908423915,534.5609446687164,2.7519909915822167e-06,21.21304618748159,7.425322451293492,404.61792453644017,2
Hg,0.2286416826834275,10,4354.514846091546,-1322.6495738839349,4550.9561017578535,-16.895745409611436,5096.426619466398,2.229848692134104e-06,29.852334597713156,7.835591252221359,533.7050276892228,3
Pb,1.1708038107572536,1000,847.9276158726592,-250.8552757240439,884.2565301529178,-16.480596027598466,963.928329907096,4.939751475883455e-06,29.80706989076496,7.333512122614755,569.0211281960524,1
Hg,0.3202674500122778,10000,3102.506379877592,-955.7483207550648,3246.3827084629565,-17.1218069621648,3267.168637884048,4.256207705685719e-06,21.423980143484272,6.943165192188465,470.9254188886237,3
Cu,2.0313588553929955,10000,433.07978287014,-135.22868567044603,453.7013288045384,-17.340916691521784,492.668342354407,1.6586187530241182e-06,24.782777134048736,7.558410229477767,409.2066272283437,2
Cd,0.9274527758929756,10,1058.227060987017,-316.79373719808405,1104.6278941494952,-16.665740069562013,1225.9468793755775,1.022376623527478e-06,34.89221693383308,7.281942648244275,597.3551194771115,0
Pb,1.2454452243587455,1000,816.3904548277836,-239.5452648274491,850.8086204518429,-16.352742211133187,866.4832396931475,1.1711330729890717e-06,30.17640000513105,6.121220714235627,452.7396510902134,1
Cd,0.9929422133409814,1000,1004.8633015692802,-323.7554342178323,1055.7309486920858,-17.85834542763636,1012.1058291960264,1.976253804171701e-06,30.95112749904994,6.191327172837683,425.3242243381546,0
Cd,0.8662824619705861,10000,1163.482947365966,-325.1066652345627,1208.0508733457102,-15.611712162215756,1380.5374684125925,1.4571651433474263e-06,23.193759284064583,6.075833888147267,473.9505015946056,0
Pb,0.8127657715360037,10,1196.8610135560427,-370.99619976145226,1253.042084691427,-17.222094741098115,1279.4874717803666,3.1333524595702886e-06,21.181731065058717,6.913632652412639,547.7114081267114,1
Hg,0.4687678465897623,1000,2191.838010348397,-691.040792313584,2298.1930380734784,-17.498975743274826,2238.5161655836646,4.431980890909435e-06,24.153525346114066,7.6517068686779295,458.7833193781132,3
Cd,0.2047297580969285,10000,4825.67910522616,-1449.8841999671172,5038.783883034738,-16.72299258511035,5300.387790634924,3.94700088365291e-06,23.73347577789788,6.6261663387027046,514.9406407838976,0
Cu,2.634899416982383,100,403.89914327192434,-120.4822368010481,421.4860464124267,-16.609727760402784,465.9758401320859,1.8624362523287616e-06,23.5181615112208,6.768320366184963,483.11199888742846,2
Cd,0.4425609641289221,10,2318.6702539378493,-692.3892875179196,2419.8418692067016,-16.626404311591912,2421.455660991637,2.597197024103144e-06,22.891314828305592,7.818954216735781,423.5527984553237,0
Pb,1.816961480667604,100,574.4148046714902,-145.08179332774546,592.4534535142662,-14.174920923621883,605.3746195731434,3.031576838125111e-06,28.621335359831065,7.67380689063331,466.0574024984221,1
Pb,1.8020850351611757,10,544.7865594031961,-168.164944555676,570.1507203220791,-17.154432912788533,571.2321319179146,4.240823398013343e-06,24.921552137627327,7.33009622476512,544.9741011428133,1
Pb,1.7088881001764318,10000,558.7609704119193,-170.0206836109512,584.0555238256076,-16.924040344102476,669.582609878235,4.35648641242466e-06,32.30517522571296,6.533607564184503,522.4007794662891,1
Hg,0.4055136963381776,1000,2517.8123350088717,-777.4073881273232,2635.0979491164594,-17.158754666944258,2617.2174461615846,4.6388732476311046e-06,22.75921126771076,6.234082965376887,423.9556759767122,3
Cd,0.3742112251882367,1000,2601.13880870531,-763.9305725538351,2710.9985285564635,-16.367029083361942,2900.540403014327,3.036981002011501e-06,26.969406063028167,6.032117645360227,432.6644819428617,0
Hg,0.0864136773730634,1000,11523.73594122726,-3453.434601086616,12030.074837136932,-16.682428425603376,13656.237022469084,3.777098985743453e-06,20.2048675463912,6.214021345208842,528.146671861489,3
Hg,0.2313410804443226,10,4302.74392225453,-1299.2237312222423,4494.617621585772,-16.801815288723393,4429.155586042311,1.4472014849357486e-06,27.22523483682788,6.585192887247885,562.6830828641738,3
Pb,0.7602867724797631,10000,1377.1758590804395,-451.2462515934411,1449.2192816862043,-18.141930772402283,1644.5832518784996,3.261155839815929e-06,20.837573313147114,7.103580127158992,469.8948991916338,1
Pb,1.5424266333536925,100,667.3174357588633,-171.30698682655722,688.9547472827072,-14.397502190830924,793.7710514582208,1.994767237884541e-06,34.66585267808966,6.1280001655047736,519.06215036869,1
Hg,0.2057448769420035,10000,4811.986047682404,-1468.1494135938424,5030.9713201056975,-16.967083525534868,5663.295659661416,2.7268675401064446e-06,31.858881929756198,6.272455556636898,434.12871775042106,3
Cd,0.9780491807739234,100,1006.9280865495308,-313.90398615225337,1054.7226573865632,-17.314564442987876,1050.1366840454396,3.536202033226878e-06,27.35167214954683,6.3621614046158825,462.2752673810648,0
Cu,2.281944154690664,10,407.50666167725296,-115.08510828165582,423.44570072152055,-15.770360340512925,459.1829935161769,2.027943751415125e-06,21.29881037269025,7.263964185966612,404.05404113461054,2
Hg,0.4201162536354624,10,2344.8040794925478,-727.3723824200979,2455.0309069159152,-17.23420564302898,2701.632365462669,1.2087402311870445e-06,28.88668161185621,7.231579597960248,553.6551895599046,3
Cd,0.2192722054676635,100,4609.4860106186825,-1412.7159987506675,4821.112711316282,-17.03926286444549,5518.502398838835,1.04093542563503e-06,31.38145626052816,7.101531452744306,480.2019639545933,0
Pb,1.7930217234089338,100,489.1305705138171,-189.2181228081584,524.4542048741868,-21.14875454747768,506.7807319196059,1.0886381421780865e-06,22.860758795071177,6.501002849391879,563.2251147307908,1
Pb,1.884135785770092,100,611.1863528014669,-168.93596678232737,634.104186016335,-15.451152418853953,704.8232679371991,1.0333989500550789e-06,28.52312511181236,6.7422393824374645,541.6745992045453,1
Cd,0.5383557269370424,10000,1898.91935516841,-580.5795314450495,1985.6906379811944,-17.000596653773606,2027.5905749940691,1.441420226231502e-06,32.213163475743016,6.193379432675486,565.7488531456954,0
Cu,2.2125058755019547,100,506.5192843947944,-93.4103834689717,515.0604675216638,-10.448874797275066,524.3109227268526,1.95795485828052e-06,31.523716664694746,6.45292120751611,457.1317339165765,2
Pb,1.647214701354493,10,583.9384269134833,-195.06862938666245,615.658880060204,-18.47224954202696,633.15006455149,1.8848860567291969e-06,32.04488026800729,7.795410452945161,437.021746085569,1
Pb,0.7622579408906188,10,1304.3948399530432,-409.74747245449134,1367.237685875784,-17.4389852183898,1511.4899334682575,4.947186376719587e-06,33.1898513730458,7.959383492871657,594.3811365303341,1
Pb,1.2538491146951636,1000,725.8865382123731,-229.07382086942,761.1741468058792,-17.514549807112644,793.3721811722602,2.2240244208357728e-06,34.065231532392055,7.295319171280589,543.4655574081739,1
Cd,0.4587967249950818,100,2153.3813919575746,-641.1517244845026,2246.8037192951665,-16.58047022340592,2384.8798403024925,1.5096831334375963e-06,26.08281732805304,7.83364658404684,566.8084535853341,0
Hg,0.1158682964730121,10000,8655.171240440975,-2605.955438907999,9038.970790467838,-16.75634029879061,10377.826261804634,3.182250176671032e-06,28.53153653784316,7.28548380080285,402.62667474198673,3
Pb,1.051301633437297,10000,1016.0049473167044,-292.55483991496106,1057.2863317614997,-16.06355804070668,1097.1043518907943,4.431829821590034e-06,31.859892890684165,6.06639297221094,470.8923240591773,1
Hg,0.0806775392234721,10000,12339.665726128844,-3721.471485638426,12888.6267791033,-16.782580290064274,13858.43364627273,3.712241507150701e-06,30.45709720918675,7.993525169972818,548.5633381154663,3
Cu,1.051623813898974,1000,932.6350826831524,-307.4223591742174,981.9962853145892,-18.243651541132923,1000.7629939177712,2.1843283565418016e-06,34.93280342396568,6.19790460337307,415.5965665979967,2
Pb,0.7027494337322342,10,1415.417331110755,-460.5894941214086,1488.4720028618972,-18.025352667828027,1526.6084533557926,3.246464639165821e-06,20.205164766569663,7.365283602890122,513.4679859137872,1
Pb,1.9446726673837609,10000,444.4358986214863,-177.80225294518982,478.6824721418921,-21.80450939625473,506.2694432965338,3.859423896801637e-06,25.32699822973686,6.50567240614958,485.8145534910007,1
Cu,2.099059071790034,10,505.9713963265219,-162.1527992874577,531.3196629312422,-17.76952167138238,600.8801929047595,3.91241796947097e-06,24.21541889405304,6.78396222581392,403.5233014282215,2
Pb,1.94873324172983,1000,476.9543510568223,-149.1059115649111,499.7179463013486,-17.360336623551838,528.6904433112071,3.666153821190756e-06,23.93473775248302,7.291868369601876,447.1951154238903,1
Hg,0.2446240452485594,100,4078.136064183584,-1236.069559804739,4261.345059329349,-16.861882713461274,4704.863956576009,4.483241699102473e-06,23.33794673748329,6.872974698615414,456.95839781334286,3
Cd,0.3806345197767337,100,2604.594622617162,-756.5102708414054,2712.235413465205,-16.196056011544833,2651.0640072965307,4.480421833376418e-06,30.63685761222844,6.501092117862257,422.3719892692645,0
Hg,0.2777638382781098,100,3560.7137396958788,-1043.653517716601,3710.5114204245815,-16.335984244021734,3711.0884047220943,3.3157462376280133e-06,21.271392099129827,6.668892373756649,526.3073819485321,3
Cd,0.4955605197696191,10000,2017.564756029158,-611.9654865576374,2108.3332994355333,-16.873541311547342,2220.181376350425,2.7194254764448493e-06,31.124132509150076,6.683096233846353,448.4795752503778,0
Cd,0.1950982158355695,100,5114.84302161047,-1570.33132874698,5350.472840577885,-17.06724908411301,5135.314386601077,3.5662811822604e-06,30.401387630244106,7.918647809016427,455.5238999238777,0
Hg,0.3383718416105928,10000,2936.7357621955543,-892.3548308197674,3069.318178528528,-16.90189838330095,3085.2494139517958,4.272848005481853e-06,23.762061987513444,7.597226031846902,579.6477196400294,3
Hg,0.1472171821293198,1000,6756.262293925885,-2038.875116056107,7057.201422886941,-16.79253292724857,7455.402058980492,1.0226084193647389e-06,23.792506747477415,6.9170975429588,493.4246185386279,3
Hg,0.3288145797040233,1000,3057.203909331786,-930.3038720450968,3195.6159089564653,-16.924948881525133,3066.3517960912754,4.967988036059405e-06,29.432908780167534,6.399641840682728,478.4256293938545,3
Hg,0.342590491579169,10000,3001.6176832718475,-914.4396830595192,3137.819091420703,-16.943302365059722,3160.431045427844,1.731575089316797e-06,31.43256658225517,7.622032220525312,544.7742076629435,3
Cu,1.3040497062572962,10,773.8362965786715,-245.2201468880976,811.7607617656903,-17.582831547081035,853.3914377127728,2.880995942639905e-06,33.14728419631048,6.314364943216747,581.9227593765825,2
Pb,0.5920244406660022,100,1738.925364792154,-529.4084417556014,1817.727901122613,-16.93264805669501,1938.2581178173816,4.488118939371468e-06,32.78209345781714,6.420924434284007,405.0072672474888,1
Cd,0.8026854274615959,100,1176.306961212723,-365.60291034012806,1231.813116932387,-17.2655425448745,1394.100593391807,1.9001615961767972e-06,34.4732449124578,6.732026783680302,489.6477693110793,0
Hg,0.2569101906961941,100,3900.298868477379,-1165.923210370702,4070.836301784567,-16.64307583996415,4403.707029305614,2.907180895601533e-06,28.720773430047668,7.760696391703981,522.1562712155894,3
Hg,0.0761737079774641,10000,13073.020806614284,-3914.698867666188,13646.565144192033,-16.670259913239697,14157.39076175878,1.5303287207247167e-06,33.62983342010539,6.2635733372682205,463.71261962519793,3
Hg,0.4976898427263952,1000,1935.4372755090417,-598.8440843963623,2025.96438390372,-17.19260213597515,2295.5645450164525,2.5803053015527705e-06,32.12769909890616,6.244468385709052,554.4815444246483,3
Cu,1.1155611219927333,100,859.4412993199738,-232.41108327585147,890.3113267875792,-15.132061974069025,994.3534695313624,1.7085418191720102e-06,33.420014364710205,6.987949976610532,594.2954140540547,2
Hg,0.3627658529863489,1000,2816.194000967793,-864.4594463271501,2945.885059779357,-17.064401717604,2928.846785723345,2.454510995084628e-06,20.1743990192805,6.552821082187349,588.6854732500567,3
Hg,0.4926555163685361,100,2077.3166907279897,-655.5510194947036,2178.3002026207573,-17.51443883676992,2131.676894944823,2.4938568671708884e-06,34.48854487798717,7.13745588329632,453.1965078759884,3
Hg,0.1576310468971665,100,6356.078159466498,-1899.207886412648,6633.756112871427,-16.636242588063507,7215.18047503804,4.972683158393332e-06,27.102952442697173,6.903273369366447,445.2676556874972,3
Pb,0.7133740530307943,10000,1325.1541115900811,-413.8943961653111,1388.287430844616,-17.34550553643728,1473.5404073649634,4.979252117215089e-06,31.97274484362264,6.869918212702434,591.4981062042442,1
Cu,1.2427698788448578,10,794.8401653014834,-232.02622017529723,828.0139221204707,-16.273346885676524,920.373026445734,1.4591451146424496e-06,21.908061790066714,6.223945940973986,491.72569748629314,2
Hg,0.186473816405418,10000,5377.768187160544,-1661.4038281701737,5628.55695139478,-17.167973153152193,6172.392646125885,3.90387511731339e-06,25.939116437209613,6.28209938049968,441.6595446169383,3
Cd,0.190941229909582,100,5245.990379619966,-1545.9479950563284,5469.037416811474,-16.419789372610417,5901.961117988759,1.2069819186764046e-06,24.071909945314864,7.642157154893701,541.3993927260836,0
Cd,0.7229452075247187,100,1291.041013265138,-373.8664358187333,1344.0844503841554,-16.15023667884734,1545.7329809304244,1.1207680613487544e-06,24.37488155751405,7.771765475143489,456.8840647807583,0
Cd,0.1560626183170564,10,6363.168476756536,-1938.9600740102203,6652.028204404564,-16.946824406340355,7042.232746788452,1.4213355769798572e-06,21.848834299263228,6.4693670657705,453.4493950142105,0
Cu,2.0188442562995794,1000,492.1290216391811,-177.21424896868,523.0639195902073,-19.803802918557025,503.26154669697127,4.861942628031737e-06,32.0864574881451,6.226921003049538,575.849808615557,2
Cu,2.9933937077059536,1000,360.8835312646917,-74.81974129745697,368.5578880256019,-11.712841274097508,420.66558904948937,4.76345419157879e-06,20.138634718716173,6.106833343869021,432.4958306753807,2
Cd,0.8325732425554169,100,1091.2891389078686,-342.1343397423197,1143.6642388083972,-17.406934427558745,1146.2581066929283,1.775711281122722e-06,24.68758185477804,7.2165952274837935,412.8785892932473,0
Hg,0.3268487472039549,1000,3051.412947481128,-932.1075812189908,3190.602688994884,-16.986210446291736,3525.786915271377,1.646689342214846e-06,22.616158148246225,7.430706425000411,453.8372880343375,3
Cu,1.6125072415732231,100,627.3046922130454,-233.5124495468993,669.3573342885674,-20.41764456359789,747.3842466672922,1.962140346063788e-06,28.835584109125108,6.745619978406412,521.3890825676408,2
Cd,0.6615062526624746,10,1554.182107877368,-473.2701964752415,1624.643561929155,-16.936226105904296,1770.771532007887,3.0621879763005693e-06,23.81378603921816,7.35935173498128,424.6175706806541,0
Cd,0.5743373175204864,10,1775.7799592768988,-537.2883800797847,1855.2825302735491,-16.833963641662333,1987.463642264747,3.27881852814164e-06,23.88497681792149,7.425917631119052,494.3189344553588,0
Hg,0.2417375227506671,100,4165.846724632832,-1235.4441554544596,4345.181376465277,-16.518511158978907,4549.426373033252,1.8863737217577893e-06,27.325072159929785,7.87068456279381,525.467422085064,3
Pb,0.6960655651102992,10,1396.6492478382345,-446.9763429151598,1466.4300094491098,-17.746479554364623,1498.4398008876967,4.026491152359781e-06,29.790335590113884,6.129747275670215,569.7473985186348,1
Cu,2.773208430480933,10000,265.19305628612994,-109.96365273065118,287.0877253110027,-22.5215899291966,283.915938044879,2.2382126776106038e-06,21.819570568477456,6.38458344646216,445.97391824045087,2
Hg,0.2524030919695951,10000,3942.2639622829593,-1173.6599359893582,4113.26181924534,-16.57890869617949,4444.013799142843,4.688525302117642e-06,22.63267178698244,6.137051975193977,563.4692646765579,3
Cd,0.2751602606386886,10,3684.327312931314,-1085.163592454853,3840.813425721328,-16.411550081831326,4237.914525772269,3.6268908258269223e-06,23.707621168917765,7.735987866672221,446.9812522262477,0
Cd,0.4309834157895607,100,2389.9476217988263,-748.4073335620055,2504.3887820926,-17.38784322805444,2714.2716731116634,2.745404777214447e-06,34.606223211769404,7.5851743200671375,535.3533082479281,0
Hg,0.2363583886380171,100,4266.39061915304,-1258.286904019917,4448.0754094355325,-16.43237347645992,4435.689618048524,4.159648006811382e-06,25.957287499143806,7.149284141243678,486.13471429649104,3
Cu,2.655075791133749,10,398.1041237195592,-118.68040028613132,415.41777854901017,-16.600053731890547,437.4357904155033,4.271658504186659e-06,28.984851359465395,6.167326820102367,422.936248475734,2
Pb,1.600421570842103,1000,643.8173496868266,-171.30909812455505,666.2188730875296,-14.900211665981052,745.7516723225841,2.1619264224357747e-06,23.623142190739667,6.54662471730744,542.8526925643697,1
Pb,1.6539573404620098,10000,576.8045780218456,-174.445780636906,602.6067138764544,-16.827143730494267,631.6822360384675,2.358858175344337e-06,27.35689287736232,6.595439696117034,443.5525237098036,1
Cd,0.1099281379857824,1000,9090.34896810888,-2777.5502487824224,9505.22118346067,-16.990498275163386,10065.96754355023,4.743820614914414e-06,21.11178761578937,7.121486392030834,435.3246852049183,0
Cu,1.832307996359523,100,629.213251387439,-191.8033230625525,657.7977124157475,-16.952814788677703,726.2550554137637,1.6589641534530877e-06,20.521132188834905,6.516087788073431,471.6645857178767,2
Pb,1.222016227452985,100,771.1918384623804,-210.1546751652887,799.3133548270129,-15.243336567861084,873.1843199123732,1.1686016678517369e-06,27.0310029023219,6.14591972782591,530.6580489518967,1
Cu,1.0383845536461134,1000,1043.7732956308982,-331.0069090709437,1095.0014915628592,-17.595137940833133,1129.225955054735,2.816221290438197e-06,25.97988931277618,7.461524603706598,446.7992957581256,2
Cu,1.5196264174900684,10,641.9550648995547,-200.34581884801543,672.4914516037162,-17.332463273743056,756.9180099248689,4.204839600974516e-06,22.05320479537741,6.598160423310823,436.7323077563772,2
Cd,0.7842608408099215,1000,1341.3575819103428,-405.9299446441224,1401.4347228847807,-16.837190166375716,1384.969695934482,4.086672425242984e-06,30.314021433811007,6.9047483540466015,401.9907251426729,0
Pb,0.7056645585934986,1000,1346.763152253579,-462.0192232734433,1423.809239660353,-18.934992914219418,1614.9081263383375,4.678122515651331e-06,34.893552363488965,6.255333269964611,494.3286194203447,1
Hg,0.2908895591536662,10000,3467.026020711827,-1006.6808547047988,3610.218244306301,-16.19111007477692,3549.439017152989,3.132802657476161e-06,25.934702317950688,7.605096606789159,485.72911386303656,3
Cd,0.2936816848155137,10000,3368.208698063843,-1028.4901230170965,3521.735618534794,-16.980169114983504,3378.279622605663,1.4002586862661331e-06,29.36837953876092,7.131063753848116,446.77354872747526,0
Pb,0.5181811619658399,1000,1859.0636457049277,-547.6043850620222,1938.03720328606,-16.412824814515435,2189.984002328111,3.354755897344065e-06,34.444639135467284,7.803171252419726,410.73043280193815,1
Pb,0.8618021863993122,1000,1171.285791226704,-353.1197600909753,1223.3576622134156,-16.77703192039557,1228.667903998739,4.113582457412847e-06,32.47302458670313,6.9909431261306665,485.85117491916736,1
Pb,1.9638106323650808,100,559.6876569774762,-142.75391596605564,577.6062273699797,-14.308777942643069,641.3684319340747,1.3733124810793057e-06,26.953283349540285,7.882851343635759,557.6410222143263,1
Pb,1.7023056678244843,10000,545.1914938350634,-155.4363257019574,566.9164103268073,-15.913067763629227,633.6232305915472,1.6906296043903591e-06,31.06234226689879,7.7837364087626515,543.0564262654354,1
Pb,1.9393649664815504,10000,440.68190509547634,-136.90305695906238,461.45746118500966,-17.258026327023128,516.3898569457006,1.0491626446226836e-06,21.92202560375786,7.152919712918468,572.1589779720341,1
Cu,1.975708087852725,100,501.5554088715618,-168.33692451185414,529.0511774133286,-18.55328543829902,601.0232993322068,3.3746103177872416e-06,27.681557831956987,7.867786876299727,401.9165375426312,2
Cd,0.1987625788097531,10,5026.756356310827,-1492.0698928656052,5243.524771650009,-16.532235839437934,5322.369552601099,4.546937567783618e-06,24.18590415769905,6.646177494589105,593.2838633609197,0
Cu,2.095918977947386,10000,504.5336612697876,-188.82892446002865,538.7119620604576,-20.51907935810068,576.2019960087976,3.6826532640083994e-06,22.417455318442418,6.731284325408423,468.2824505254897,2
Hg,0.2544698005519824,10000,3977.2191233052536,-1180.2479285860582,4148.645215936967,-16.528363708949588,4069.013227941499,4.928160350363929e-06,26.394213593818023,6.090955902612074,598.0795592183929,3
Pb,1.766535624109424,10,563.1089657673632,-190.9135847613064,594.5920485290751,-18.728451706888475,608.9245576314651,1.2521346099990465e-06,21.965218316504217,7.178401813527707,450.52389212035496,1
Cd,0.1882743227058201,10000,5404.173903646775,-1596.2064978548997,5634.977441361326,-16.4553220927613,6320.691202852989,4.612004340605985e-06,30.48477662261728,7.443847939857867,494.3072775156489,0
Pb,1.2323617055326672,10000,822.6618135400067,-243.5725532087481,857.9627312031457,-16.492893969008186,883.153460526719,4.256273149546724e-06,26.843600660800032,7.5470383804842065,470.7855353150607,1
Cd,0.2350437982245858,10,4237.204884510533,-1258.2789899961576,4420.087244612449,-16.5392963767978,4738.123331233956,2.25696608199802e-06,27.96716948846996,6.299632572092206,471.1521429988605,0
Cu,1.64935185378012,10,525.7204018968571,-156.07634429256274,548.3992762744346,-16.535148344207744,578.6891973568328,4.894106207349008e-06,22.19563908002236,6.888318144625001,568.4564197496431,2
Cd,0.7636213696490197,1000,1296.4165464911716,-423.9725058501714,1363.9826053630486,-18.109513262666304,1463.900997124164,2.15175099268566e-06,22.096574916402417,6.353726424187832,549.2837879474678,0
Hg,0.2642081582159449,100,3768.0751342339513,-1147.6371235380925,3938.9670199882353,-16.939086004204402,4501.26296561145,4.557218895312874e-06,28.75123152890186,7.324254697708498,598.4302870460097,3
Hg,0.2191497283155962,100,4611.105541983675,-1369.8838758428749,4810.288572695702,-16.545821546733155,4662.506021010874,4.522994308296758e-06,34.775146217441694,6.315892744843536,522.7029365435025,3
Cd,0.4550286507130318,10,2220.7879951917494,-662.9032822103279,2317.6151710655104,-16.6203184927562,2475.717364745681,4.03063046641189e-06,21.443758748565884,7.80832736791215,492.65132087890055,0
Cd,0.513502091565388,10,1888.443280746052,-542.9131861177021,1964.9358137749405,-16.039543766230874,2214.3994605991857,3.253881895251408e-06,24.28597142848672,6.461269291322827,418.0147725893783,0
Cd,0.8065148894533511,10000,1248.5154329304537,-366.4891386183926,1301.193711555189,-16.359070478892033,1368.718181883218,1.480010998467552e-06,33.041886748068315,6.58280453257649,599.3122839027714,0
Cd,0.9028762200462108,1000,1141.1480925325102,-361.6784655738063,1197.0924281568275,-17.585627578181438,1159.0703222223444,3.127886937985993e-06,21.084080183828554,7.701812644302,510.30613058645656,0
Hg,0.4799006089267677,1000,2160.1663755122777,-663.9711954080959,2259.906307399824,-17.08587846359335,2402.338027760705,2.4271850226197383e-06,33.138285820504265,6.916935220291448,540.0954939380283,3
Pb,1.6803550793829427,10,639.4875125889683,-189.78790596622576,667.0560156450663,-16.529901536896638,681.9589338767015,4.168868132621407e-06,27.864289750621268,6.047991891600146,481.3484774382623,1
Cd,0.3838662061732114,10000,2643.1166630898697,-839.215880246963,2773.147848269546,-17.615161986873705,2725.022506016988,4.03251682598738e-06,26.124001608896386,6.989172502405292,509.5431416358472,0
Cd,0.719321235477888,10000,1393.2037692843585,-384.4922930728478,1445.285807783554,-15.428284202916052,1629.7793861161674,4.642450029490422e-06,24.64520846527184,6.169086670760246,588.5155463785775,0
Hg,0.2469214058249264,100,4069.287245295848,-1211.9512388612031,4245.930344471595,-16.585051058225055,4493.794894369306,1.0593206497268314e-06,24.45675737191763,7.970689437374621,433.2838875863205,3
Hg,0.164601779920723,100,6137.743692810471,-1816.782415902164,6400.983985713917,-16.488841963217205,7283.38597555615,4.236412867292185e-06,24.58703873674218,7.176223140911205,458.4745168660509,3
Cu,2.681743158851845,10000,306.25291758121045,-123.48795409054652,330.2122413425532,-21.960382889393856,355.62189881187027,4.753848212498676e-06,33.272046214402934,6.513065235221957,430.4119455556065,2
Cd,0.1345837140660925,100,7412.847570733451,-2198.96296801293,7732.124367961308,-16.52257583399484,8440.226426345836,4.157201796432601e-06,30.856928452621784,7.127435359095236,558.4431807609549,0
Cu,2.8035239842708477,10,318.06549691427244,-50.78967085372676,322.09509619482407,-9.07256982529611,318.3851847592989,1.5207778394814667e-06,30.04584511746726,6.1537342067635095,412.4090520843659,2
Hg,0.2576648590811304,10000,3899.9680644419223,-1196.407986440123,4079.3557057070407,-17.0546409510622,4233.667628063588,1.325116419363551e-06,31.98123723428001,7.599782608537634,416.3263299702677,3
Hg,0.3367406645637262,100,3031.1554233341485,-893.9185911021692,3160.220506218848,-16.431324798162397,3150.877746066879,1.0833809592308033e-06,23.85671994506217,7.850656107728327,459.69882255747376,3
Pb,1.489030883308674,1000,641.7290287514289,-192.4965097316828,669.9783971152593,-16.697425873795876,758.6261205206729,3.514980903312284e-06,29.270642181226336,7.748888776412319,502.8376361842023,1
Cd,0.9056059666358828,10000,984.7177889627862,-326.3040136538007,1037.3733335816655,-18.3335469537596,1019.1009800385498,3.5186906074395493e-06,26.900993584369264,6.683515204597126,481.2549601119173,0
Cu,2.273339364334414,10000,419.2704937197491,-115.92346867888732,435.0011465439455,-15.45550945020332,443.25780153828623,4.9476548568728495e-06,31.7366245280029,6.651536239286737,408.9632621341615,2
Hg,0.3262701131420278,1000,3110.6188339508903,-916.51358608852,3242.8300423572678,-16.417096658820423,3432.155270709537,2.592172696416383e-06,24.638841657099285,6.0701752224326,591.4983115741903,3
Hg,0.0799934182523104,10,12527.90997783915,-3770.3955244051217,13082.981725252692,-16.749675353872906,13187.789119888324,2.3276251395899874e-06,29.64767925304844,7.3028007174018335,590.5739040716168,3
Cu,2.036816043890408,1000,512.3716665999723,-130.39316957488722,528.7032281027027,-14.278080654664196,533.877409491566,3.49769970873757e-06,33.233186177259704,7.06980956837959,455.871264648152,2
Pb,0.7252535012255625,10000,1364.8285629812317,-442.7838370301535,1434.856972894706,-17.974333449431704,1528.3621371738348,4.302434690030376e-06,26.03225714292393,6.918692742654683,546.3051230537163,1
Hg,0.3818451959246685,10,2554.9107945021506,-796.3683612796381,2676.1486757485704,-17.312311004070285,2600.352194029497,4.747095798092008e-06,20.99933131051192,7.815261906669414,515.7150822766448,3
Cd,0.560999728731407,100,1808.296772311104,-539.757083781556,1887.134050946865,-16.61979692596058,1829.333686380628,4.212496664716155e-06,27.74076233512689,6.335757802165693,447.4953390011248,0
Hg,0.356102500643759,100,2766.4661334287625,-829.4321344691833,2888.1295907729614,-16.689596959663287,2972.426933920854,2.7066959224632195e-06,25.18958731710539,6.019332533380364,452.4343103483231,3
Cd,0.1375056105421458,100,7381.6353655564035,-2228.822079435404,7710.783911627389,-16.801244619268783,8445.571810375333,3.5396569412482566e-06,30.083380708207624,6.146632904241531,498.2306348620901,0
Cu,1.1695840320916064,10000,883.5301933852778,-248.8671692961456,917.9109273654512,-15.73112907742526,981.567897871126,4.425197306864468e-06,34.26549387122909,6.446742875654738,483.847388299472,2
Cd,0.744691049256414,1000,1313.806337934416,-383.52401509600577,1368.640845420011,-16.27348708091499,1424.9218948214111,2.9624387532469585e-06,27.284124769952705,6.066571098526914,458.24586564625287,0
Cu,1.1441686719973467,10,843.427749150142,-235.86554332636223,875.7870303704634,-15.62371046314623,938.8618628285644,1.866746574821571e-06,26.99285345233301,7.005687421286271,561.5023192610298,2
Cd,0.1641310549887327,100,6088.044998761913,-1828.876228335619,6356.813680258457,-16.72050537089236,6533.022015448608,1.678893758991492e-06,29.818772002871903,6.628180910467156,496.29258352747695,0
Cu,1.024216950469775,10,964.380547633702,-277.2625589305438,1003.4462453161066,-16.04011624729764,1144.9408107595627,1.0006309783122269e-06,21.55246255390352,6.360966016136265,530.9696124778255,2
Cd,0.960851258469532,10000,1096.5854992106172,-337.88865582378503,1147.461764423287,-17.1255285645234,1108.6270806523164,3.8729519799251374e-06,23.80259283387522,7.500168149897324,437.8547000335751,0
Pb,1.6062625391885104,100,631.8840418333548,-148.48883874827453,649.096585691581,-13.224215116015154,716.9851077344573,1.444388835383962e-06,33.78468988250598,6.40890265246506,506.70153250329736,1
Cd,0.4179262676518578,10000,2356.1849783593966,-723.1064089102588,2464.6481555900755,-17.061099727556243,2776.1903436272523,1.975356398783762e-06,30.04913920045649,7.375210201987587,463.5952098893243,0
Cd,0.3668820231588897,1000,2820.193876638899,-803.9522144025034,2932.547129182109,-15.911252739419991,3273.61602325866,2.191505326091173e-06,20.201660659751244,6.698529811695278,505.28272207897567,0
Pb,1.0245548446187742,10000,978.4990620682534,-292.8519596786878,1021.3827317690952,-16.661753295329582,1014.5158580592248,3.2415194405470736e-06,23.069382088385296,7.023655521325109,556.1651666821856,1
Hg,0.3985940890315318,10000,2547.259920435966,-791.6881939221646,2667.4525860182,-17.26524076174837,2698.020186067653,2.591829109183077e-06,30.242558990433487,7.86773407970264,553.7826420182523,3
Hg,0.3476167749816864,1000,2846.3198106688324,-826.5343561908776,2963.8987004568367,-16.19261182254473,3254.509361297089,3.6986959680926472e-06,31.465988038438613,6.074703269631626,470.8441356068552,3
Cd,0.2666760110807211,10,3768.024380169088,-1127.889286282827,3933.210135711061,-16.664110623998702,3831.531084473809,1.2225546373148108e-06,32.59789359011063,7.000529014954924,538.8554234159278,0
Pb,0.7611640030011265,1000,1329.3328143765525,-381.7773623453609,1383.0689374639524,-16.02378600277528,1545.1796940411482,1.495756777057758e-06,24.382652050730677,7.708845920655237,588.2579900788554,1
Cd,0.1885560847420576,1000,5208.979374709409,-1538.2166940419706,5431.35127974406,-16.451922018646005,5957.933664065751,2.9968460141330677e-06,33.96542894416344,7.175948496740697,525.1338659849813,0
Cu,2.3206054394026765,10000,531.6857826029133,-152.74662369797346,553.1919219160767,-16.028691323452982,609.2700790611098,2.3478591513873195e-06,28.294203403668384,6.553741033930313,429.6820246765274,2
Cu,2.528745324443472,10,459.985252789279,-149.84039273304,483.7753363680383,-18.043041731368387,469.2071631977753,2.183253451005439e-06,30.448085335818394,6.7953622702900685,535.941725855819,2
Cd,0.3385417854925036,100,2933.9853512591817,-860.6813378243695,3057.6203830238,-16.348992109177303,3355.1651360997075,1.2681123161500908e-06,28.95108294169862,7.360531257457149,420.9808772698623,0
Hg,0.0594252324639107,1000,16772.755055305668,-5031.811406442608,17511.266035763598,-16.699196879566504,19053.2396346,4.582876698992007e-06,21.84110082011931,7.781623788627606,574.4220817586054,3
Hg,0.0869772503643923,10,11514.6373733269,-3440.674055625901,12017.699937853073,-16.636604168479295,13428.191606757931,3.767274344500203e-06,34.4467198907732,6.082132747493223,503.33209916038805,3
Cd,0.9710740313605274,1000,1034.1224889075131,-353.31135814808323,1092.8120780174024,-18.862901617944758,1042.725551669999,1.4864726272785976e-06,21.843133698412288,6.143077643780753,477.0281472623159,0
Cd,0.3659002997296783,1000,2750.768363643822,-816.2908747529495,2869.330476370515,-16.528262698877356,2763.4827827805943,1.2601838309485624e-06,23.823229346167757,6.650103047219175,411.4013189299385,0
Cu,2.538446295676267,1000,403.52062926441465,-133.827905282225,425.13386888623376,-18.348138841644445,433.6238411970329,4.899490133724973e-06,32.2044182033447,6.465559368874958,476.156746918422,2
Hg,0.3310986059844187,1000,3045.5603438572675,-880.6019104136096,3170.3150525933693,-16.126845877940976,3136.1890832415797,3.72469020175802e-06,29.27895442251652,6.5298617724448125,580.6413335831579,3
Cd,0.4437456756876063,10000,2325.9083723483,-685.3107647467081,2424.768154038162,-16.417198298015304,2585.658598622282,2.669824284374966e-06,32.57223748064536,6.442539997251762,404.19659925726063,0
Cu,1.4113745243911102,10,736.9343158548842,-216.2831398394793,768.0173060962429,-16.35645694325639,872.1394928813052,3.80692416302314e-06,27.736042825610674,6.391650097710316,494.92963155636096,2
Hg,0.1046238881717329,10,9505.563838257876,-2841.9429516103583,9921.309571997215,-16.645444065473068,10249.810951872669,4.025327145920637e-06,25.654898530499523,6.261247933738583,586.2316182221244,3
Pb,1.4225194520583,10,771.106227436544,-251.3006852884976,811.0221010662334,-18.05059875223152,901.4155269944964,4.119848809555118e-06,33.82768249321677,7.867908263590476,478.9681999530042,1
Cu,2.549267561275576,1000,474.3002628401403,-109.82494504148102,486.849317431575,-13.037164886907624,474.3231122095674,2.911509222612231e-06,20.543784762721923,6.288378927812306,485.6351374924301,2
Hg,0.3397569140935088,10000,3100.8836310784086,-890.4376809551844,3226.198778307819,-16.021742472279985,3205.3924909783286,2.7195310324993923e-06,32.84195330529569,6.408807549531073,515.712011039824,3
Hg,0.2886359599621212,1000,3408.397072871012,-1014.6608516503392,3556.220922584461,-16.577975754258954,3429.136173571684,1.0441123370756011e-06,23.462266777816723,6.4925314479615714,492.5874667154367,3
Cu,1.0839024468632723,1000,934.736353211164,-248.6128345918765,967.2333697398544,-14.894202319564172,996.0825729774002,4.706228460567353e-06,32.731044916309514,7.866029746260841,433.7203382475105,2
Pb,1.952733166391576,10,407.9978022810602,-133.78230465776875,429.37153108435024,-18.15429511916321,482.1056741007997,3.4132315135557723e-06,22.087949201253284,7.511428267202169,403.7111078139721,1
Cu,2.597428383309149,1000,412.65363574090577,-139.73836204677133,435.6717031409117,-18.70782446519736,420.65516500009056,1.8126157487598728e-06,28.70328445535811,7.579398860631029,521.9623315957404,2
Hg,0.1817699165154341,100,5474.050398179818,-1641.396624479367,5714.841261195703,-16.691384257804753,6137.953934148725,4.678413677685747e-06,33.32161878517208,6.209516519076996,584.1613174015624,3
Cd,0.9819732964229656,1000,1114.529920893439,-325.66015550067374,1161.1337052413294,-16.28810278581825,1215.1710675555396,4.659727607081186e-06,27.10309470348336,7.672619750031343,421.2728266054331,0
Cd,0.6416934306726899,100,1519.6458098373662,-463.77347657607226,1588.8389550019604,-16.971415750955224,1804.8736671548204,4.956736657464384e-06,31.198500107050894,6.816386163634836,442.1905438505507,0
Cu,2.164845316414493,1000,377.4676159948006,-102.48492099107052,391.13291878253386,-15.18999715258853,386.71701772424143,4.496226252555916e-06,32.07007426783338,6.5256460524247775,474.0458971649947,2
Hg,0.3866329307432894,10000,2562.869370785368,-762.7330215941421,2673.9598115790595,-16.573479549796325,2671.5493075464924,4.991137551280259e-06,31.04741313075169,7.151500167040621,561.7484458042239,3
Cd,0.8305928092811238,10000,1105.184986991043,-351.521631603134,1159.7419165294152,-17.64409175430051,1111.7148550301597,1.9787447524930904e-06,33.87994605311897,7.644365811633468,453.8520632941956,0
Hg,0.3454153732991762,10,2932.620095185521,-869.410168206622,3058.779930506116,-16.51308437839363,3187.133541801184,4.368998340796937e-06,26.70251345779893,7.557304302149818,576.4108808557537,3
Cu,1.2561914927324,1000,692.8028229058697,-190.57028202133048,718.5351653301536,-15.380057518563586,731.2995063287727,4.292113235183059e-06,22.596881587477338,7.779994965162264,410.99157493001326,2
Cd,0.4044407553950485,100,2473.972904397783,-738.7624849675271,2581.920204206512,-16.626351691329358,2904.397646361684,1.923761436882935e-06,20.7171659555372,7.856264372030887,588.1913242517869,0
Hg,0.4676376381467224,100,2034.5172667730092,-587.302217966669,2117.5892906855397,-16.101793282010398,2280.669772738317,1.3937501960039631e-06,23.696898044562577,6.476244142855499,512.149415574753,3
Cd,0.3021540506594667,1000,3293.5551711953085,-1012.4146272285316,3445.6478408470075,-17.08704303052125,3698.0635163239112,4.917682054710399e-06,22.14796255820363,6.847715788338544,531.7555356975408,0
Cu,1.7443340476750266,100,655.4535956244588,-187.2770702447006,681.6832967415808,-15.945768816741383,725.182151388851,2.1840982060824413e-06,28.36923112151721,6.02925707841014,473.5379045072706,2
Hg,0.2444345973248882,10000,4109.106288955319,-1256.137500814531,4296.816951521757,-16.998184586276505,4184.590848625554,4.4835671618712246e-06,22.77418005817598,7.75864331853012,556.3988571022121,3
Cd,0.495464490725007,100,1975.1334300599465,-614.8216561826456,2068.6125145738483,-17.290376742518646,2150.927685905391,1.0165086186984156e-06,20.58400560934057,6.309144302949536,433.3132500168812,0
Cu,2.225879164989051,10,447.7005112762616,-146.9287700576343,471.1940271986427,-18.169080606996737,537.1963081674176,1.0840992288784088e-06,20.53984743303002,7.722949624685389,409.7823650556974,2
Cd,0.9487682539702368,10000,1054.8990099778127,-335.3109066648287,1106.9080022208525,-17.63341385985513,1231.115520381399,2.8634852347854738e-06,32.473542475472925,6.658774643973192,479.1033886215114,0
Cd,0.3166234406492544,10000,3181.9573757612807,-965.547129103207,3325.226909502728,-16.88012652870033,3750.5471012308312,1.9548587357402543e-06,28.87174897164537,6.736267179962276,570.739142796208,0
Pb,0.6822520644513771,10000,1397.3910123065616,-423.5003099061922,1460.155523828129,-16.86021964535161,1627.464835407544,3.759365133743858e-06,25.371279528400677,6.078264508967719,550.9853673275389,1
Pb,0.796205734789906,1000,1285.5851551413366,-368.9324568157733,1337.4753638149366,-16.012223879690072,1312.078929428436,3.262257302271817e-06,33.413420641103706,6.653757579530639,503.4311940977916,1
Cu,2.773849800418539,1000,225.290205160698,-74.01024232232345,237.135388565179,-18.185905037046396,235.53857792503825,1.3099431898019655e-06,21.052949171115703,7.776727365602528,514.4275494330707,2
Pb,1.468716218982809,10000,649.3724960383179,-226.5242629468872,687.7484135311878,-19.230591640901288,649.7779189449325,1.6505131852628682e-06,34.70483109091739,6.051094802243208,425.9785652597511,1
Cu,1.5718135784783205,1000,611.7940704850625,-160.73686421561553,632.5569730850739,-14.720649949148754,648.9312094315844,2.5521970802336573e-06,29.24437685381692,6.812654946093451,568.1363017235165,2
Pb,1.7239204084529258,100,611.7395251330963,-200.2636602122297,643.6853114773287,-18.12676664827235,625.0274132805728,1.7424162558217327e-06,22.751963809532725,6.062799259625482,557.3919365928393,1
Cd,0.8752329967270924,1000,1143.6844442491506,-344.27974181683777,1194.3796082665497,-16.753206014246178,1251.8297231223382,4.168889388975715e-06,30.18603648465453,6.7418468502181295,531.2940787773886,0
Cu,2.693028677380556,1000,301.0509788531133,-81.38456351711976,311.8575621133625,-15.127454151716702,341.820957501818,2.6642809422131204e-06,31.45071889675344,6.345281281560583,493.2382072657877,2
Cu,2.837853067279109,10000,303.12940502495763,-86.94661313943163,315.3524214703334,-16.004480633830752,356.1470589801711,1.373727467369997e-06,26.44014175056161,6.504436786536744,592.8918536559024,2
Cd,0.3270169181560254,10,3067.8797656040624,-898.4803387307892,3196.7410241195066,-16.323559429497216,3527.581401769184,2.9373716090884995e-06,32.924489093683206,7.755196746322838,575.8063943752942,0
Cu,2.510083857492557,10,394.43969735161824,-108.75184633763028,409.1572300823728,-15.414182698291013,468.4827810191106,1.3633527242456569e-06,22.260986109447053,6.872098441243782,528.8860987029237,2
Cu,1.92107899454828,10,491.5845962436194,-164.70157046702798,518.4419182302947,-18.523021881985684,496.8837101079098,1.5157492216792686e-06,24.182563753664127,6.547595982803824,474.3601995434576,2
Pb,1.7629978293350923,100,543.1739833747448,-119.3809515325902,556.138281189143,-12.395613521783442,544.4971373187551,1.958439328112821e-06,21.40238542375985,7.178676755901096,523.6044557363025,1
Cu,2.4569813543232266,1000,441.8118955256998,-128.65689939094526,460.16339357765486,-16.235712320570915,500.2493046571735,4.438110820989959e-06,23.16316760911028,6.284213919665165,515.088185306133,2
Hg,0.3994013509248761,10,2477.862536167935,-746.3055653828106,2587.812733770732,-16.761736741803887,2621.257635575855,4.6984501293318885e-06,23.580932178667176,6.518783214841712,478.8483975669833,3
Cd,0.6905456539129643,10000,1443.7256147586334,-413.8391759664786,1501.867675354526,-15.99477491063867,1516.9227968224825,4.305030917328277e-06,33.76449786382565,7.092495935205777,461.3347943376152,0
Pb,0.7661431542045603,10,1413.735928013789,-419.1317594855352,1474.5578001443175,-16.513564932533427,1507.293320811502,2.336308869671389e-06,21.171645331267342,6.475046083696138,481.4021584474645,1
Pb,1.3175403783454076,10,687.8058895893929,-198.35720301803133,715.8369379565381,-16.08709862351362,724.9193531106666,2.089785764435327e-06,26.41122680281564,7.358255474801746,514.7822812066796,1
Hg,0.4931013827860286,1000,1935.3883861080787,-530.7728358604098,2006.8502705407136,-15.33608847406362,2133.354002305868,3.196622763160957e-06,27.985980308403693,6.982982604519045,485.62696894221887,3
Cd,0.943649259847407,1000,1098.895251110829,-335.1710038983496,1148.873524269821,-16.962085226533258,1195.6306587985098,3.88741264213245e-06,33.48039580703241,7.543978140509382,452.7148976402768,0
Cd,0.1388563622173105,1000,7167.754424572968,-2156.6815452522383,7485.183950887041,-16.745839028199075,7902.346827854476,4.9734911526407e-06,34.965443279918205,7.896489071444937,552.1926635521618,0
Pb,0.7472222235941557,100,1322.3780839809874,-394.38185495404696,1379.9350870639612,-16.60651868377975,1500.2944313097628,1.5262828475157048e-06,31.300821723797537,6.231609778694816,506.29349919148257,1
Cu,1.2634575469091238,100,752.4210894638627,-204.29600812753804,779.6629751417167,-15.190619283726638,810.6781213288169,1.1971679960952176e-06,34.56186485853544,6.66933001996909,413.53503264512,2
Pb,1.5889698649779431,10,616.3485487396354,-215.0352452256986,652.7830345702399,-19.233153415618528,647.3271743910719,3.777423555981085e-06,31.806516988038105,6.639098125756814,473.6633011252251,1
Cd,0.8360067968712506,1000,1276.0894293336823,-422.1379466296348,1344.0999507632785,-18.304521411678756,1318.506778967927,4.328903134015623e-06,34.44803961457125,6.3023658386745085,576.9826914423987,0
Hg,0.1460801148398023,10,6885.665115821052,-2077.441840158718,7192.228353332295,-16.788842471075647,7366.937466570667,4.385395119465693e-06,30.609060889166827,7.620606274666942,551.0473062399903,3
Pb,1.2587790394277434,10000,837.5317757773742,-283.937991914398,884.3530170068864,-18.72756205951205,961.7890746765904,3.713854196308643e-06,21.196451381766067,7.51975740807758,464.6493567888014,1
Cd,0.85663272521008,10000,1096.5500736078482,-337.46164903286723,1147.3022393847923,-17.10567046982827,1262.5030385842786,4.816063216476749e-06,26.028802804890148,6.968850941668798,587.6366304089019,0
Pb,1.599202317149376,1000,567.7540634595426,-160.276225115277,589.9433404251846,-15.764303346471944,643.4817121061462,3.044019054178348e-06,29.698959257037053,7.075541555589219,415.320581671642,1
Cu,2.084474410983697,1000,337.78330665347926,-119.14996926708903,358.1819055034839,-19.429827502245796,353.59346883452645,4.655259193344851e-06,25.260777641813764,6.119088276004993,592.2469407784378,2
Pb,1.3855215356881594,10000,681.2808374155037,-232.920782760278,719.9969933765215,-18.874870316509,761.4112154251893,4.871248547966093e-06,24.10075877170668,7.111014704654092,449.1410184969352,1
Pb,1.26254082037442,1000,839.8887577949658,-250.5798841041828,876.4721352034168,-16.612414695679973,935.7519239846074,4.388629828012431e-06,28.660989006996367,7.582683048039273,401.8188360604839,1
Cd,0.3677936061869385,100,2744.7635417798456,-806.1781928416503,2860.7079856037863,-16.36830423242099,3010.602782797428,2.2390342530344824e-06,34.00252815053652,7.147655147167715,486.76160730366536,0
Cd,0.6085197935731145,100,1632.2562556519235,-523.5763454659093,1714.1740499862535,-17.78460303887236,1811.7975838523569,1.7848626046811813e-06,20.524728102742305,6.530612740240838,471.79408593740175,0
Cd,0.7199967718450816,1000,1387.7801018815974,-399.9293825983595,1444.256598476878,-16.07588197316637,1524.2795527309752,3.192480259927274e-06,31.53846805312157,7.335096544668675,507.81780104135873,0
Pb,1.809984373791212,10000,518.046680517118,-139.0678800803689,536.3881416146827,-15.026587988849492,576.6332392015108,2.812059001520754e-06,30.84090917066941,6.722976859930496,559.3545721139691,1
Cu,2.272582707958496,10,450.2659336396957,-115.99807804877614,464.9677032950104,-14.446480693733928,514.6995249761445,4.5110333687709326e-06,34.45930138082431,7.089746568571471,568.4861604300894,2
Hg,0.3925046916694211,1000,2586.0341607128626,-751.440643916425,2692.9975346634483,-16.202620646281737,2642.734611853776,1.4001266842686149e-06,33.96066833498816,6.9751307265578495,480.2459999223384,3
Hg,0.1220322357295578,1000,8113.761746745554,-2390.0882455304736,8458.466261939833,-16.41350516925652,9330.218697177976,2.0309602452460743e-06,31.43348843066289,6.76235000193036,485.96914874127,3
Cd,0.515401726977811,10,1955.2164729808876,-593.6867828666473,2043.3637591888455,-16.890518601891575,2008.3538408167728,4.007195778074835e-06,27.80613147023898,7.43775596078827,429.63554606589474,0
Cd,0.1083984578443839,1000,9271.845237368952,-2779.3621396091285,9679.461142481745,-16.686819527844673,9395.398135316284,1.3799465799092486e-06,23.0640132985028,7.767752223971764,409.5095217762327,0
Pb,0.8700182967824346,10,1128.6461001011153,-346.9225986952951,1180.761325907549,-17.086351539148584,1348.9758063494712,2.283057656086801e-06,28.178535774883613,6.010425036953849,528.2429980470049,1
Hg,0.3769077718008521,10000,2688.20398815242,-806.4216595506098,2806.555998890978,-16.69847112943876,3202.721806093732,2.548621576215933e-06,31.48027990879481,7.867233038460735,412.8875251105384,3
Cd,0.9926289562144271,100,1148.1585017552702,-313.7900834138548,1190.2655844817916,-15.28558139311657,1162.0366483333148,3.49037518625076e-06,33.435038189568395,7.02303027216645,546.7660238842911,0
Cu,1.1983561991744318,10000,829.259287884403,-275.67807604393425,873.8817815664955,-18.388815825609807,902.7736945303706,1.6325305828774584e-06,31.84568013815824,7.40146376072653,507.8180290044495,2
Cu,1.8029886317225765,100,574.300019855101,-189.5109993998418,604.7602266180344,-18.26216954616397,595.6921142077955,4.4424179613988384e-06,22.92900402786581,7.711249132351754,439.7165956452167,2
Cd,0.8200638718292436,10,1182.5143575145862,-327.21068852428465,1226.9503007101268,-15.467169983904874,1297.299819356164,2.790168941865097e-06,28.99529471342089,6.93420738462854,507.9045887025299,0
Cd,0.2836320711660089,100,3534.7569406059933,-1040.026352043756,3684.584297055461,-16.395387662457473,4121.651894931181,4.668086847522227e-06,24.982601892970354,7.66994814672978,436.5995433204198,0
Hg,0.2997882271860288,10000,3358.701608049,-1014.8731153510414,3508.681224074548,-16.812839399850116,3997.2658673408514,2.871479654535727e-06,20.138085010859644,6.355239638910405,487.7474415020824,3
Hg,0.3798820832133536,100,2642.13791610248,-775.5533348083296,2753.6114001141623,-16.358678034961653,2977.2945129170625,2.1001610357629336e-06,23.00331403682999,6.3183350689596285,559.9120632484457,3
Pb,1.4239781753902685,10,651.273188021423,-188.55763955658625,678.0197260188964,-16.14687056963432,697.3710424502008,1.5673153147506995e-06,21.698309749001737,7.3149427377123075,492.3838586821275,1
Hg,0.1346111305769372,100,7439.124278025085,-2201.7317912275057,7758.104981527649,-16.486990431374178,8336.767050613074,1.0149803788451392e-06,32.640786853092024,7.740286011103475,429.7398636595096,3
Cu,1.7107691373714788,1000,657.6422029485691,-195.80246900803527,686.17189826507,-16.580059958605275,698.6792482029675,3.128629939939343e-06,23.87759378221718,7.784852355072079,544.765736364589,2
Cu,2.5675835689707944,10000,411.9030452025133,-103.05827128330236,424.59995987636,-14.047044983913134,486.854870853706,1.4286267877076935e-06,24.27046953331333,7.287480916754493,437.3536832540018,2
Cd,0.598803862718815,1000,1718.095266727119,-462.5883418082833,1779.28056234172,-15.069241625180222,2017.1814498909653,2.566911054524713e-06,34.39904857698326,7.050978460418635,547.7099748740219,0
Hg,0.0523533260943107,10,19089.132559638598,-5714.777784790628,19926.20553464685,-16.666299349726415,21220.364535656096,3.357087044948347e-06,25.68630084573278,6.662786175393032,495.87045784316666,3
Pb,1.6414861400421408,100,646.6990592099442,-193.0231544470864,674.8908143809119,-16.619020851224054,688.7084898117221,2.102743587610801e-06,20.14378460216592,7.960000831198663,490.7483518188603,1
Cu,1.070622709880478,1000,947.9992485868328,-269.95083487163026,985.6855627273284,-15.894753146824597,1003.6258869859925,1.700897169464461e-06,24.25769222519205,6.639391373332501,570.287007571495,2
Cu,2.4914675654624645,1000,353.8243283544691,-113.45291567041843,371.56859314211454,-17.778322560670357,356.1891482607633,4.098886490437367e-06,21.789493709027187,7.488372214463187,541.7207048681337,2
Pb,0.8037208402478562,100,1260.1391525051708,-330.28239164105656,1302.7037813350305,-14.686857481088785,1465.7487116665834,4.787164689126483e-06,21.54212842603781,7.063963599810002,406.58215939098784,1
Pb,1.9371102201790704,100,466.6480531051309,-136.39299517761964,486.1722478714013,-16.292710371751017,508.6821430083082,1.401761671447864e-06,21.16230935203624,7.217024685050694,459.2348629203205,1
Cu,1.735881502604169,10000,544.4321749240539,-168.78831888172644,569.9963944477676,-17.224813449915075,579.8347403937305,1.6223612975400314e-06,28.898892052630657,6.786961101177252,574.1841321699798,2
Cu,1.6538632326761582,1000,614.1113341478209,-200.94718034474695,646.152071897414,-18.11893503138435,671.9741758755257,4.840050629010875e-06,22.84021585444788,7.929646250944495,403.6652337090397,2
Pb,0.723332075498667,1000,1397.3530970030508,-397.2615252687864,1452.7258506555531,-15.87022489961452,1626.1663103222234,1.151136887248985e-06,25.41864191061516,7.143364652198542,509.0506892523941,1
Cu,1.6112084309804298,10,561.190541153882,-151.0134140896098,581.1539165449949,-15.06121994508099,575.1770040856512,4.91052934620189e-06,32.93026574195025,7.87557526091758,545.5651338347888,2
Cd,0.8889856856453805,10000,1177.5767935034737,-363.220125479324,1232.3213721067807,-17.14222581089703,1379.5679512160464,1.018577932339955e-06,26.365072096944136,6.015182832347828,524.3712170969152,0
Cd,0.9967009038645226,10,1031.9103301121454,-298.04407213119515,1074.0899395882552,-16.110171341196622,1217.140057775191,4.494674622605326e-06,33.735370250774565,7.1453411663822415,552.1064404208873,0
Pb,1.0524642957602726,1000,914.9145752921178,-304.6454919518925,964.3015896743958,-18.41657105487501,1088.145949293901,2.229300723950998e-06,27.46907080093409,7.434373779450543,545.1383697829492,1
Hg,0.2518747839295441,10,3893.347491090493,-1164.3048358256844,4063.712642043936,-16.64928461807936,4202.859266697938,4.754355432709187e-06,25.982549222596337,7.490160342324436,538.4061390306226,3
Pb,1.5831064073041057,1000,624.4242503596496,-178.27214806636098,649.3740087294877,-15.933961451729056,651.5417971624526,2.2677811545423422e-06,31.25583390636052,7.809953763563363,564.3079721851304,1
Pb,1.829293670697612,1000,524.3618970001238,-123.16197290885268,538.6318507072984,-13.218019875089922,563.5464986736991,3.617225286136224e-06,21.09762648152003,6.008803218007572,529.1381336899077,1
Hg,0.3168699503840528,10,3161.5258541759736,-963.8741323073658,3305.19274317768,-16.955218515821205,3372.027894056674,1.3201302790637463e-06,21.34217574473626,6.000660318518953,480.4836988513964,3
Hg,0.2261865641800232,10,4402.97326285127,-1346.4590314314275,4604.2508051480445,-17.00398680196301,4558.093456230617,1.969319245814956e-06,29.77960570884441,6.94452692159043,494.38182198291753,3
Hg,0.2356798283818806,100,4142.671658758904,-1260.710056846172,4330.256149434734,-16.926208548934067,4645.812943466568,4.094717385917004e-06,27.304110698588723,6.058587410010741,543.34495653629,3
Cd,0.7260563318471261,100,1357.8862535589528,-434.09724607398425,1425.5860186791206,-17.728351216173913,1487.3265326927014,3.114743414715279e-06,31.856228754788155,7.949065107324749,575.2612059333587,0
Cu,1.0064365272085574,100,978.3236811677796,-266.7639571951542,1014.0415346484054,-15.252306335592976,1147.710837487983,4.71187624714818e-06,33.74406256015297,6.444130349082784,454.44376016795513,2
Cd,0.6576304037138566,1000,1552.2940119738955,-434.7154176916879,1612.015568779927,-15.6447482261935,1562.262713875754,2.715005633365417e-06,25.82550316507321,6.94532945872969,468.41535919421415,0
Cu,1.7109860208827148,10,549.5483273222112,-158.4601666376868,571.9379236188869,-16.08471489270774,620.3156358430789,4.479249463255693e-06,28.946150398769696,6.122275260024447,586.1478792724826,2
Cd,0.8147775981493758,10000,1311.262519181785,-368.95285684083245,1362.1804596976026,-15.715127431009511,1511.347772870582,2.7958217499129503e-06,27.51044941692965,7.044096832342517,515.7023584818891,0
Cu,1.1859812796462643,1000,747.6016020591576,-221.60131300614256,779.753356727283,-16.510682831922846,861.1602772326759,4.916993114807941e-06,34.724159834636495,6.759912250294817,435.7923634270002,2
Cd,0.6293820402535515,10000,1654.4184567525597,-498.2277699797832,1727.811141537914,-16.75966370169905,1947.6058817947192,4.839337525595507e-06,32.466266110348926,6.089320057754447,532.7390277824766,0
Hg,0.2664378004487557,10,3742.005247231321,-1129.2623265504717,3908.687333680314,-16.792763681735362,4287.614865446652,2.316546822224321e-06,33.6760656241603,6.670248533392449,598.1524311078759,3
Pb,1.463488288857841,1000,726.2781860230893,-224.0912756344781,760.0637495029459,-17.14747627423117,861.0478277325811,4.543694681667214e-06,23.815101313664066,6.782872040445711,564.69071289408,1
Cd,0.1583682350346715,10000,6318.387653875845,-1926.472327288934,6605.552071739406,-16.956430039826106,6738.758324533574,4.390445496862597e-06,31.587896347438917,7.97984298254988,549.1482273102805,0
Cu,2.1599675748562626,10000,519.9476897021864,-150.69921163850913,541.3463331501464,-16.163455800147243,572.2762044374563,1.8427215893102517e-06,23.982098374964732,6.415771743838751,441.6093308532538,2
Hg,0.3026680645817857,100,3284.581399654665,-986.1810981006804,3429.435540902972,-16.71215306946663,3293.830559681142,3.497161603133079e-06,23.13113800142585,7.0895592307402,575.2279569368014,3
Cd,0.6045940849745538,100,1599.0712669740287,-464.8141656106511,1665.257074872901,-16.207963291303976,1601.29640256286,1.2907292623592595e-06,34.16399239483326,7.974631098397257,505.1577687071093,0
Cd,0.6431388999368093,100,1625.8992860427093,-485.89931588404056,1696.9521600595494,-16.638753257452382,1703.983626193104,4.346842882333847e-06,20.289566250768,7.58403841588027,577.8580044143912,0
Hg,0.354410571751863,1000,2815.912228682724,-848.027742636199,2940.835379943181,-16.759969046040396,2872.6850725153604,1.698183534013986e-06,34.480830554951446,7.986735001764178,465.96556588497583,3
Cd,0.8244900997126928,10,1223.948763911392,-384.6084897735702,1282.955286471875,-17.444584355132655,1287.6458403395236,1.283258805543058e-06,22.23892845483209,7.936596629320339,412.4102105270866,0
Pb,0.9047310801923216,10,1167.038410379046,-348.66845837727857,1218.0099938700168,-16.634224612184372,1208.3616753819842,2.600876382155245e-06,32.29157122689902,6.979079084188308,495.1951937319492,1
Cd,0.8425444691620558,100,1135.283211661019,-325.8202188819825,1181.1125203432828,-16.01319635300012,1141.7588727401137,3.307688554398574e-06,24.138838296021547,7.392751699741131,453.9675209635755,0
Pb,1.2473835233951804,100,831.4526023876115,-272.30256053796063,874.9069176161892,-18.13373552403879,982.6612621658426,4.419667834239085e-06,25.260534911460912,6.220886253882302,543.0458579552596,1
Pb,0.6155874187014967,100,1594.96991109605,-476.7414982552002,1664.6956098519497,-16.641569927420154,1597.5930405241045,4.896970102086946e-06,23.251365669829774,6.882297650093603,591.4213105712065,1
Hg,0.0763479181597906,10000,13091.325622667671,-3922.736827769712,13666.406652030222,-16.68052788995699,15018.58382997732,2.757970050279455e-06,28.782710637216194,7.618037084533395,538.1948302303128,3
Cd,0.4008144868264547,100,2498.533749990307,-763.9214206694573,2612.708716408752,-17.00090165884044,2574.5630760819317,1.2417876919410808e-06,25.22143321261811,7.010670641954286,577.3867859418407,0
Hg,0.4032036397001604,10000,2405.1252488109835,-733.294700741455,2514.42808220947,-16.955853770977665,2843.9305481278907,3.996462316103483e-06,29.86089559241995,7.405398065634464,490.60480272024125,3
Cd,0.7369128412668242,10,1318.070733337749,-390.8090030260004,1374.7880327263863,-16.5151313768202,1553.42437310099,3.26069302489575e-06,20.23470976913099,7.491502659968554,554.3281474390603,0
Cd,0.8097534682051658,1000,1302.4974136378114,-413.4176444571959,1366.5334468214542,-17.609636689263052,1472.8383240219628,2.791565379377853e-06,20.9656232527256,6.506938282485788,568.6086873343406,0
Cu,2.0345381128832187,1000,535.8216100847388,-153.7480087204338,557.4434931177334,-16.010239235250282,607.86112698476,2.237075515168759e-06,21.49491729096873,7.7513987458851314,542.1751255167085,2
Cd,0.4961790981599415,1000,2012.26932221314,-621.5878841371259,2106.086257214124,-17.165863842617277,2014.418080531649,3.0095941113741432e-06,26.284905279653465,6.919644861818358,501.5554572139129,0
Hg,0.1163536370178277,1000,8606.644713466749,-2560.7363401793605,8979.515790272899,-16.569328928571093,10301.93264505382,2.354718417828124e-06,32.22194258989964,6.420370207243088,525.1732219230736,3
Pb,0.9922891304139674,10000,993.058663845753,-251.1610442459599,1024.3277698011673,-14.193415418765817,1167.4065183232003,4.028047470989442e-06,33.32266865567574,7.730831763576887,540.1013991357761,1
Cd,0.4906174295564878,10000,2106.0771803822154,-649.038290148701,2203.8175495729797,-17.127939075129465,2483.109739587855,3.1755747859705643e-06,23.672161100913517,6.835637612212508,450.6168806442854,0
Cu,1.1772008593592345,100,839.4550775304288,-241.15236601163517,873.4067155825102,-16.027903397589867,950.136312322739,4.507391096616449e-06,28.61554586358521,7.500624876759439,561.915852182997,2
Hg,0.149275378720045,10000,6710.620494783706,-2027.720986532752,7010.283861887225,-16.813029037430315,7173.367340736239,3.174175658597769e-06,31.52547489038901,7.096066144443186,590.0649077934547,3
Cd,0.6384027646573649,100,1623.7107638097227,-466.294145666961,1689.3391828744263,-16.0229055616163,1913.9161499281688,1.9530496533597203e-06,24.33244144879413,6.763743504469001,493.0478630359872,0
Hg,0.3810484014076354,100,2585.469951535239,-800.9461536422759,2706.689788528783,-17.212325232715397,2736.211603154992,4.404367528928578e-06,26.1351160510441,7.619752830077139,540.2134366219755,3
Cu,2.9966950227858997,1000,411.6404172457056,-113.88039000515742,427.102536094022,-15.46411424474238,457.9673801437774,3.228876179720176e-06,27.85961304028571,7.168939863289226,547.4051811580708,2
Cu,2.866226662687115,10000,272.3676899743539,-99.1700863300932,289.86007756275075,-20.006752693999022,277.80038888559375,1.8273641525742448e-06,22.02312269612072,6.781124204854064,532.4495095042961,2
Hg,0.3391543397908362,10000,3029.9922173704435,-913.1373569931004,3164.596762632137,-16.771033435832546,3588.695894183063,3.494031239824889e-06,20.389734405886703,6.219195740670254,509.4230216657271,3
Cd,0.4791232479646647,100,2068.511864951461,-641.1740649883844,2165.6051156798417,-17.221803367918046,2126.748937378342,2.43086705976971e-06,22.29208713977425,7.790890627533415,576.3295909149622,0
Pb,1.4542660470623492,100,675.4971516752605,-186.20213608466307,700.6908286854348,-15.410975444700115,705.8805820136114,4.377622449168264e-06,29.402804318803,6.070939170683333,489.7853418537789,1
Cu,2.571303236160464,10,294.407336278798,-105.06180797243115,312.5918475411879,-19.63938154168753,327.2710944349455,2.813198954586172e-06,21.104273923005223,7.726374696736112,412.2205912973207,2
Cd,0.2065025718310486,10,4819.814965184216,-1434.905204368628,5028.873556189089,-16.578773948275806,5556.372340628023,3.905765432429668e-06,22.845445472751926,6.719923049766311,568.911275142432,0
Cd,0.4689144007266594,100,2080.595063128172,-631.0604795036983,2174.192527239656,-16.87295399779094,2338.318917022782,1.3821448305449489e-06,25.06780828542956,7.278677527002811,534.7962544633101,0
Pb,1.759703428453426,10,537.8952594130308,-163.65802525988647,562.2412821298142,-16.922713823510094,562.8680056618712,2.584097385209385e-06,21.16805096459549,7.84439944767137,569.8517252999293,1
Cu,1.767665903866088,10,558.8522142203636,-164.7005461181065,582.6165696498905,-16.420886617530357,558.957618501282,4.932965745889595e-06,22.87548906742452,6.303413231007797,427.70948848893886,2
Cu,2.143744542454373,100,514.3630714759996,-169.54541487597686,541.585650662655,-18.243359922507835,592.2531310873536,4.233841157908594e-06,33.66904683475266,7.133900951277621,406.1505881019432,2
Cd,0.6289924247759784,100,1600.224433748848,-475.8599878538367,1669.4792500678393,-16.560939634523912,1915.5350007951076,1.6397632094677149e-06,20.28948698340477,7.528865724740384,586.8749080765003,0
Cd,0.2660286278202754,10000,3774.377773260478,-1101.706640691055,3931.8806056930944,-16.27204598030911,4385.761389171547,2.1110561979090208e-06,29.801478862615436,7.515167665438115,429.5456611701149,0
Pb,1.043353162478433,100,903.6722683764012,-286.6635762295747,948.050407187972,-17.60010640221489,986.8474600866856,2.3192632354254444e-06,25.76613396372777,7.051263829199008,561.9304664140903,1
Pb,1.0017669331128982,100,954.1984789528624,-262.8233408203818,989.7327142799428,-15.399625544938068,1126.673148183747,3.601462241981783e-06,30.089731091485568,7.249478919812916,564.6419884361271,1
Cu,1.0523934170641296,1000,1040.1512406594322,-282.08341952807393,1077.722440620964,-15.173351833961355,1125.411953794519,4.027979037958623e-06,28.83037580545107,7.515053988265689,541.7410401098006,2
Hg,0.0608862937511098,10000,16387.297620219768,-4932.512385846491,17113.538550813784,-16.751588879353008,18107.74783411881,3.998106435231639e-06,23.352481315319665,7.682055275514823,426.2524422185742,3
Cu,2.6633940873515467,10000,458.27118453631545,-166.5824474627057,487.6086446926293,-19.976301918698745,502.00214927270673,3.039496225225612e-06,32.70814231360083,7.523626193751728,533.4797249121615,2
Cd,0.3457637289755312,10000,2879.995295127542,-857.9593705348273,3005.0735733830697,-16.588954459343718,3137.826224580238,4.243282151352605e-06,27.37910573914035,6.708009886362485,577.8173166653731,0
Cu,2.036157532477631,1000,491.2355325982665,-158.3188102348174,516.1174228421964,-17.86345471759866,567.3957826821368,2.7483123310299006e-06,32.33804028370208,7.993452802115466,485.1063289601767,2
Hg,0.1844265081149478,100,5475.732289070025,-1605.3476223377477,5706.205840145404,-16.33981625050709,6052.621391952763,1.4955222611822477e-06,26.09018804282329,6.869005387438609,482.70337087571977,3
Pb,1.9110188676730109,10000,586.875692213551,-175.36655685406865,612.5165364085984,-16.636871470846998,624.0504082584375,3.2577673666152533e-06,34.77028330872859,6.048929405517867,488.5716619158838,1
Hg,0.1666835414895981,10000,5993.851939862368,-1814.199570119414,6262.394203275082,-16.839843078063865,6303.324306664586,4.809205538404428e-06,31.557340377519445,6.725233903170924,416.4543781352413,3
Hg,0.2433455657325208,10,4089.970309214247,-1249.9342829845084,4276.703501767931,-16.993656539519712,4120.847390344107,4.171974605570046e-06,34.4892530766886,6.255565909147687,578.4051138059947,3
Hg,0.4427286127180708,10000,2255.924040550255,-654.9791129832599,2349.0829945272108,-16.189989159772477,2519.0528377551677,3.31480259076897e-06,27.71489718364788,6.24288523145675,573.836572796102,3
Pb,1.762900350187713,100,584.1449133150363,-186.6671534761946,613.2453880289166,-17.72160493813178,611.0110715280844,3.587222641396388e-06,27.105366984360508,6.563070080213789,599.5818643580573,1
Hg,0.1337456380308248,100,7521.444540734362,-2255.5567862311,7852.366802133985,-16.693117932351658,7744.280756543902,4.722248108142291e-06,31.33180713987887,6.106750988354522,517.0366282996827,3
Hg,0.4111894894080697,10,2432.1802707498305,-710.5380263226995,2533.843948682569,-16.285214465566835,2750.226738439181,2.713371177739842e-06,33.20436894520145,7.377024376819126,550.2383272902771,3
Hg,0.2561840990320517,10000,3934.387205300409,-1190.0013286287392,4110.414315293499,-16.82855398278591,4470.415402921467,2.3255765557705497e-06,34.46218693798337,6.14797776840381,440.5343812614609,3
Cd,0.5346719848768197,10000,1952.2235726269696,-586.5856483628941,2038.445388129328,-16.72397432315408,2245.898474813393,4.9089662600017965e-06,24.868278590487492,6.406579110871912,533.5057636448339,0
Hg,0.1100659875871747,10000,9104.524321456129,-2731.6886646332887,9505.497676632833,-16.70115736780647,10021.489941543745,4.453772534041335e-06,31.980568607639583,6.185799428988239,529.9465697514781,3
Pb,0.620902270635687,1000,1626.142061396322,-474.1761281885748,1693.865698450201,-16.256460428896737,1916.9140211377469,2.2921743384744097e-06,23.15968396453305,6.126335461806062,580.2417471683225,1
Hg,0.3775726881381943,10000,2572.551109631412,-759.950446179217,2682.4510978420094,-16.457526552457253,3054.3090274814003,2.855122389443692e-06,28.18361520118168,6.535503331079084,566.1585445678148,3
Hg,0.2734075185598849,100,3526.0073868571703,-1062.2044906822478,3682.5271855339865,-16.76484979418329,4095.366566385597,2.6603125160311965e-06,22.697722226137987,7.14379793532074,587.6932925235526,3
Pb,1.155276053922769,100,885.0127686136308,-264.23084935415886,923.615473213601,-16.6236061864796,997.5144380585996,1.5963827146857357e-06,25.210960426255085,7.9293711128936835,573.7666945403215,1
Hg,0.3782787028935785,1000,2638.812317489192,-799.0792754772274,2757.1467381026155,-16.847245302269265,2799.1048361723906,4.831277295253037e-06,33.97037550809689,7.751113308699212,573.7387789797704,3
Pb,1.6482693484866646,1000,580.9578244414281,-203.83959547081733,615.6805782720644,-19.33434706598109,695.1677330834749,2.617249724879035e-06,22.191360496596293,7.751867850890649,412.7446653377437,1
Hg,0.1215086754512091,10000,8242.04154895334,-2467.46044753804,8603.464997013576,-16.666380772089003,8693.929884966696,4.501316330551632e-06,29.48601342702795,6.352134072075315,569.1923905391911,3
Pb,1.415337724216462,10,703.5249602496476,-173.21365285823293,724.5345673125339,-13.83159023873118,732.0398008471743,1.7574249107226604e-06,28.89431409391105,6.52981438699564,521.4956789006236,1
Hg,0.1109093370249584,1000,9072.762447123276,-2739.5031169508043,9477.33589938193,-16.801589462105508,9875.074295004071,3.19148324254888e-06,21.8110752906348,6.152786633590612,476.08889035319226,3
Hg,0.3881187887130705,1000,2580.836309459636,-789.7114870299448,2698.9554069995825,-17.01361491397515,2610.1755512086243,1.0958455404970794e-06,24.889685656532183,7.55693667983037,411.3029248776125,3
Cd,0.6912596406404256,10000,1409.2882712149626,-440.2010367973636,1476.4384119161666,-17.346559245899023,1685.0844257171063,4.056881935369235e-06,28.444722567728988,6.139632602971124,535.5347549536093,0
Cd,0.960953158975112,10000,1090.1417607900837,-312.55069266256254,1134.0621650078765,-15.99793951044408,1218.436959450038,3.3236555929851136e-06,22.807679134827357,7.113391341641707,465.6403501075235,0
Hg,0.0810311073603895,1000,12330.08302582001,-3690.055198662074,12870.410047577649,-16.660997408898144,13703.53613214469,3.502358333879011e-06,32.00935484619223,6.495751144647901,493.5552529972069,3
Hg,0.0756746245180644,10,13240.796101372222,-3975.4095842599954,13824.708415035018,-16.711831051486797,14977.449066610345,1.2068835302186135e-06,34.58234764302125,6.486891268057489,536.3456874110268,3
Cu,1.5643741493864003,1000,615.3627327626004,-202.96920106155943,647.972059160442,-18.254450971745012,676.5326987913639,1.8441533208344616e-06,23.22139099943708,7.98145011049521,582.3549094048285,2
Pb,0.892558525603859,10000,1087.8833665301722,-324.51747412625315,1135.2540729661816,-16.609932327345835,1094.8596399140938,1.297323489414321e-06,22.80367947185864,7.513559613957074,565.0873831209997,1
Cu,1.4939575981439996,10000,673.571451827389,-233.36387809493277,712.8514573993401,-19.10902676654559,756.0585325862942,2.155657263215247e-06,26.82402607696167,7.6738787165821,490.11942582072,2
Cd,0.915629122468933,1000,1092.7866855998436,-324.9674743428032,1140.0818389944784,-16.561163408448124,1249.3117410623252,3.509756030728604e-06,31.21647915710048,7.143965370688026,477.5566314892758,0
Cd,0.3245915798645555,10,3104.785993506358,-914.0053103301486,3236.5261891084665,-16.403686911741016,3363.5693227528564,3.264743937269501e-06,24.22400915352877,7.742028574787499,447.9559477688095,0
Cd,0.3447547535157679,1000,2887.180364668148,-891.1780921331178,3021.590450412385,-17.15374515808931,3324.470145854964,3.448599286453561e-06,20.298198630459208,7.290981078332706,474.48535023519366,0
Cd,0.7834584361761673,1000,1184.573908358348,-386.0225380440976,1245.884723496271,-18.049473072650635,1238.353871630295,3.197005085511577e-06,28.11830942049341,7.89234740959269,422.2092774583797,0
Hg,0.252382929102743,10000,3940.594423389749,-1150.5895691830276,4105.135901083322,-16.27694691434677,4114.986683546169,2.0921151827034376e-06,34.34900851650961,6.5626771720912735,594.2211016729509,3
Cd,0.799039501259663,10,1291.193506675698,-399.593244792801,1351.612160704958,-17.19603504192068,1332.8776199495674,1.978029989377701e-06,25.869152831104184,7.190639091565791,514.7834887919157,0
Hg,0.0794147709039733,100,12577.24710365884,-3750.455174178776,13124.521275841607,-16.60424622589062,13512.981106685738,1.5482387341463251e-06,26.302018312746505,7.380262695873784,425.5611685590426,3
Hg,0.2694070371530229,10,3699.5363573599966,-1112.9408605119556,3863.315495584792,-16.74299577776741,4326.246721368678,4.3962834996139686e-06,34.53352575671057,6.785874610055613,470.5612018531812,3
Cd,0.1302522401649543,1000,7726.729967964148,-2321.258086728071,8067.874261726921,-16.721277259553233,9006.140556253382,3.465917434164978e-06,30.419114174400924,7.759415964808106,509.4078287241312,0
Cd,0.156387883109819,1000,6358.758625881473,-1898.8593337745087,6636.22468212798,-16.62673362720803,6845.615972798307,1.7460440500162391e-06,30.78757884263188,7.959606326208309,506.5771273281739,0
Pb,1.8596561800166165,1000,460.5936474905807,-155.858071382103,486.24916094902005,-18.6950581572606,514.8625169726162,1.7088375192849585e-06,28.440530080566013,6.987538982745323,407.1006737437265,1
Cu,1.2784907422351903,10,774.1407093087254,-229.5922699227047,807.4691623940054,-16.519141351218536,885.743360212164,4.492142406104547e-06,34.61913816294862,6.781281309608678,590.1682068458223,2
Cd,0.5791786140476954,10000,1702.3743905307467,-518.3421054557058,1779.5384524710853,-16.93454086838396,1784.4992377206004,3.970923455053278e-06,30.33299726638334,6.943875857112918,455.0751362949889,0
Pb,1.1166434039010598,1000,847.2287282762812,-280.57848735098503,892.48014296163,-18.32342825010765,875.7195199510012,3.6375963196214863e-06,33.425491274077544,7.705473491463863,403.23693378637824,1
Pb,1.021014989388264,1000,970.6486277731966,-284.444946837431,1011.4680847062544,-16.333025242155472,1159.361356148267,2.6274564301571995e-06,30.49068298599832,7.290936851036335,415.2888017900565,1
Cu,2.799666691374545,10,381.76065842188456,-119.79435366412368,400.11484287453766,-17.42156476026466,428.9124757227153,2.0479022571140703e-06,31.02673737260594,6.08954474503619,516.0389806495954,2
Hg,0.0598205285489702,100,16716.204987193996,-5018.001992727093,17453.133047476105,-16.70911917044485,19997.31426395929,4.917803052451295e-06,24.356163832133696,7.084339820891429,427.55710413501936,3
Cd,0.6974107175580302,100,1449.224350964815,-458.9705241577276,1520.1661624556075,-17.57303667832764,1547.1211912120518,4.188958300091201e-06,24.552180470207283,6.03460024548194,408.3449585707007,0
Cu,2.926788868427101,10000,432.3417677807341,-97.87452297896414,443.281881443546,-12.755744696877816,493.13176137527626,2.207116892545106e-06,31.74476974364044,7.557070742006811,475.9252932825423,2
Cd,0.6041513651156577,10000,1638.0703918405932,-473.8868338244556,1705.2399654878377,-16.13493269337817,1710.9984770674423,4.390259185113979e-06,24.45059433754849,6.656624547084928,524.5522384680377,0
Pb,1.9052336930496376,1000,538.787427286079,-142.35311050238414,557.275784393379,-14.79993357646302,566.93370094355,4.035727794458727e-06,28.44155106202297,6.9440149642346585,422.3679609683225,1
Pb,0.5783868189290357,10,1703.4860631452136,-517.1547129923978,1780.2566569178243,-16.887561499747,1877.8896890006688,2.1883221995119938e-06,23.74028466360053,7.597356211815263,462.6655664302631,1
Hg,0.2384569935833726,1000,4151.310328162712,-1279.976756238882,4344.159059843713,-17.136140968679385,4416.677133260644,2.706211416966559e-06,32.254750712136044,6.092897634571523,483.5521343249085,3
Pb,0.8902366864430767,10000,1094.051393600465,-289.1570704303493,1131.6184265108895,-14.804710329713307,1130.728714703921,1.7438137815641066e-06,21.65752026841535,6.317083071183221,431.8920195573534,1
Pb,1.5962314474710948,10,602.5376377237133,-181.98324147723133,629.4199750978936,-16.80578666571945,634.2167411596733,1.4442097775124374e-06,32.44169959642497,6.79592075289023,501.21477969334205,1
Cu,2.9625941809944933,10,355.51580167740536,-121.63073642362268,375.7466184615385,-18.887084249339093,358.05762550084773,3.891048131358788e-06,29.04094700761403,6.459850327091122,417.04281738035417,2
Cd,0.330877056199823,10000,3139.7243918517647,-933.5812860658672,3275.582890796893,-16.55958149143825,3582.063597161649,2.0700474294154668e-06,22.80364302240616,6.675802851550126,409.30369926901375,0
Cd,0.688757141326667,100,1416.08840034612,-401.48410434377007,1471.9021175457126,-15.82889619358642,1555.4645382893996,4.280237462985015e-06,28.130530782591773,7.99634947578493,503.96707343102696,0
Cu,1.3961952655194805,100,695.4009299544196,-209.0812901080352,726.1524903590924,-16.734085424143757,708.5082731583122,4.9824348460577045e-06,24.237482552710105,7.650828875147622,449.5793945501752,2
Hg,0.3043986145572244,10,3282.0099183641382,-959.031472150454,3419.258760143146,-16.28881584731443,3394.7101960383884,1.3064792557185947e-06,24.85201002095745,7.767803629920217,419.0747615796055,3
Cd,0.5175392380195026,1000,1952.0105868580397,-563.9431772870745,2031.840849676595,-16.11420408587241,1992.0402876409355,2.8921405003348014e-06,25.272920623953205,7.8741092671315505,484.7825174975264,0
Pb,1.9580079944473057,100,523.9006851588899,-178.69782929570812,553.5384739157273,-18.83404896240204,588.0882435547179,4.208250237243213e-06,20.94978870458481,6.681871760628392,583.028147903479,1
Cd,0.6476745454268199,1000,1608.1901247100643,-495.93283952620885,1682.921524770392,-17.138689106187122,1638.491759991456,4.1558035861649344e-06,34.78942526602126,6.594153915592946,544.838489330831,0
Pb,1.024259558130228,100,854.9954252785226,-237.34788431796144,887.3281216311213,-15.514726113231696,983.9770141012268,4.039988633323874e-06,20.47301942196836,6.46812498514415,563.1231830694055,1
Hg,0.10134310319957,100,9748.123205249578,-2978.689212851082,10193.061142339957,-16.991339420305966,9788.1117989672,2.395979741207644e-06,29.937453097764177,7.660233822616245,574.3827977517273,3
Cu,1.3024936574698691,1000,742.9641486191556,-225.87835844904643,776.5415371691475,-16.910490059304987,780.0196026220755,2.8154130227402096e-06,25.56841471636146,7.35910372457037,594.5255482792838,2
Cd,0.3027852369561116,10000,3357.5359389540754,-1035.877405718716,3513.700269096208,-17.14620301516333,3955.625013741243,3.379873429365881e-06,29.690154364200485,6.472343964965755,552.6493147028345,0
Cu,1.501933322680596,100,587.5261166136147,-185.7889110127549,616.2016367702865,-17.548120435442627,671.9572996139398,4.895762334293029e-06,25.34372379631376,6.753987658420909,521.6815843878959,2
Cd,0.865554452057024,100,1004.947198693472,-307.46056138862565,1050.9285746287735,-17.0113329862242,1019.6130630468724,2.310189083753972e-06,30.106259693882883,7.013423527865596,473.08517606044944,0
Pb,1.3418341824237874,1000,773.8075361163686,-239.30714839306077,809.9666747604518,-17.18470798632378,900.8862496668704,4.692575550867431e-06,30.93853264202541,7.056280114547508,436.3286473115432,1
Cu,2.046781822748733,10000,500.7547201324887,-161.2716410819988,526.0834838238587,-17.851525658231335,550.1326529929594,2.0774276727219764e-06,30.35828960599467,7.77745545710343,537.3319747966589,2
Cd,0.2032919846822957,100,4864.522671706416,-1481.299674504501,5085.059444021561,-16.936058616618947,5688.361718442208,4.956297861894818e-06,21.709429720372285,6.761132265894433,598.9899972243884,0
Pb,1.7902095400241524,100,509.3168480286328,-106.95682907221612,520.4261859005604,-11.859810472918484,570.510225710334,3.681054747310368e-06,29.853398519820267,7.817048061001024,493.4717369237838,1
Cu,2.4456286064169674,10000,360.40564319770425,-70.77245287608426,367.2886708501209,-11.109747547409167,409.55293769035296,2.854045921434204e-06,24.19981324181146,6.88273512063958,544.7358736185615,2
Cu,1.1353367238000032,100,886.322726258888,-289.138134282792,932.2922480528956,-18.067474872065198,1062.4353285693646,3.45356171225442e-06,20.432020558540003,7.492745349584707,499.01848999863125,2
Cd,0.7370515875067918,10000,1325.4413709019734,-365.9900762445207,1375.0431133633494,-15.4362633889385,1387.0307998017313,2.0901246761608277e-06,26.222460078334308,7.860508639970112,486.3866846726953,0
Cd,0.5891843956083814,10000,1721.9647111106256,-524.5787231426447,1800.0959149679406,-16.942814520928,1936.8471633891752,2.0966954300458663e-06,26.503146542057017,7.815151407926533,482.0611227119831,0
Cd,0.1735528111721004,1000,5619.203568666129,-1683.1773211332047,5865.8788463867295,-16.67507144798333,6136.531488214907,1.4542181753739754e-06,27.0076120002867,6.113905734591363,500.9249365863395,0
Pb,1.1874509622929847,10,799.2974459996192,-241.05471299782403,834.8555454927382,-16.7824308026021,805.60421504178,1.456201190821595e-06,30.572362480860743,6.4114085899531394,473.379132373075,1
Cd,0.5362266584170423,10000,1808.5803403174243,-555.7690749203066,1892.047069187356,-17.08197130078344,1813.814603864197,2.3906869658756456e-06,24.63265713713689,6.95381085106455,549.7546643643616,0
Cu,1.3315490803265515,1000,738.1879532612382,-201.77933910624853,765.2688129214273,-15.288009678905269,755.7905732271608,4.051421911585487e-06,24.72920769655884,6.863108579906214,574.8544053183033,2
Cu,2.8913962940005646,10,318.9512752606216,-93.16765196665332,332.28019405820174,-16.28341214414073,360.3570029418028,3.4318846703926504e-06,20.90828384361891,7.281783329674414,576.5770613290368,2
Cd,0.8649778343325958,100,1195.991178249912,-368.3283819393584,1251.4234676534074,-17.1172176947113,1331.6555882045911,1.4103382413240833e-06,30.30231823988444,7.889418101650825,445.5397426851652,0
Cd,0.7021201035961975,10,1331.2909128730344,-425.4790627379197,1397.6293956291331,-17.72382065977158,1478.6460620115506,4.408946099903644e-06,28.51739137099376,6.224809422555897,579.1818277462982,0
Hg,0.2580330024502733,10000,3877.747829190972,-1181.196249031674,4053.6591871445967,-16.941198996089643,3902.454327538774,3.4054705079602657e-06,25.24137669040682,6.903717330268481,468.310246371021,3
Cu,1.823531083169017,10000,576.3034152964821,-205.71862690098652,611.9197495884707,-19.644651661181214,630.3955992187109,4.843422307139119e-06,30.57783468376032,6.384822075774279,461.8615330970595,2
Pb,1.4764602007264314,10000,770.1279735029625,-230.7939210825853,803.9669953303147,-16.682556457980663,912.5435528948956,3.6807418696448304e-06,28.060366238403155,7.788215196795895,545.3512114796472,1
Hg,0.2954443412331075,10000,3360.6439857945925,-1032.1265075840656,3515.5672553536856,-17.072855402285743,3627.876930674523,1.700699454816724e-06,27.038674188058096,7.929160371603306,460.93926801725786,3
Cd,0.156045795293697,10000,6424.598100582704,-1932.690640425182,6709.005430434379,-16.74268973156451,7227.573243065577,2.8951334492312893e-06,27.669868154916895,6.9574033637807,410.593281121942,0
Cd,0.5612523838932986,1000,1691.536486290251,-480.058908814868,1758.33791985036,-15.843968757189293,1955.354834791669,3.593990390188817e-06,29.545221879005847,6.208020595456281,474.7235544620616,0
Cu,2.612807234465679,10000,263.1322996864292,-54.95369844749703,268.80944200553523,-11.796348141366524,304.3875119830153,1.1130588041999108e-06,29.900039068618995,7.570589333445346,544.2931200716698,2
Cd,0.5133158898372623,1000,1990.356865525264,-597.7525975396316,2078.1791597475253,-16.71629124091646,2197.0674009504546,1.0596410566192315e-06,24.33436728711076,7.394282700984798,465.3916840540353,0
Pb,0.5779348663314026,100,1730.0207754697976,-520.7479271638023,1806.6959587054253,-16.752149190069286,2026.875713449952,1.5176120023942716e-06,22.1111504508673,6.709341653220621,525.9118111990293,1
Cu,2.572556398768066,10000,447.64403167603353,-96.69571851438988,457.9686027165922,-12.189196666399614,482.68364520063886,2.006657740181883e-06,22.34951271785778,7.7748149479379265,532.0238888526261,2
Cd,0.281227403922377,10000,3487.1710931146026,-1035.7362055272065,3637.7344213251727,-16.54211994814425,4106.97615096353,2.7181964940827025e-06,29.590863288545023,7.951663779565415,546.7472023452713,0
Cu,1.5172416697760776,10,685.0858898888166,-212.08189616417545,717.1620508681032,-17.200945429732514,718.0011383019289,2.9497618950391537e-06,33.09309928650689,7.11570769826039,579.4260932621874,2
Cd,0.2482357180890663,100,4121.870030662281,-1265.0813715410934,4311.640456519092,-17.062259416908308,4352.873152677142,1.5521104357515871e-06,26.14244417518328,7.131455822688585,486.5128998536863,0
Cd,0.3971935583843478,10000,2538.6494743380003,-753.7173779381052,2648.175039411575,-16.53599553440977,2565.6204032778605,3.693566316463324e-06,22.54280240494193,6.595027010227556,433.2864153324914,0
Cd,0.7810763551197715,10000,1294.1136382998457,-371.64761603829646,1346.421946991586,-16.023173105897204,1500.028299310447,3.3845522467861397e-06,31.34903747440782,7.169012071966629,463.7851430863779,0
Pb,1.279078789255906,100,782.2404714076603,-247.30517191257096,820.4023422460377,-17.544339722640643,847.4879683264012,2.177856395364641e-06,32.48734211629173,6.8792846410496935,486.4334510347972,1
Pb,0.8073219112260688,1000,1160.1191989993065,-342.2117045970312,1209.5393365451152,-16.434993378881448,1213.2797155209712,1.054639533741168e-06,33.2087366468145,6.604382053856104,542.7782938656226,1
Cu,2.755660156304081,10000,430.6680973269114,-136.47189509637403,451.7738241713189,-17.582583417708314,450.6330328949132,1.310591661413163e-06,29.102471433706,6.134370393047803,402.6244251123267,2
Cd,0.8916236694563763,10,1091.0065275377608,-330.9826062453083,1140.1073321257695,-16.8764135956929,1287.6931714984105,2.566779102043358e-06,32.91092839082127,6.50541571941825,463.1570766879758,0
Cd,0.8835205825414062,10000,1157.0597077518407,-396.8743534767988,1223.2319566420765,-18.93209556759484,1350.0379673556115,1.6158974046627357e-06,20.231224376726114,6.395709299355329,555.9685162038634,0
Pb,0.858194317072309,10,1087.085550995287,-330.5612933729087,1136.2331467877077,-16.913483003085155,1207.4326364955712,2.5072784245918835e-06,21.60853702654285,7.084083969107898,534.1715406661391,1
Cd,0.5061154097628893,10,1916.8609485422517,-555.6708985145144,1995.7770525542744,-16.16612680191208,2153.0606952006524,3.512730418041421e-06,21.38864100578148,7.203340043527188,546.3479947171211,0
Pb,1.9774844842113128,10000,577.4473389751436,-185.8622528038742,606.6219632578477,-17.841744645630857,632.22694667957,3.1889497115171345e-06,30.689070263820994,7.217143448612033,562.362153887839,1
Cd,0.7948112286789913,10000,1240.7952686937008,-371.1880532438039,1295.126816062272,-16.654729426365517,1337.9908673556297,1.924703532549577e-06,21.043726753153685,6.776362002091358,556.6471437755924,0
Cu,1.0543348424511196,10,1021.1290618079738,-321.45773267623053,1070.532407153644,-17.47432379323866,1208.0930715730467,2.37528996503501e-06,27.445465586994604,6.842459467370992,536.4366332305556,2
Cd,0.1586841321344428,100,6297.915792496126,-1882.1659042229824,6573.149307629611,-16.639057474321397,6456.135438343856,3.4561247937946027e-06,27.09060347954433,7.66847685928128,487.93230647411815,0
Cd,0.5175382391310995,100,1840.1294851083549,-556.3693094832299,1922.4004084737355,-16.822867524172903,1994.128740249508,4.443420112173796e-06,24.660552853373616,6.952465627034325,596.7196657756308,0
Hg,0.4591490926377021,10000,2222.5451771819985,-685.5483839682397,2325.872664480243,-17.14248027646153,2375.7060585498143,4.01285375495551e-06,33.0560775491315,7.975546664274245,513.8146391180147,3
Pb,1.3080526969290711,1000,735.0005778820962,-193.8491440113263,760.133764623661,-14.774757101382058,808.2287913334915,3.2136001073336604e-06,22.55649802819994,6.87923446001773,440.5538418737679,1
Cd,0.5480312572308612,100,1859.647879564146,-539.3157235985994,1936.2726269015184,-16.172665983605395,2029.8547085879256,2.449171993265945e-06,25.2869417659886,7.299161889235678,458.56257102095685,0
Cd,0.1949263299609675,10000,5131.403814428391,-1551.5192796070808,5360.8317621170245,-16.82309422516365,5663.930158824655,2.460205110167222e-06,31.612572500343937,6.100725997986792,538.712491194094,0
Hg,0.3455510471259323,100,2816.7725206459545,-835.0759900054308,2937.9515554463646,-16.513275384503018,2895.5965066799317,4.517669241057585e-06,20.456334715899263,7.306679848837621,584.9479130398927,3
Hg,0.4199464222701015,1000,2389.4708865988487,-706.093025923247,2491.613629590457,-16.46250661306471,2634.698222313168,1.1569743041621857e-06,30.09425600369553,7.702852788830012,435.7440258411795,3
Pb,1.0706300112613434,10000,1043.8406439346234,-300.3061684801635,1086.180042514631,-16.050183097012077,1094.4499660926022,4.951930577681044e-06,32.24596589542356,7.884915677066592,416.4692991491573,1
Hg,0.3990253329163973,1000,2530.755871828765,-793.111879468531,2652.1221193885244,-17.40043422445408,2624.055400591561,3.657501643406249e-06,33.984017582572505,7.994641223279541,576.3062096084012,3
Cu,2.928953307801623,10000,338.5430067159765,-81.43077119414039,348.1987046121312,-13.524606197618528,342.93284098916826,3.724550796289562e-06,33.14444960737227,6.5643572912984665,583.0555957825669,2
Hg,0.1416949066074601,1000,7111.183868711561,-2144.749139871983,7427.575976562282,-16.783429843655483,8195.856383363214,1.1519913492189686e-06,24.79076175250528,7.1507401296514335,455.2758690631799,3
Cu,2.0466592623894826,100,499.1345394188346,-156.89692049447572,523.2130847957666,-17.44991144698141,541.8047446778428,3.422117099565089e-06,28.795462119844288,6.901435971064295,475.457144874248,2
Pb,0.9307069371268633,100,1084.9287867142205,-272.7210009690621,1118.681016470181,-14.1102192605304,1220.9015409217318,2.939112240361788e-06,21.159402397256983,7.127634961150342,532.0375994995717,1
Pb,1.689281628550759,1000,537.3863464964132,-155.17843633450374,559.3428577393161,-16.106873167684324,615.5860921951426,1.423115627576268e-06,23.86805005322013,6.314905914379693,465.98600416849496,1
Pb,1.3663900488217362,1000,743.5478483211081,-230.79080400527596,778.5420977418955,-17.243889576299466,844.5687372856206,2.111688043077436e-06,21.41333568121261,7.712299145191883,575.4317416540106,1
Pb,1.4518736263254557,1000,740.5373511147397,-266.26709278954,786.9521796771572,-19.77652003117584,810.2220223571906,4.561257824854606e-06,24.727809352309457,7.819137886689175,421.51574054277256,1
Pb,1.696871239423841,10000,547.5167988008272,-136.45975696132103,564.2658152316586,-13.99492472111864,589.9929909670675,3.1999536634638124e-06,33.12780820188094,6.899323326225845,407.59644419203903,1
Cu,1.7919409453249098,100,629.2788958077929,-215.68786215850992,665.2166433513096,-18.91935649795867,676.5956231691279,2.653666300695635e-06,25.20750259511439,6.5608597231471535,441.6972413485579,2
Cu,2.830180136814086,10000,348.74909860437293,-124.69350765130196,370.3706314325529,-19.674257715285343,393.39238680280704,1.2907286233632437e-06,28.428471545021395,6.281666855306025,457.2175556409938,2
Pb,1.29954330086921,100,725.1126247951361,-224.16083342029785,758.9706172685305,-17.178436132943812,796.8689514842796,3.856486109609223e-06,26.500712721724117,7.367529649555609,422.585318257775,1
Hg,0.1210796702759066,10,8308.906407277344,-2464.343686349197,8666.65538078812,-16.519862550927254,9719.978482464852,3.8114032935841305e-06,26.88374786448103,6.624463679241471,413.1380858681293,3
Cd,0.7263092063519222,10000,1362.484361561628,-393.2805087351732,1418.1090205097046,-16.10076103684009,1600.837916496042,3.456174427890254e-06,34.54358077754837,7.819077139826778,551.1215427003597,0
Pb,1.6898920256573815,100,629.7295279398512,-192.07560857876052,658.3709575689446,-16.962380350915996,651.2109092053087,3.041050584882597e-06,24.44231702395787,7.3420249496897405,432.8553131804515,1
Hg,0.192542754680387,100,5179.063741543815,-1547.553281190368,5405.332773946197,-16.636643507354965,5320.176294563531,2.7351376088294912e-06,29.40986704284757,7.291370650348481,582.7844398132609,3
Cd,0.8714613312988777,10000,1144.5065382064329,-355.3596753193519,1198.405488488912,-17.249130143524862,1288.8061345143508,3.373084371951969e-06,26.300940043691707,7.1188042317964815,473.5999322896192,0
Pb,1.8592148821486496,10000,562.5394535611892,-165.96876227704973,586.5119494645418,-16.43789788684984,596.4297271038922,1.933581806913627e-06,20.91719271571529,6.091552678857451,534.121161944269,1
Pb,0.9153567310667134,100,1107.0151063452145,-330.6377970080016,1155.3370930108713,-16.6295731772046,1111.126719586945,4.765036256710592e-06,27.33996247436354,7.863844871371174,445.08042295376,1
Cu,2.9670429454304443,10000,237.25931453253492,-51.802396446133415,242.8486578303671,-12.316481922569556,279.42706465201826,3.3551781167209185e-06,32.20014993567662,7.25587498659892,448.06455369837335,2
Cd,0.2266403752438825,1000,4356.214305760184,-1287.520729279276,4542.500710625539,-16.465547822542657,4553.899979411272,2.2447697774175064e-06,21.481294530225327,7.988123966766221,514.941840573515,0
Cd,0.2818141015622409,10000,3594.9089714681627,-1068.593143796336,3750.3682246028616,-16.554675960727806,4263.044841819582,2.798719403540629e-06,21.043877710944635,7.074712809545774,512.1285850291972,0
Hg,0.1329011776571117,10000,7517.780972294528,-2262.5812428392805,7850.879226420555,-16.749902051772757,8596.48398503075,4.22273915550757e-06,22.304472805899,7.420221783812426,553.7458456024162,3
Cu,2.787979420015741,10000,332.49613991323093,-84.91239608616675,343.167303317628,-14.325917342131708,383.2120082106155,1.6464642429211898e-06,31.46600167083959,6.112419115732444,551.5626611388532,2
Cu,2.308585104649924,100,365.2370499758849,-111.4104843168264,381.8512782364318,-16.96359806882583,379.9532904573296,2.171342489841042e-06,30.859930762171068,7.263472353646822,534.1375529327322,2
Cu,1.3042085664445455,1000,712.7617130661299,-235.46680129410163,750.6489686428937,-18.28140485327306,746.1466770647654,3.718032090946222e-06,28.475266533591657,7.529299223180715,489.82611317869817,2
Cu,1.880646836736698,10,430.6420128125519,-137.2583596819843,451.9871685145885,-17.67862032561714,475.5379717567666,2.261956825928896e-06,27.023396061389484,7.557028589705115,578.1280772561234,2
Cd,0.6537682225628219,10,1524.530039592062,-455.6684722019321,1591.171140442604,-16.64093760505655,1577.0043186268783,4.170006727445864e-06,33.32488722053933,7.540223304460571,524.5156980442598,0
Cd,0.1751176764904449,1000,5680.523919711108,-1685.9528602400374,5925.435768731411,-16.530641709414397,6027.526326935871,1.5218139487094432e-06,31.50046735750224,6.452565254587335,598.0396980924714,0
Pb,1.823624552611008,1000,500.029092162394,-153.67929109186127,523.1122417983017,-17.084323827330703,532.177210364897,4.050744681818434e-06,32.17913376952708,7.950796955210452,563.8739635868717,1
Pb,1.7054053031623029,1000,582.9647038325369,-199.0733853745532,616.0179045117462,-18.85423850425618,601.5764271848379,1.273406859402265e-06,32.19893452025981,7.990364241249877,408.8619622476653,1
Cu,2.010413547153276,100,515.6086297863486,-153.5477552699682,537.9862193946997,-16.583480976579313,536.7674377028605,1.050370450669979e-06,29.64075732118337,6.1511917503232025,464.11878141606354,2
Cu,2.934253230518341,10,445.4621114975022,-131.3695126481196,464.42915674321904,-16.431111949219723,515.7161052107507,4.592894075328649e-06,26.87021936473919,7.872892845623514,514.3751432941904,2
Cu,1.8355219585501996,1000,469.2099896813268,-137.046244326343,488.8145737400907,-16.28195927736834,484.8999827187037,3.3253568677291944e-06,32.97016628878475,6.578898388608739,544.2939075742975,2
Pb,1.976165478554747,100,563.999549535794,-150.80243454164955,583.8123552480429,-14.969590239010264,567.2095407719812,2.407307588347246e-06,33.89011126404876,7.37856816350193,510.0672995523883,1
Hg,0.3505639994616322,10,2901.2012651541613,-849.9819147444505,3023.150349606309,-16.329310344991868,3266.378336311381,1.9303785478554016e-06,20.357090648875147,6.676221841472264,557.2260844924364,3
Hg,0.3356020729642736,10000,2940.76474070752,-894.1136396598891,3073.6845089915164,-16.91143265323165,3514.7920897145304,3.4675431330432647e-06,20.77332309899377,7.935508646746243,456.5311305514689,3
Pb,0.7489323429436775,100,1345.395893868749,-415.9416373216036,1408.2249667211083,-17.179479739811157,1434.5186351060595,3.0360087341469534e-06,34.38114945362656,6.203007716607071,436.782410246565,1
Pb,1.822891637456966,10,525.6972982633658,-178.51316369811923,555.179789811295,-18.756154438039115,538.1726947821278,4.966391102119941e-06,24.157409207662923,6.995493633912752,410.783336757954,1
Pb,1.1412345318809227,100,885.5285068721851,-251.682238656046,920.6001769162334,-15.866049978702875,986.5473541864908,4.932863946614983e-06,33.10054159474128,6.85609558388415,514.6627489143044,1
Pb,0.7433501086737191,10,1420.717671011212,-397.2388991366093,1475.20759342907,-15.62122544875025,1678.2523597910142,3.5400982645664387e-06,25.83192678442104,6.65204690455597,537.7199041350991,1
Pb,0.5189112799636386,10,1957.3920137901168,-593.5192426952135,2045.3969265398896,-16.868321767809814,2264.3352670209824,2.7714820244235623e-06,21.786500864140333,7.291067981760297,465.2299434238723,1
Pb,1.339633525457574,10000,771.9032270802531,-236.3995794185758,807.2913681727239,-17.027493449002044,868.0076286275415,2.9645638765386488e-06,21.20664800314001,6.262111486843335,522.7168369711753,1
Cu,2.054799244245353,100,465.1500818900182,-110.20937342902594,478.0279329431588,-13.329458824051237,494.4597929294197,3.729916264947448e-06,22.347618486206848,7.433324836267394,410.4314461706658,2
Cu,2.438707244738317,1000,335.85048584633546,-90.64398868960048,347.8676206961205,-15.103907550590934,372.2486297393984,1.4062981769415255e-06,23.748397923010472,7.961184247609575,419.8586692593608,2
Cu,2.7805161060356043,10000,349.22205163351964,-96.04190139403478,362.1879183110698,-15.377141602218073,355.594993769769,2.313408295242873e-06,27.327775308962394,7.60911742893726,540.3509544516996,2
Cu,1.158813169286059,10000,923.2822851507476,-300.8030156646988,971.0471833573092,-18.04547751196859,1048.653941715248,1.3010889640144156e-06,30.522468508486757,7.72003350581909,473.61394104345976,2
Pb,1.5972447355105437,10,549.7197389480876,-151.3413602988379,570.1719027856917,-15.39257091290675,629.4396577922305,1.2934430380676782e-06,34.7959786472795,6.719273486358005,534.2668062206011,1
Hg,0.134335374843912,1000,7391.301136169838,-2235.9730676611466,7722.105156293298,-16.83130794562342,8817.86900234062,1.783356967576935e-06,26.62260114933757,6.649773212962438,566.3442240559837,3
Cd,0.8723593478414475,100,1152.6299849823822,-368.4693992134138,1210.0932114664477,-17.727887222350052,1212.658345722339,2.941013018372908e-06,27.772774135146648,7.034096709380266,570.5244874952234,0
Pb,1.728595270792484,1000,529.2716781285952,-165.7169349739128,554.6085212167294,-17.38553273034555,531.2253701044242,4.139097284651158e-06,27.82723552074884,6.091453229524546,434.4335290928902,1
Cd,0.58671437948699,1000,1664.7806650467548,-511.15005398300025,1741.484722987928,-17.068448481169863,1846.444349499589,2.9419835646634903e-06,28.09151533231904,7.890716268913065,497.2571144702693,0
Hg,0.3696092593804901,1000,2684.37999567338,-809.7459925897147,2803.851731758745,-16.785991072888166,3063.8388539003213,2.3419064422434795e-06,27.76610985656693,6.287570346032385,546.7853447264973,3
Cu,1.6287002263674968,1000,545.7056595463753,-192.5313305544109,578.6734658734546,-19.433436824616585,631.9716261337976,1.3294119613470326e-06,20.13162132592877,7.806026078336185,554.7961192533821,2
Hg,0.2620255545197666,1000,3767.71556103812,-1111.1383421820824,3928.143195500381,-16.431334149068427,3913.70619958542,3.201182092732519e-06,20.02587233164761,6.167164444000711,556.9351961457755,3
Pb,1.7324553465657075,10,612.3868501841638,-161.16232916492055,633.2384626823798,-14.7442536522593,644.445653183414,2.085074345932707e-06,21.464994771891845,7.64524985535712,445.63346687611687,1
Cu,1.918530394346428,10,455.8638056421989,-175.70599117547596,488.5533795088772,-21.0784223844437,502.5981356282001,3.45973671166859e-06,21.523349051437684,6.30392505175643,438.5069635447547,2
Pb,1.0366973979881626,10000,884.7080233561493,-245.84325089351373,918.230467040076,-15.529583398532733,943.2050611778498,4.908750956529673e-06,30.573453634321943,6.076263228182945,518.0024936547392,1
Cu,1.9884248945006,10,471.4093727750781,-157.63338442895594,497.066475058135,-18.489289110374816,552.5400088066656,1.4452572859102008e-06,23.07374048774,7.438978900518817,548.217159547644,2
Cd,0.8454243271934965,10000,1219.4357510796965,-348.6912145842532,1268.309549810118,-15.957601631600944,1334.979764860898,1.84850159488776e-06,33.420711571334195,6.560530600348857,463.8279031068387,0
Cd,0.4016872426337855,10000,2479.6529373591493,-745.264811061073,2589.227361272037,-16.728259089283583,2876.1884440585845,2.892378152397499e-06,33.92909494365529,7.428992305568699,420.9410313724843,0
Cd,0.2563854338221694,100,3877.148534212608,-1162.5690489821625,4047.6965733609854,-16.691441347721323,4327.378344870414,4.874455261383719e-06,34.63840006843848,7.11017050094564,543.3492765820155,0
Hg,0.3704063091488513,1000,2701.9559716006675,-814.2887444686246,2821.9908277378927,-16.771236326882708,3119.72707654626,4.087239105079983e-06,34.0862195733053,6.217614780460131,459.9395662760009,3
Pb,1.7389673190621229,10,487.768563550768,-122.08798498056068,502.8157193893138,-14.052366182511562,520.222048505176,4.592916772651321e-06,24.07832482877787,7.864260146602327,433.2725448623444,1
Hg,0.09528686533559,100,10519.361131467684,-3180.6000996908056,10989.684964019045,-16.823047425910392,12268.55547082566,2.334859393903172e-06,27.646652670552687,6.904628349526956,429.54470567942633,3
Cd,0.3158867014803502,10,3184.8637395952146,-943.3023151038642,3321.6225398844954,-16.498390685911076,3359.7588219342438,4.9681538951143785e-06,22.631824552954114,7.468894555597376,462.98190950534325,0
Pb,0.7129579846414908,10000,1382.1417727106486,-392.6159285154036,1436.8239791970857,-15.857909238991386,1533.098967624417,1.4113312642566297e-06,32.0931448275865,7.00204114403125,518.5356131827491,1
Cd,0.4131472704239499,10,2470.7406326746186,-726.8953881915774,2575.4487335848016,-16.39395761008692,2576.491846714636,1.2118916241844032e-06,33.32647557716144,7.208722949922409,471.6804477387633,0
Hg,0.2526579405074357,1000,3901.545527940402,-1123.9696800956524,4060.2174016136223,-16.070801785921557,4272.603202713948,4.422410508216113e-06,32.76933258946272,6.605547184713385,404.1323703186863,3
Hg,0.3869718516334879,10000,2640.5627367115785,-802.7477562679676,2759.886868460915,-16.90960320520798,2808.5950571063945,4.709059480827946e-06,26.500504230452524,6.400720608006901,419.38168693556224,3
Hg,0.3430164131967533,10000,2923.037075128495,-857.7650260866778,3046.293909417347,-16.354322590426673,3078.9538782918025,1.362341430184407e-06,31.380108270301715,7.085140406816135,458.10064943972384,3
Cd,0.658835710730588,100,1501.001449459769,-452.4222475447591,1567.702535991372,-16.77352098353619,1791.290632192962,1.453709706983366e-06,21.46368754364404,6.880437945942004,531.9408964294184,0
Pb,1.0285624199144816,1000,971.237055655516,-266.70299516960137,1007.1901041565252,-15.355013394330118,1002.3310362354404,1.1326966310230951e-06,20.60367155928876,6.780226426867866,419.7030146937068,1
Pb,1.76217132962714,10000,562.118472021691,-168.7893215209347,586.913121038794,-16.71362344921845,650.6325513686409,1.4180302505708965e-06,31.29854621463141,7.345134390189246,512.1313707001364,1
Cd,0.5241584506583481,1000,1968.8341918772487,-598.407773200424,2057.7657636698177,-16.906133066842866,2356.3657164128567,1.837679267201124e-06,26.38032911493025,7.381013264022272,423.9771741648008,0
Pb,1.968657407022732,10,454.1264416280165,-110.11648841097237,467.2862784264995,-13.630001305089278,455.93399962681633,4.880306475640004e-06,34.93323897109354,6.091840112182526,442.3230654698762,1
Cd,0.6707279244661631,1000,1452.7915375577031,-445.6687000476895,1519.6130566040397,-17.05429249583363,1655.8997598859432,3.671440888958722e-06,21.458813237832985,6.677488988487344,434.43770551115256,0
Pb,0.6893971123467542,10000,1502.3579189937468,-478.9618908761352,1576.858842659946,-17.682634143995916,1578.3507297706458,4.114212102074169e-06,32.83441522302851,6.823529100452754,413.4457271141621,1
Cu,2.352355124150868,100,395.32913531334106,-128.93567825747888,415.8239222980204,-18.063616413435188,398.5303386298265,4.104557614766089e-06,27.199745982934875,6.193784322328336,534.2659634773181,2
Cu,1.650208030863398,10000,651.0108578561787,-182.92259842508292,676.2217196018048,-15.694428818316664,703.467955939753,3.1402949991168588e-06,32.40725293255815,6.4718017333965765,492.6807094772069,2
Hg,0.3588472385087438,1000,2871.6729150784417,-833.6610994917907,2990.2334624575683,-16.188278985733753,3408.8008461117765,4.1899559108520695e-06,32.256909232552175,6.1032835944455135,566.2106881794676,3
Cu,1.1392822963248117,1000,857.6558286780627,-255.0741610974885,894.7828497043525,-16.562926923040962,859.6739090298233,3.383230129559879e-06,33.73988002043116,7.992484197234042,419.77816799646337,2
Cu,1.3497628743519188,10000,774.9389900221498,-206.1177556619644,801.8821406264607,-14.894644098326095,866.0540988926573,2.2581843904134306e-06,24.46775016929154,7.473114405939689,428.9465866676144,2
Cu,2.7114745178115727,1000,311.11840931789897,-120.49902122492156,333.6385450343887,-21.17184390451835,342.3171442895336,3.244440435073603e-06,34.24699030193005,6.174900313005507,461.2915462700901,2
Cd,0.3044616013211634,10,3322.2231014873696,-1005.5321997425688,3471.0605498572745,-16.83940922692942,3902.538510956717,3.134034344538054e-06,22.275004405364303,6.040498759580184,553.1731973877617,0
Cu,2.6740822504858803,10000,383.9312746927935,-120.95088475092008,402.5324088930774,-17.4861288595964,390.3814517592503,4.293812215037283e-06,21.22953166390236,7.43857560030456,461.15176463113977,2
Cu,1.5585521769088209,100,665.2730383897565,-201.87310006637733,695.2272751688818,-16.880104902942588,755.9532169186364,4.926908869526637e-06,26.47423276058524,6.878384331365334,481.6837414997385,2
Hg,0.3392968595264184,10000,2914.9930021412765,-872.816012877379,3042.8591809132045,-16.6689105917271,3311.4960044655604,2.644170261683722e-06,32.42484452962764,7.573593418129151,460.3207132594329,3
Cu,2.388301147019662,10,335.65349565135034,-86.87782954756125,346.7146181081296,-14.511508591865308,380.5693049574083,4.053562713765439e-06,27.101316959501684,7.846952075636768,416.044858360206,2
Cu,2.025309506290106,10,518.9142974324857,-164.5704259931555,544.3854086870981,-17.596098944062277,616.7124659096078,1.3990520161525342e-06,32.43930016295771,7.198600778032745,587.8867245792375,2
Pb,0.9579660150450968,10,940.7082099744064,-279.4318892532594,981.3328268456618,-16.54374508858834,1095.5652491872704,4.1073254777931545e-06,30.94530208691458,6.374216845834506,509.7077984142378,1
Hg,0.1456899693669932,10,6848.022998152681,-2055.3093572522853,7149.805279672785,-16.706171184368102,6905.509037074819,2.485667647972929e-06,23.141425792084004,7.564388072092905,557.5666376370993,3
Hg,0.0649352095530918,10,15447.024795786132,-4652.625236813662,16132.498152359012,-16.76223794461172,16902.390490926577,1.1575606515587466e-06,34.23322437349196,7.9116234863487485,531.6714184370592,3
Hg,0.1867758805583257,100,5363.605249431046,-1611.3549086109424,5600.421940642405,-16.721520985048887,5790.497869684766,2.452984714248709e-06,20.91171752944105,7.160462574119912,502.850855812395,3
Hg,0.3439232557390773,1000,3005.0425495758086,-904.3859554706848,3138.183340917751,-16.749489547816317,3191.44366877792,3.4425710036865797e-06,33.47419561315692,7.363994894561467,417.935651331876,3
Hg,0.4722371683018172,10,2168.8354939401606,-653.9522594821091,2265.2816508011574,-16.77923010154324,2364.6105157867446,1.4770006707258665e-06,24.56665173485561,6.674949390073346,528.5467090540609,3
Hg,0.4420420170183734,10,2229.53346951634,-668.2248517232729,2327.518838624976,-16.68426742668828,2400.8482283335434,4.696137969721019e-06,27.50222124746599,6.7630553893206224,431.0740711873664,3
Cd,0.7894582988817723,10000,1268.0570210455548,-378.9036355013988,1323.4562983412425,-16.636485537441647,1377.7018284809844,1.3106896530913545e-06,26.335278090511014,7.469308995706128,482.8766338712553,0
Cu,2.5768946865065976,100,385.6954417346591,-124.35453610254432,405.24686849397466,-17.87017262167201,461.23480930062544,4.720026879332665e-06,22.577518353753742,7.855542196813638,525.8226286960861,2
Hg,0.3492432065641979,100,2784.2253118018502,-809.8132988611297,2899.604829263887,-16.217477560466325,2833.5801461534656,3.828550071742746e-06,25.3722029960254,7.257976774448704,556.4458000944246,3
Cu,1.520573715132006,1000,610.6265661787777,-206.5775824376936,644.6232239759031,-18.690898398500057,723.2543000335158,2.318848701656815e-06,22.894016544391928,7.579695816970695,537.0090351417239,2
Cu,2.81439006141166,100,327.27872957538034,-112.60302104201205,346.10808597931185,-18.98621292829773,358.712981871431,2.563001390836373e-06,23.058297131907857,6.343270034830746,534.3067058109258,2
Cd,0.7036590807152506,10000,1319.3317233932223,-340.20024453349566,1362.4875789277423,-14.45920005689779,1483.9163097348362,3.963237458930977e-06,22.805852540395705,6.423918180515948,429.8084418350415,0
Hg,0.3021982839411979,10000,3311.4603073819035,-1014.1979193143555,3463.2884354190624,-17.028207071407923,3861.2838957457134,3.4058844035248302e-06,27.335260705198912,7.06406937366678,469.2257080143176,3
Pb,0.6664842038202217,1000,1487.9570615654409,-473.4622119638274,1561.4681179006318,-17.65087000512277,1595.2277634966213,3.6865716858197806e-06,31.96897051266973,6.353108384485681,408.5824545320388,1
Cd,0.5023499894257829,10000,1906.9993201618563,-557.4102611485325,1986.794555642696,-16.293485293612964,2071.1621773831607,2.55665846605392e-06,28.53455050641861,7.269990140441847,543.8953786352929,0
Pb,1.1905374068028896,10,860.1674512447554,-299.5926324489041,910.847841079158,-19.20300789920853,930.6183447285488,2.951253927230396e-06,33.39809882826263,6.583306370789398,590.5171962634838,1
Cu,2.72912721904534,10,402.2111472067669,-125.36882236147883,421.2969837984691,-17.312205573234664,432.3553461003814,4.959469936151574e-06,29.548167328650862,7.583065237333784,452.8220780358152,2
Cu,2.093296440375577,10000,489.0671495809917,-103.80364637276774,499.96187234584073,-11.98309756218052,579.5963470192869,1.855691481998871e-06,30.340101734489068,7.616220693228687,417.5393418324618,2
Cd,0.4423604940733687,1000,2244.3962908007484,-704.2176056832925,2352.283389881939,-17.420138659338846,2616.485725426241,2.671424746088526e-06,30.014108445905045,6.927574911510706,495.1140153507307,0
Cd,0.9791202956595934,100,1050.8970708561162,-354.9084109716091,1109.2090126357418,-18.66082728820392,1073.8066248701855,2.167292750295869e-06,26.74188789775612,6.36162127007527,571.3396446255138,0
Pb,0.6660808899894735,1000,1535.330174644292,-490.5826764324416,1611.8033712549711,-17.72019413184313,1568.5311837726497,4.0604460417594e-06,30.34008233300124,7.293549922163865,510.394839054356,1
Hg,0.2401467927403751,100,4179.489917870174,-1235.8797839941126,4358.386721490392,-16.473006551852677,4537.14518256859,4.056050502662883e-06,21.045616197034416,7.985574036527173,409.3554300380226,3
Pb,0.5630370127571079,10000,1734.8515585297705,-497.95993315921487,1804.902774435538,-16.015234626763824,1769.0827392868448,2.169781843989584e-06,32.897772078734945,7.245181795885046,594.8544481055892,1
Cd,0.7659137086902373,10000,1319.4601486310266,-406.0898205288781,1380.5375859289695,-17.106778298712207,1482.8338821316013,1.3255612665319316e-06,31.66718215165876,6.071549381428016,565.7299819925202,0
Pb,1.877114828298726,10,592.5064924442859,-164.0876996532644,614.8078697984683,-15.479444565474443,609.5341344867521,1.045730706688816e-06,23.678449373475186,6.034587951534165,426.318815410302,1
Cd,0.3520335965954405,100,2810.806513647379,-815.4368475439738,2926.699593312403,-16.177855318740047,3104.464548230004,2.709802132969942e-06,31.520486813811235,6.640723940984612,584.3595513007018,0
Pb,1.7875125151986813,1000,664.3336094960728,-163.55315456022532,684.1701389805619,-13.830674271662296,665.2929001867428,2.641350377343084e-06,20.18963902100028,6.3915676137208095,490.1376577210377,1
Cd,0.362996407415708,10000,2728.5666544698056,-823.4967019645386,2850.12680525464,-16.794108360604866,2901.337502310936,4.953559514559452e-06,23.258698587213207,7.626102414286616,474.37959811498826,0
Cd,0.9196931454795236,1000,1088.9395341524992,-372.7112945991495,1150.957435425844,-18.89453486637192,1236.423484386198,2.879208302790719e-06,20.97705858006344,7.689611334072001,492.21066610543767,0
Cd,0.7785657132371055,10,1250.7888185394745,-391.6542240100361,1310.6737579459952,-17.38668344323294,1371.8749173744122,2.0256734783016827e-06,31.703403749268418,6.517237542620952,566.9143913741894,0
Hg,0.4122080495786474,100,2437.1229596729427,-739.6729718005879,2546.897019075824,-16.883176287378678,2913.955564688059,4.564917764125871e-06,31.338112267675807,6.651289553899785,531.8959356573571,3
Pb,0.5270098334006817,100,1810.386716400171,-548.294790851619,1891.5938360528703,-16.84949237663103,2126.8798966308173,2.964271798614314e-06,32.20454035702746,6.472493935430229,411.8496904799455,1
Pb,1.9442155356110389,10000,487.0441755238695,-149.87044067733524,509.5813751507648,-17.103878237455845,522.0208418306265,3.396702540842312e-06,20.067225399882933,7.816765094742528,591.5208742232342,1
Pb,1.590006488105485,100,574.3221912072028,-149.91876540354744,593.5668585198863,-14.62980183583926,579.5469772409616,1.3826748417128509e-06,27.51849090017612,7.0052986692445645,429.5568266956636,1
Cd,0.37427598584752,10000,2678.592088693208,-778.0890580742108,2789.3149983292774,-16.197753616361464,3131.609672189008,2.5316656293190964e-06,30.572542962760046,7.31227408816404,549.1135903470702,0
Pb,1.7440919972882705,10,623.0866188005638,-190.3594587186648,651.5164296101689,-16.988458360622527,736.6421998703702,4.776894697895148e-06,22.33101693108523,6.830964173399207,527.2273060856262,1
Pb,0.9222817976223948,100,1116.5676152680414,-313.000587059376,1159.6088163535474,-15.659453863197776,1299.824809606746,3.3580215367017016e-06,29.74686091268937,7.262028387009062,437.50560958931214,1
Cd,0.8854784556095151,10000,1010.7499859831976,-296.0717684623375,1053.220787036341,-16.3265136309545,1036.6150661814384,2.3780074205698467e-06,21.261651489645285,6.771710753443472,434.1464152226099,0
Cu,1.225160780823874,1000,918.3228847460416,-274.2067459665611,958.3873226320673,-16.625369085192695,1101.604545739087,3.5026687225263727e-06,22.7198878415647,6.679356875458451,574.0655187409384,2
Cd,0.7333173797147162,10000,1378.4300271325417,-395.3981249975632,1434.0184855685116,-16.005364491875273,1449.7180782387488,4.641644358312465e-06,27.13695222491901,7.26896014634696,483.9389846999194,0
Pb,1.3110477149673656,100,723.9237885653546,-215.73209560484807,755.3846627545965,-16.594260594954438,828.7776214009301,2.0959624018903606e-06,29.80347729021653,7.182124156097979,530.9153028348277,1
Cd,0.1868810231758967,10,5358.854496269112,-1566.5001253387782,5583.121363079088,-16.294694946142997,6332.059852233282,3.020466873882698e-06,22.18803690430844,6.587055908335899,500.8142007713346,0
Cu,1.483787656517678,100,682.7603732526447,-233.59633531168456,721.615531398223,-18.887621278317944,714.9439376828996,4.834762615647022e-06,22.77834996246407,6.298696900638947,545.4707034151919,2
Cd,0.1111636326495833,100,8962.405329541307,-2699.0250168442326,9359.991737845789,-16.759655135520333,10590.441591749151,1.6895845731938106e-06,23.066695505984946,6.737153387676275,495.8484750078661,0
Pb,1.2031519481967587,10000,841.0460480168531,-254.8441923441349,878.8082938026365,-16.857260276082116,893.1036998400245,3.878655702386847e-06,23.58051207048468,6.830395278283818,457.4759830511137,1
Cu,1.6025305215200008,1000,593.6394615456132,-169.30278465452415,617.3096817610606,-15.917864972397322,709.5669454620308,3.4579240328119297e-06,23.39830772789437,7.25736866684921,472.67667419929927,2
Hg,0.3192608679339914,100,3112.016697793771,-908.2457995960694,3241.844900643945,-16.269948147364715,3287.0738737629417,3.718700524562539e-06,25.927236627464552,7.829057527273727,571.8155388900685,3
Pb,0.9458567115629256,1000,1022.9286337391007,-307.3665614664534,1068.109167094382,-16.724316181764763,1217.9879948545895,2.404878522670278e-06,29.806844762550845,6.07236959506585,493.6069385845454,1
Cu,1.5998382230139694,10000,553.4296360384296,-194.47348380165303,586.6040384685231,-19.361319455501025,559.3562753694972,2.25551749393506e-06,26.570476747017047,6.48732202508369,442.68986644892186,2
Cu,2.4863863974632068,1000,409.4819259905258,-105.99429986805764,422.97782367096994,-14.51246824532751,467.5687398684717,3.736838682353482e-06,31.63960863124832,6.3874318845591205,586.9210776154507,2
Hg,0.071664276190259,10000,13983.218784812554,-4179.866460120927,14594.577459055765,-16.64246740196391,15471.344065268053,1.8621731404181816e-06,30.78902758922922,7.004588817387568,559.3200912996754,3
Cd,0.9126054956727884,10,1121.507907659504,-375.2895454854393,1182.633599173246,-18.501757303583616,1228.6964918359745,2.6786189794360208e-06,21.89790371073613,6.85940161408632,411.13322921123984,0
Cd,0.8670374869520633,1000,1194.3489319786731,-358.380762267018,1246.9587571694926,-16.702592678137044,1247.7349710856267,1.752698584211672e-06,20.73262434981116,7.458075247640377,599.7885923961036,0
Pb,1.5017070248396098,1000,682.1258618672776,-236.4405951737893,721.9417195828983,-19.117498991529462,778.38688911352,1.0332193644933188e-06,33.16912345999409,6.484831825089728,538.9853392880204,1
Hg,0.3169497065483229,10,3128.438424133047,-951.8245491899554,3270.03011393362,-16.922335439649753,3247.8255730790293,4.880229440152278e-06,21.1974659984431,7.188996731499517,432.0533198081174,3
Cd,0.903072248325687,1000,1149.3143085935787,-362.8504711173296,1205.2318633059797,-17.521448119172895,1276.3921058963522,2.7268119146256767e-06,22.225087710795695,7.767714527199919,447.4335362597193,0
Hg,0.1333985807879215,10,7428.455748827901,-2212.3514306835305,7750.900184181303,-16.584645948399608,7804.700143415974,4.877398457679302e-06,20.33199913337177,7.821355479836609,538.4890962483094,3
Cd,0.1710722459717457,100,5800.449982690021,-1737.7983913235626,6055.17656642442,-16.678067079661197,6909.056785852217,1.5612940790713045e-06,29.42504547947981,7.917569209450062,555.9522110558244,0
Cu,1.4790203398190762,10000,627.9132200772203,-214.08578603828664,663.4061619636757,-18.82670961693418,631.5088011004203,3.349467117829945e-06,28.735558447375222,7.546522304159977,447.8071886299612,2
Cd,0.8151204508301713,10,1280.8153543799306,-366.6432870548323,1332.2594612003172,-15.974178498088389,1331.978363954004,1.8038961311649584e-06,34.80355499652883,7.81197581251783,451.39377077985415,0
Hg,0.0656016200269175,1000,15290.665417743214,-4615.875741801532,15972.187006829094,-16.797773567910927,16031.6834996314,4.160296507853099e-06,33.30398594475758,6.469061743970548,461.4241389744122,3
Cu,2.1656136701669797,10,486.1281394032097,-139.23616601154404,505.6750714097154,-15.982700301736402,526.3861437486579,4.134811955043901e-06,26.162647662213644,6.3951618887009545,519.6036729673274,2
Cu,2.99087503238262,1000,387.9468051836428,-132.66425494092394,410.0030831484389,-18.878895985364704,406.00419594426353,1.450428596157247e-06,25.573787613688022,6.012976167561053,434.3632356602554,2
Cu,2.711392187675079,100,324.8500827930014,-104.7685664885108,341.32686506437983,-17.87521667105242,356.77304132381755,4.648257811505557e-06,24.452780514199777,7.413688714858196,420.8486397769555,2
Hg,0.2846505600696152,10,3530.5090900208343,-1049.0673120454826,3683.074348953884,-16.54896700883912,4146.558582139645,1.7785185888128985e-06,22.28610380056822,7.874934375627489,535.7728178171027,3
Pb,0.5954613639299635,100,1673.1113613014684,-491.5044204092499,1743.8114068321397,-16.371032267384365,1911.383641366844,3.4519093663574414e-06,22.071254849030137,6.373870690083352,555.819587958634,1
Pb,1.7470602715785648,10000,614.7342031594665,-157.68087947672072,634.634855871198,-14.38635531368023,686.0386963528739,4.942534480350817e-06,21.984255620144083,7.273887150853758,500.1858808833011,1
Pb,1.398467762265816,1000,709.3071131364782,-214.4372079343725,741.012750830034,-16.821078504259496,721.9332305834515,4.529586139065456e-06,21.71172135780168,7.492919518443555,472.7665420536771,1
Hg,0.101719848676805,1000,9811.675856431611,-2937.373739670217,10241.93085302704,-16.666403079782274,11173.52097931904,4.826255714244676e-06,23.607680636083053,7.8552284702961135,486.4085427052953,3
Cu,1.1877145696467124,100,868.9985563821549,-269.454313362733,909.8154307243042,-17.22733163558223,897.9213109476701,2.370395084872478e-06,24.600029454696745,7.293720448034444,477.6815667743904,2
Pb,1.8644402291548885,10000,580.1624719464058,-170.4089439314658,604.6715654194445,-16.36889790600552,671.4066412459202,1.4223025688778534e-06,34.42368456558374,7.940587465497504,591.996981647535,1
Hg,0.3511401183221353,10,2814.448728280714,-835.5448975240439,2935.857101409977,-16.534939470848315,2955.2031134780937,1.7533874931578004e-06,28.677098765028287,6.689346282025095,553.6179810438281,3
Pb,1.7439301989751332,10,570.3636620317959,-173.0752955586263,596.0451030744457,-16.880277338712602,617.9375500179584,3.001979580306456e-06,34.81393661769921,6.699857067542816,441.61744297002207,1
Cd,0.8910810102540406,1000,1069.3103899412974,-356.8681266642391,1127.2885920939914,-18.455746674148877,1144.262675681975,4.172918713093289e-06,25.5870042173851,7.086025020028691,476.837830410796,0
Pb,1.357658528072483,100,611.6591842698086,-176.86833735432467,636.7176505014534,-16.127837845320553,716.7194679677253,1.600614576735501e-06,26.864399488841617,6.767003762231814,508.802458272622,1
Pb,1.276169527632562,100,793.6179337672903,-230.79415058307796,826.495834678208,-16.215100122940555,813.7035241380573,3.6389261290430287e-06,24.86867988747919,6.0028514565750655,522.5971724127377,1
Cu,1.8608548206419804,10,567.8327033650697,-183.95328053647995,596.88590905718,-17.950085624054015,632.071035906904,2.294310416158048e-06,22.74331476344829,7.463544050173975,493.63677920575344,2
Hg,0.1926259645060036,10000,5204.5114798738405,-1587.0411846836023,5441.106456045547,-16.95833357688573,5352.383735312995,2.364808289568614e-06,22.14747061666369,7.503434082956967,562.0253270023918,3
Cu,1.8691919217174235,10000,437.5124564859052,-101.73615393569224,449.1852564343112,-13.09053525488702,499.1838480033512,3.6476709206317055e-06,34.17618796711748,7.493949209373541,553.5212038916463,2
Cu,2.5477593114603128,10,374.9592830778618,-102.65887470547052,388.7586764588768,-15.31160326455671,442.83277226331626,2.867997678132881e-06,34.802160226981336,6.690041333220933,501.03158372563337,2
Cu,2.203846862030263,10,342.83464768960107,-107.43201492531452,359.2732017384067,-17.39910956986144,372.6343600689579,4.248133172103976e-06,20.67364244763097,7.044578946622344,570.8858773563461,2
Cu,2.785046579909692,100,427.5454772850337,-151.00430084845988,453.4285324299954,-19.452653251763447,469.28180495985777,1.6236740386513085e-06,22.2551881209765,6.719947036353339,550.2179060884772,2
Cu,1.8867600287583757,10000,475.70637897238817,-159.14821026014334,501.6220806783013,-18.497734237149,563.9425708362913,4.159793079068154e-06,26.35286138451534,6.032072800061291,555.7163697441287,2
Pb,1.410634368078131,10,771.6710995413532,-205.4495219266813,798.5523100757164,-14.908578254131791,852.0778990874783,1.2569409922296834e-06,22.79500214516611,7.124897882542838,591.2801558866834,1
Cu,2.262615106183977,10,489.25994712421823,-144.02474531990455,510.0180615668981,-16.402986534372484,536.9724243278142,1.7762155209824202e-06,25.45820590440325,6.247521332168022,453.29338824184055,2
Cu,2.1833943246126517,1000,412.9729552785008,-134.90362792356436,434.44867431999154,-18.09038020309037,460.73981101197273,3.624598858012662e-06,21.9364452478945,6.160082648182881,453.5296324733698,2
Hg,0.3661851978884823,10,2674.2193610484737,-792.072023690049,2789.054908337044,-16.498663757022946,3042.849662086902,4.419702626044286e-06,26.84767635082685,7.510998137393575,577.790451138128,3
Cd,0.3136901215373257,10,3205.377902435546,-977.9013344795902,3351.2294038753994,-16.965975292416495,3273.898224163886,2.0107185109573964e-06,24.07541924253889,6.019012404836211,554.4452746771359,0
Pb,1.268545666318686,10000,746.0880953775361,-193.80956800765324,770.8499171144747,-14.5617469784203,868.6122533249583,2.308766423315652e-06,25.27857583637991,7.918016887217452,585.3091082871255,1
Pb,0.6563372042125215,100,1528.7312950349735,-431.5633778125576,1588.4792480508809,-15.764461102430737,1661.885327957546,3.1484829931469603e-06,21.41468977194121,7.0305107282251535,412.6260320648906,1
Pb,1.0767669914672189,10000,904.5646524279864,-280.7008771524514,947.1167788907128,-17.239952358418282,917.6534333698066,1.8462912259572091e-06,26.421920760652124,7.966032861412296,525.5514154523194,1
Cu,1.9753341372425288,100,417.18554520291946,-137.72906850149303,439.33253400647,-18.270053037548053,482.7823542986281,4.244625046350023e-06,34.74886416442355,6.115995144945417,428.9256676246895,2
Cu,2.304448519090945,1000,322.41990118987064,-149.08863433080677,355.22107703500785,-24.816065992368102,346.7271357147931,4.094546580023044e-06,24.932495703217853,7.167059097731826,500.7794396585165,2
Cu,2.9010621051724077,10,356.0355541219877,-136.44228166762366,381.2844240532492,-20.968159496965423,363.1824334683884,1.5811668478631265e-06,33.14643912263652,6.698654071951823,431.1493863706888,2
Hg,0.3202929799467601,1000,3094.063597539685,-955.0084747610606,3238.096776269305,-17.15327681475982,3486.254128566572,2.855318927266529e-06,32.647987124355275,7.686964985628571,425.6157017969758,3
Cd,0.7692345245589038,100,1272.339162680729,-378.99794198447097,1327.5866769893269,-16.587474959313777,1496.3042805360924,4.099311066618486e-06,34.28087627445816,6.722445470468573,402.43366907640666,0
Cu,2.0125321189904053,10000,531.6796717101796,-166.02857560188107,556.999785660851,-17.34211294845818,626.0797705991372,2.3493181244136598e-06,31.851642684006418,6.520975158114698,526.0477624765808,2
Cd,0.6706936282386982,10000,1549.6658520994065,-491.8064653781267,1625.834509582911,-17.60750766561109,1846.4775290422715,3.532427290870927e-06,29.893952405882224,7.715106254199826,471.8045233380173,0
Hg,0.081919497260198,1000,12193.478928459934,-3663.666959387271,12731.982719439357,-16.72348258834658,14309.548576414883,1.2008524858302908e-06,32.848766663411865,6.749306183306522,421.03765697579433,3
Pb,0.8815873712627704,100,1117.2875839352305,-325.07953222762217,1163.6186005255993,-16.22257737421218,1117.7659884558116,3.4347550421172724e-06,21.134670209860246,6.0336666397211225,464.567555546262,1
Cu,1.7237061864102774,1000,605.1524269259307,-170.98894107946748,628.845511859488,-15.777912790370967,651.1731998603726,1.610611920002428e-06,26.942459857982115,6.780578201678668,433.788818290317,2
Cd,0.5252440195058622,1000,1836.030206046473,-588.8024674311195,1928.132584437084,-17.780694373215685,2136.603986374815,4.322333300457805e-06,34.83884357922588,7.309044538021884,588.3389663003319,0
Cd,0.1410838709521453,10,7099.140093616064,-2132.307297694496,7412.457384740118,-16.71823664928199,7619.156373474299,2.4217978543219143e-06,31.544002269420982,6.508719077612764,464.0009771522696,0
Cu,1.2800481951066354,1000,808.8148837400086,-270.31128066143475,852.7893670843865,-18.479968595731982,906.123160790304,2.126215450912783e-06,34.431130670558346,6.8639751848503145,466.790704657878,2
Pb,0.9152214616869588,10,1126.6432305695496,-319.9583952280594,1171.1952628255915,-15.854156671612484,1263.2638074373715,4.36355590684594e-06,31.694515342002184,6.113430276564451,567.9716006799172,1
Pb,1.957299036351576,10,414.07049972176736,-108.53822158946024,428.0594868539149,-14.688200150406908,444.29974173265646,1.2005760922872408e-06,33.12322951163216,7.176185583027914,529.5511522572008,1
Pb,0.9970205106545762,10000,964.9206297407692,-307.4367334487199,1012.7137634953629,-17.67258084569593,1139.4697400400423,2.586435197337379e-06,30.597944484547867,7.512589847720788,542.0343214806003,1
Hg,0.2669184761504371,10,3702.5491071208985,-1126.0856361842775,3870.00500654228,-16.91650599232765,4075.1946392983577,2.4800141623001257e-06,31.407530066258595,6.826625122802221,527.2003607977921,3
Cd,0.2764879414645537,10,3621.788608992799,-1095.7619237078056,3783.919518393305,-16.83304244793004,3958.45863753364,2.1392014969982035e-06,27.84767014759251,6.84046526560292,589.2392567897131,0
Cd,0.6497020639681914,10000,1563.2042648637212,-514.0171473537431,1645.5458673223932,-18.20204202337853,1875.0678131594927,4.647017328005909e-06,33.86356551221199,6.176564997169833,441.400166311609,0
Cd,0.3526148939643768,1000,2910.790600877281,-866.5178167943728,3037.0306302336844,-16.57782466963028,3198.085845131699,4.003713574066889e-06,32.375583659350426,6.403881729023965,597.8078483511591,0
Hg,0.143146660297292,100,6961.094063645392,-2093.78511002042,7269.1654713496755,-16.740441665367317,7209.463466138344,1.255692656767755e-06,32.65827448498448,6.309350606255825,566.1912355113027,3
Cd,0.5649153656013812,100,1745.298043824022,-504.1859114958493,1816.664166852767,-16.11307580815724,1924.3898558379176,3.8587497977398165e-06,30.095136514445784,6.963375537323076,517.7945177752684,0
Hg,0.0524776096221893,100,19113.229607659247,-5755.937066657025,19961.121149635317,-16.759641697199502,22224.927361753176,3.109196532515176e-06,24.568699206308736,7.0585110819015,532.4743248792498,3
Pb,0.511496048973838,1000,1969.878161591208,-603.345907442361,2060.205391591189,-17.0290879088055,2275.942200103914,4.603471577606318e-06,20.53444693085209,7.89788026256852,529.7651753001228,1
Cu,1.4381376182037156,10,758.7263224596676,-257.7484018986826,801.3113446560558,-18.763238275635985,878.3898709795684,2.251782469393434e-06,34.034826941143166,6.146463008554468,411.6792448118308,2
Cd,0.133049226250739,100,7530.451548674855,-2279.2212758723417,7867.817368961271,-16.839346423851797,8596.799308815996,3.296647998438332e-06,28.791805232082453,7.199735946310094,443.6032997063877,0
Cd,0.1972231787176222,1000,5012.542113677975,-1527.4022740247567,5240.0893263465705,-16.946822719356675,5267.397628526888,3.0030210989639446e-06,24.472144567222102,7.052997054656482,592.2941769049498,0
Pb,1.0082909740081274,10,925.120783265727,-257.6167614027892,960.3201858681582,-15.560831466002886,1084.6271642124136,2.958243624910423e-06,22.237026617713067,7.032466195871658,506.8728857718759,1
Cu,2.605171359159626,10000,306.27629674452726,-105.84812599838602,324.0509153279958,-19.06498879292069,361.0044079297352,2.824421598068851e-06,32.44284748251132,7.746318574765652,475.6707206523824,2
Hg,0.3074218895161854,100,3285.961396209462,-983.3049051679462,3429.931607759283,-16.65950765115634,3413.5570494211656,1.8225179021291251e-06,32.547802916713685,6.411076941390973,552.407692677815,3
Cu,2.0253354519128326,10,553.1752101279433,-173.56783111561907,579.7659916710139,-17.420108173207097,567.6081749602816,4.022839689969572e-06,32.21761952195797,6.081546548682743,504.9037885311619,2
Pb,0.9402332348121824,100,1156.0340000573035,-372.1995053374473,1214.473993571674,-17.84660767830611,1381.6005029200735,2.8053441309571547e-06,29.67624037950179,7.3445430152683855,402.6325542863795,1
Pb,1.8976305791492245,100,569.128224887279,-174.10447592961654,595.1632590324033,-17.009621996420883,667.965760099163,4.834065100010424e-06,25.49023081387814,6.6903149282719605,547.2475193430236,1
Cu,1.7940300824743831,100,615.5461830020581,-172.68178826334554,639.3090828435257,-15.670627539742474,725.5118031889674,2.0432337087711054e-06,24.561054271703853,6.035179832425049,546.4435120105722,2
Hg,0.0891917450580971,10,11182.799102167268,-3378.994918501048,11682.148878467906,-16.812718491572074,13165.232909799255,3.730975358508165e-06,20.128321551772554,6.502748014580828,433.0297424219949,3
Hg,0.3276799322530105,1000,2993.937652605944,-881.9990399671557,3121.1512257810537,-16.414709415000374,3318.292968284966,4.762868318556434e-06,32.5041133803236,6.618653548433624,591.3320176848426,3
Cd,0.2024545541289412,10,4981.884087273092,-1511.5596446114814,5206.148443738694,-16.878387237393227,5625.943792449299,3.653833292064371e-06,21.31149046240464,7.233676753568484,444.7816263082229,0
Hg,0.2053504142607614,100,4890.6088131859,-1476.8423224772266,5108.72956898988,-16.80301126243885,5424.040087391697,4.485091630469579e-06,29.461324970611518,6.345171588098545,491.5498734764399,3
Cu,2.0148238774356177,10,501.6935156796146,-139.8943922436834,520.8328183363653,-15.58082688848562,506.8314943496975,4.309923839028025e-06,27.561124202601327,6.826108695906796,422.94719225218296,2
Pb,1.811333787027764,10000,571.4479351972744,-184.70310370357208,600.5563913230471,-17.91184306122486,656.6511749588823,2.4404708619560154e-06,27.90034038389527,6.964950888835665,520.6564638901177,1
Cd,0.5441919223061068,1000,1853.746270567709,-555.3723839835953,1935.1521181900173,-16.677932359844327,2041.097745006666,3.4004957597579863e-06,33.9006926796166,6.918474782728182,475.0902240114425,0
Cd,0.7320328894284979,10,1430.249683300667,-435.3687215659618,1495.0451766751523,-16.930275270200564,1615.5268231186053,1.6250453592454223e-06,20.47422516906863,7.947881533333564,470.634692441941,0
Pb,1.9892252584986052,10000,567.4575551023576,-167.6499063966309,591.7047979842181,-16.45927119877372,624.5029060680662,3.1421035307823982e-06,31.600883369431585,6.091008475580592,565.3953754441894,1
Hg,0.1091701039540917,1000,9187.227943317852,-2803.783165105825,9605.537846441042,-16.97128320846885,10090.904487974049,1.921687887257349e-06,20.780785975509605,7.901936372904799,401.9123425700956,3
Pb,0.9120972882792792,10000,1138.664415156301,-378.1929608510519,1199.8277234588832,-18.373253462698965,1177.7864443310457,3.974947259809782e-06,20.57230408903066,7.163874427988066,559.5893541784845,1
Hg,0.2275592340189409,1000,4420.163340634458,-1313.7296620694008,4611.261170535644,-16.5526295114648,4666.555369874246,3.1122336875684984e-06,26.44726547212073,7.591455429939677,514.2897131496157,3
Pb,1.132742267808247,10,859.7548668144074,-237.1828319313412,891.87113798689,-15.422723359847218,887.0697418154846,2.644909450526642e-06,20.9461276151445,6.860785236032151,597.2197026960398,1
Cu,1.8220421505310915,10000,586.6629573048889,-194.20862126209707,617.9728263008355,-18.3165840763358,609.62099083218,2.0751883846679103e-06,31.83715926939368,6.907675762513961,517.8886441208498,2
Hg,0.4584249511504497,100,2111.657384441176,-638.3777823757755,2206.0424071844045,-16.820657498035317,2522.5763584929296,4.994793927365148e-06,27.94344640472506,7.758652998031647,411.0758268295916,3
Cu,2.4280652889337127,10000,464.5451174489808,-133.4691501766482,483.33857718432125,-16.02996661239998,478.7707381788336,1.2868420835397309e-06,20.435581739896616,7.7918689925838045,410.12906528874527,2
Cd,0.6471146926816334,1000,1485.5949704414622,-431.8141390992645,1547.0797868652437,-16.207429447360067,1565.6003280487532,1.17424272228968e-06,20.607510297228792,6.477377762862595,576.6305972743664,0
Pb,0.9640590767941732,10,1051.5709950180212,-356.0248439388233,1110.205047306512,-18.704287089265996,1175.7803858251243,1.8690296019754583e-06,29.19002794609219,6.398483757169236,568.2428291022106,1
Cd,0.8414113457991652,1000,1146.2216409806515,-361.587297233763,1201.9024185736523,-17.50841103532861,1286.101618769692,4.884289834511279e-06,32.09167726487608,6.992470347739902,469.1780151164047,0
Cd,0.95955446033649,10000,1069.8197817667622,-327.59752212702614,1118.8541021792118,-17.025504049875003,1102.7646957428162,4.916952673279938e-06,26.566992969121603,7.800554054255383,523.6064968362274,0
Cd,0.8390784542952039,10000,1190.0874090875193,-342.9634187815348,1238.520063580305,-16.076102525141213,1379.006032047587,3.619710939088544e-06,28.318710073034367,6.644710186812352,497.91827141112,0
Cd,0.1014085946723256,100,9781.35931354702,-2884.439184389676,10197.7928704772,-16.43033726536524,11317.429590563606,4.52042666882562e-06,31.997441810748523,7.304029230678262,593.4328110272104,0
Pb,1.4546020552751109,10,708.5082299032844,-217.1125835071797,741.0275202432412,-17.03696153676636,742.1365392093263,1.8558469233631816e-06,29.157592610627287,7.416303375481203,589.9921801753783,1
Cd,0.1460218432978906,10,6819.394445753592,-2073.9578829681573,7127.793621247791,-16.915901090754087,7213.100321981843,4.888168376706495e-06,23.371403564882293,7.557349329788312,596.7678017081549,0
Pb,0.8864108305005828,10000,1172.2023965373571,-343.61535741718114,1221.5277206436458,-16.337789012891946,1392.1047213002737,1.5711394005582583e-06,29.19578038804218,7.127848915841927,573.2897561268528,1
Pb,0.5892870505216575,10,1697.0321334482758,-482.6897242436685,1764.343342959764,-15.877432002664705,1977.270328547851,1.4045007527266332e-06,29.424191885978203,6.804910356557939,581.9103181550203,1
Cu,2.2075909058987757,100,472.75352773855946,-139.66577590197784,492.9527634039132,-16.458743788828333,538.7307295437212,1.4488461569890915e-06,31.0116047132169,7.934031977597946,443.4557557534273,2
Hg,0.358965461071673,1000,2737.9048892158407,-839.504437667838,2863.719763394456,-17.046740781334766,2782.934237061809,3.292511693090259e-06,29.31311281335202,7.222661506605705,566.2013577979549,3
Hg,0.1015194371296573,10,9820.863810600227,-2927.099264350468,10247.793718148228,-16.596638413159475,10642.40672568224,4.12389760287221e-06,34.53863195687057,7.457130423266541,541.771422640855,3
Pb,1.0757583245674691,10000,906.6448859268193,-258.7225534080771,942.83737135269,-15.92676549749434,1008.0625223283696,2.4666687114985324e-06,22.95932463075603,6.689965691391757,592.557301765614,1
Cu,1.912473017911084,1000,565.7183179890337,-190.2371122806226,596.8478652028602,-18.58652212083149,586.9227177111018,4.911583951144507e-06,34.266360193506145,7.33989836200616,514.2523656885239,2
Pb,1.0535795326413748,1000,1033.0140959392934,-302.2757164311012,1076.3311438183005,-16.31028268940492,1125.6189714377908,2.737680552473318e-06,28.075092355250245,6.515595324328252,417.03343334211127,1
Pb,0.6815375007277895,100,1427.012103948004,-408.1583198312237,1484.23608595855,-15.961749014050795,1598.54634434047,1.6017942030928652e-06,30.07934210742368,6.490193835057273,519.4797782374305,1
Pb,1.128421685281213,10000,940.0359402389348,-258.37298122050254,974.8970029524496,-15.368493345873508,1001.5851092998508,2.8638669927445474e-06,21.49192396178285,7.429444403618852,537.3161856042575,1
Cu,2.502356095616836,10,291.1395087564503,-88.67083213312421,304.34311234218507,-16.93888762480365,336.61228694747825,3.71614866168976e-06,25.70863912067161,7.04278947252587,444.0642057424857,2
Hg,0.0819534490399649,10000,12142.339518906736,-3649.8634445956072,12679.034354263717,-16.73024215840201,14183.344352663034,4.328903122017515e-06,31.540687196947587,7.3665532208447795,478.82267670254566,3
Cu,1.160360028163807,1000,813.8625661495959,-219.6132934032535,842.9722861512286,-15.101070933470467,866.5372927943803,2.835073159826372e-06,30.603665226484857,6.538876981496183,519.700682810336,2
Cd,0.4192941626523858,10000,2317.335027830049,-719.4037184086326,2426.434285380147,-17.246663939880143,2706.02494791918,3.3744273041966702e-06,20.602090822481152,7.197446682113461,474.8211474633011,0
Cu,2.88345142323785,10,267.6271859352729,-71.51656996216177,277.01792438538325,-14.96125840014789,273.17116691827067,2.0693788486354136e-06,28.198913952458668,6.887867299406225,474.9895434477328,2
Cu,2.337145293445828,10,448.5223602164349,-161.95724061221904,476.8673352210713,-19.854178398499744,523.670406723679,3.583666105622056e-06,21.324172894526143,7.193920573691056,426.6173278345595,2
Cu,2.35733991334513,100,413.5035758233896,-102.74354730182482,426.076804967006,-13.953748844284265,426.1361457640148,4.943887775801375e-06,34.937846437672434,6.581759464488439,588.1493446155332,2
Cu,1.72383998167573,10,599.0705173683714,-184.88206552273465,626.950446950922,-17.151003406114057,609.0063597999489,1.1962142903511757e-06,33.459448827999424,7.430901927298247,550.0988768990193,2
Hg,0.3171473560438423,10,3187.6320583339284,-930.9179527872292,3320.783999922272,-16.27994738804719,3596.780829023206,4.546122682820672e-06,20.316209906428053,7.611858732318931,400.2486877732204,3
Cd,0.109118065624969,10000,9177.666181020051,-2743.4715991789053,9578.945294015435,-16.64293648292496,10043.922901270464,3.249130011070092e-06,32.87974368353946,6.519832947715448,553.1226568044331,0
Hg,0.336243220884294,10000,3006.925813366253,-926.5421486111144,3146.4397658689104,-17.125950113048415,3552.91774978504,2.0083946382492e-06,33.79144400837612,6.601241119711284,547.9589985315718,3
Hg,0.4609791264093065,1000,2165.8190060542047,-621.2531471747166,2253.159435073362,-16.005244236173766,2323.1394187916267,4.8195588400370325e-06,25.303223338451826,7.322308539438186,401.9461920311046,3
Cu,2.2251469366896384,100,390.0588543596437,-85.9927509793385,399.42541617347314,-12.432608078401948,412.4601109402957,2.933417212235596e-06,30.792524825716487,7.391170348607089,473.92085952275295,2
Pb,1.8105478901995176,10000,605.2097089487432,-163.91718283263867,627.0148599783032,-15.154616660450657,665.8196343103446,2.3267610066935422e-06,26.631556193116683,7.4081993687949,521.3495380651061,1
Pb,1.5859595831991409,10,601.0774854986613,-195.5550029503228,632.0885244586348,-18.021818467652995,655.8892828715677,1.7259905130833646e-06,29.82848726864516,7.365397009551674,490.5501303716072,1
Hg,0.1042512873816606,1000,9545.427870124146,-2869.7486401243914,9967.479645388728,-16.73294154743553,10202.970484446936,1.9778088410266486e-06,25.10476106447287,6.785615433905077,555.5972237441015,3
Hg,0.4561039882786287,10000,2183.58657884519,-652.1674293054418,2278.8972559463296,-16.62920192793797,2486.5554166508505,4.33139616636577e-06,24.838388549499022,6.789707348807356,485.0916665268868,3
Cu,1.1328876887115498,100,837.0594868489435,-265.19205404131174,878.0634430668815,-17.578923820923652,964.2191746341472,3.457640037268664e-06,26.366508332863685,6.509635247288763,430.7725938907674,2
Hg,0.2902853626464937,100,3424.014543646272,-993.3574316446176,3565.1976918685423,-16.17822824167941,4008.140446737534,4.6529824779532645e-06,22.18351637978752,6.313667399792726,595.2831248547657,3
Cu,1.284274247586915,1000,795.8525848219117,-235.8692460120528,830.06965851187,-16.508403254241074,950.7026735258708,1.927873808631144e-06,32.467084466530736,7.385154758793812,448.4079985552093,2
Pb,0.5175599160963561,1000,1949.5605333528224,-638.9351209479939,2051.5906906563428,-18.145672011167196,2053.533010983958,1.484554295395606e-06,25.23046843042455,6.186377571944625,543.5384621082665,1
Pb,1.1330513901914585,1000,837.6809983823032,-244.5171832595665,872.6385895432111,-16.272405056393037,957.6525790517534,1.02435012390236e-06,26.00224330858768,7.875584573573564,428.6312623328144,1
Cd,0.3655366368887406,1000,2711.31862279142,-820.358734773772,2832.7084438775523,-16.83414472477876,2925.110562009119,3.031448150463976e-06,33.410819190532166,7.653372607342902,465.8025227567865,0
Pb,1.2290007406964043,1000,867.3858099766561,-261.7142741153657,906.0091084666824,-16.79001432446878,984.8440689089368,4.993227721527953e-06,27.44935721094757,7.715011479914512,488.4055216860848,1
Hg,0.3097399490305478,10,3253.3347749046766,-983.372819787117,3398.70699830099,-16.818287302624114,3563.040331990882,3.779861075274556e-06,28.163808640262943,7.81333762923038,438.4464009054128,3
Pb,0.5656086084634211,10,1871.760289053872,-545.3871583840278,1949.5983515096736,-16.244887158536113,2243.781295072045,2.2335783678605847e-06,34.34747187165648,6.81720994144648,489.99191527372193,1
Cu,1.2460065902474913,10000,861.5703821259106,-236.07735906670555,893.3286309194941,-15.32340781386861,987.1704804590364,4.507434332104687e-06,33.300895747174835,7.693401446700802,431.43256459835,2
Pb,1.337963594675638,100,804.6191448352758,-235.72468020540967,838.4378886318254,-16.328700458717634,957.8976919589768,4.126889063951839e-06,22.542000633326595,6.316122600583299,511.801307797178,1
Cd,0.4088506178553924,10,2376.4876750800504,-719.7325262667782,2483.0844889318087,-16.849228795145596,2773.3466437618868,1.061660664306157e-06,27.098225448771576,6.043283589216472,532.7426505040388,0
Pb,1.593760231324172,10,665.6399699812504,-200.5187350905585,695.1865452948277,-16.764509065553344,785.8413703746157,4.26744192216409e-06,34.56944341142818,7.5697827893277,412.4868568056021,1
Cu,2.3045832971838798,10,431.2625839155433,-128.9867828431104,450.1388746084109,-16.651453853960195,501.5082893917879,2.202107028953984e-06,25.58549447342904,6.149593295993879,574.2264242164337,2
Cu,2.6912087259798136,10000,344.0311556607345,-119.25794749551709,364.1152209206641,-19.118806551939336,375.624164911815,1.5986938583344044e-06,25.573596627743,7.977049334651843,437.0281770084071,2
Hg,0.3616217720011513,1000,2773.72099226134,-820.5377247069772,2892.543915064823,-16.479566761405053,2913.399175992793,1.9053233589482983e-06,22.925453476837315,7.349592859203112,445.0724850640648,3
Pb,1.144896616085222,10000,920.701886583798,-267.00971949793006,958.6376553554152,-16.172513328498134,988.8927834192658,2.874319217500556e-06,21.71484671178688,7.506899420484211,532.2699680166126,1
Cu,2.345933244788865,100,451.3111685171381,-104.58452575960796,463.2706486025925,-13.047134173741515,453.1377360769623,2.699471708272045e-06,31.10457186133973,6.491607712555732,493.7502120868828,2
Cd,0.3478430568298767,100,2830.936050166495,-824.173819444179,2948.4676367207226,-16.2319261579679,3127.614279729826,2.1555491974969072e-06,31.550457030522747,7.347730787839376,499.8791198342132,0
Hg,0.1878410744501957,100,5360.772221680448,-1621.9451648559368,5600.766459203622,-16.833616789406626,5902.272186886976,1.688873288828131e-06,34.535194452545,6.086439874509915,425.6309969126265,3
Cd,0.810086643928714,100,1202.556479226649,-344.3609762778153,1250.8903100244256,-15.979458184365924,1328.885149166391,4.048923158568677e-06,31.601273163580444,7.6756514398472016,561.1471643752816,0
Pb,1.169629274602373,10,865.8059164147601,-278.76084258631744,909.57544616059,-17.84683994669748,1034.470315885466,4.9604391349396685e-06,23.65028741050398,6.339248186063145,523.410849220842,1
Pb,1.6975705107775287,10,573.9096475610849,-158.25425224950845,595.3290618798478,-15.416070474863009,678.5280967392662,4.111166321678762e-06,20.60174867432773,7.394716133667541,427.0764086618912,1
Pb,1.7336335605024176,10000,565.8798539595527,-180.096240163068,593.8473413581627,-17.65412908935089,584.1818546365197,2.183747870686165e-06,34.7815607655449,6.448961002465457,474.7998734051192,1
Hg,0.4359030519475776,1000,2332.400239055788,-720.1851361842479,2441.056637099643,-17.159341139217524,2504.476575347879,1.9792358456485337e-06,25.106760433154086,6.136906338852086,562.0819865470061,3
Cu,2.833270471682414,100,300.93932117059813,-84.68088949723135,312.6264993129385,-15.715995801572657,326.45633814134897,1.870663504263753e-06,24.67957313648631,6.962987357098789,513.6710091973241,2
Hg,0.2439433492309833,10000,4196.57216847096,-1312.4629931043703,4397.019112245652,-17.366887321183118,4499.17265024573,1.5467802979561451e-06,33.58932814624074,6.338572420545579,421.7297558265861,3
Cd,0.3869801364890249,10,2493.057659161452,-782.9368092365401,2613.1066834633966,-17.434729968275278,2891.1969547359,3.205322198769205e-06,28.776498478174798,7.4588879766530995,474.55540915785735,0
Hg,0.3119894359673512,10,3175.3533473291754,-956.1558418742384,3316.1880034679625,-16.757990302857664,3508.1543011573,3.4216014878133773e-06,23.22306760773702,6.47513168676697,448.5388796911469,3
Cd,0.4340551810938649,1000,2322.365135479398,-695.0607053111224,2424.14710909999,-16.661916835076074,2588.090069269207,3.822010642652549e-06,33.3364436407436,6.684945112471658,503.4931107307453,0
Hg,0.3204833750601048,1000,3149.502368472095,-952.2370859447924,3290.307073338287,-16.82244251931574,3686.816013346351,3.720853483734673e-06,34.90041282582115,7.134878502528946,568.6722257743979,3
Cu,2.411171725287649,1000,409.7123314832031,-154.50242541931289,437.87577465515545,-20.661447741089876,475.7520720319549,2.16933324513353e-06,21.30017841726246,6.569936555154623,487.253426960884,2
Cd,0.7195645166429232,10000,1386.8599149142874,-432.4158113170563,1452.709144141749,-17.317210837685757,1423.531687172137,2.3212440215873862e-06,32.933774424537305,6.755976232419924,486.66840607366464,0
Pb,1.061829330530182,10,962.2984379254556,-280.8653448328888,1002.4488144348666,-16.270902472085584,1099.6982157406323,3.726058141769352e-06,25.85773546526591,7.631243542080774,581.0701804654074,1
Pb,0.7502903025481292,10,1321.2639657285729,-384.74355430600457,1376.1417331484472,-16.235219564384472,1436.329179027493,2.397790563134514e-06,27.86108669760057,6.358419699122051,515.2370825014544,1
Hg,0.2437382023079934,1000,4172.421742406361,-1252.050985073827,4356.229432172929,-16.70333178279528,4418.301640309192,1.8504927584772523e-06,33.72223963647471,6.164403178963868,513.2382174794814,3
Pb,0.7138912161228631,100,1442.7410993921835,-409.68565419691527,1499.7813891131336,-15.852605398388018,1457.1739411239278,2.4973446147869585e-06,34.600687936626755,6.656715570266039,452.3819783750779,1
Cd,0.9010873316654276,1000,1153.4115637294449,-338.0755286496488,1201.9373105185405,-16.336345815143968,1265.811419194351,2.0883366303119102e-06,23.932458656131992,6.8487535340277566,521.5445495674253,0
Pb,1.018816191106786,10000,933.223482953582,-294.9161579652388,978.7142633910022,-17.537515127316844,999.5638543846234,1.3532508848743112e-06,23.192761564398708,7.085318564273136,515.1820934834793,1
Cu,1.3089194944466476,1000,760.0195057096748,-233.6158927811348,795.1138499731376,-17.086456772006468,798.250468928554,4.320555609106614e-06,21.20774837887268,6.744847392350014,479.3702940683728,2
Cu,1.0508955198115018,1000,936.5460842465218,-309.0211484181136,986.2112542894362,-18.26073501864149,1066.6645018846796,4.412445556628146e-06,28.42696778993207,7.57982340044561,598.1391131798362,2
Hg,0.3406200738289179,10000,2885.5422060420733,-867.8254416204503,3013.216689847228,-16.738634721849817,3329.618718448425,1.879001200667518e-06,20.204065931760024,6.078638975336947,576.3781929896173,3
Cd,0.6732120857092689,1000,1503.4242039895396,-428.78524881243504,1563.374915604291,-15.918455094028197,1577.028701547899,1.259088798100807e-06,26.178474464149048,6.863535076397116,549.9172580153631,0
Cu,1.6812083331625831,10,567.927992475765,-156.67259604851014,589.142178926388,-15.422424292426395,573.5445091650398,3.955309749404719e-06,21.10076024978013,6.764511829312809,507.4691176826001,2
Cu,1.143423777695302,100,907.3365766831464,-244.1607864865615,939.6138318718108,-15.061296511878714,1061.3574506394336,1.846114503453655e-06,26.07838674394001,7.295156981613718,492.4119603789261,2
Cd,0.4686660054057088,1000,2080.2060924303933,-630.1195326050978,2173.547333819761,-16.852194032116778,2084.349755296837,2.573741957747441e-06,20.59898283898414,7.932552503794792,436.9794790446399,0
Pb,0.9668262425950904,10000,1120.2640465384188,-309.1572180712405,1162.1401462182523,-15.427810363873284,1330.226733438854,1.256541008949533e-06,32.52825890913154,7.020750813257724,461.1474948029247,1
Pb,1.515680959602514,100,614.9528216278053,-188.35193101730096,643.1511663255735,-17.029134929655484,692.1441441108758,1.9050783390337408e-06,23.14608490907849,7.973753693883441,554.792159964642,1
Hg,0.3226006622537106,10000,3110.772764537898,-903.8001277099715,3239.4076408256064,-16.200630042296964,3311.011113966385,4.171609113318543e-06,24.92463065536868,6.604498789826395,490.7497907875103,3
Pb,1.04689059229631,100,994.8026190960416,-298.87792067765497,1038.7301201125067,-16.722339459107562,1043.8419930952928,4.217585787660808e-06,33.05071994909588,6.061736265084922,576.4539033139002,1
Cd,0.2961032988294911,100,3348.6677731327504,-990.4557044637396,3492.073647179082,-16.47695491638241,3354.699168672371,1.8283392995508417e-06,31.19399091998308,6.331326334952825,429.5822272691058,0
Cu,2.976071932311184,1000,378.63681583452535,-84.08879746416048,387.8617848722363,-12.521205658803993,396.4684453459338,2.3436553804267585e-06,23.28557542463088,6.790249769549135,501.6694192027273,2
Pb,1.1810024317941723,10,785.2791273976328,-239.452290790914,820.9754609556878,-16.957844629530044,806.9101594843006,1.5369536763749742e-06,21.07849127986244,6.632667818377104,529.3931368042618,1
Hg,0.3597234061011066,1000,2852.519515930732,-851.3880750283358,2976.865674340404,-16.618722889355197,3201.762734251998,1.2966905211396895e-06,30.73510665283009,6.194108261966756,503.3696912615852,3
Pb,0.7108294513675412,10000,1407.514677097029,-396.47713462498274,1462.2898770503718,-15.731783287654707,1454.3977491673372,4.968686857793638e-06,25.86053826032164,6.865320215381434,577.8453783169974,1
Cd,0.537030729693458,10000,1832.270264833292,-552.3411427285889,1913.712376858912,-16.775526715777893,2025.9888113176928,3.622375804979357e-06,31.49119998677332,6.676231543319125,597.912656365828,0
Hg,0.0623915239412594,100,16012.859064073256,-4830.2755648721,16725.525924121892,-16.7859258830264,17902.749284552687,3.168386036793275e-06,26.679421585628155,6.245238440914877,423.166931668274,3
Pb,1.258182676865675,100,835.2431088977964,-207.7127915776407,860.6832487891423,-13.96533279833382,885.0305638394877,4.061994001621199e-06,25.190036194584145,6.592234261223818,425.9909808153842,1
Hg,0.483807833202966,10,2037.7135918936333,-620.7093668548326,2130.154172985932,-16.941296857894834,2052.004056536533,4.360308638750897e-06,26.768081123185947,7.7728721107107805,426.0648227120242,3
Cd,0.4457860416872202,1000,2205.7607195811083,-658.5530948555817,2301.971444390836,-16.623548769074326,2222.19534888326,4.22685907217891e-06,31.22838478506015,6.604097730978681,536.2354192141055,0
Cu,1.0779920251498232,10000,916.5738175001538,-251.8520118610236,950.5456321530548,-15.364291028909562,921.4036724701386,1.0661577971595064e-06,33.53330429810561,7.427910846484103,474.5352190991676,2
Cd,0.1278602118274091,100,7762.193215252163,-2340.827842650273,8107.473003336702,-16.781622045310872,8909.638910546724,1.747231592761994e-06,20.746507948828636,7.224094159315511,546.6629322531812,0
Cd,0.4491880839521825,10,2317.266126762984,-715.3371962933378,2425.1658926028,-17.155392611297653,2464.648750152598,3.6196212084713246e-06,27.86167311840433,6.854362324816743,481.0942945773958,0
Cd,0.2440224428168746,10000,4069.663998724636,-1215.8244536818945,4247.398517291058,-16.63367490013658,4717.798838526703,2.503037391215852e-06,20.492531436258165,6.478051273607338,525.5213442664127,0
Cd,0.1210168866953673,100,8304.89042615432,-2527.328655804544,8680.932848771523,-16.925955399506854,9021.989185232129,4.929930604244429e-06,27.02614317536538,6.738029398691891,553.9716011357787,0
Cu,2.512427227900353,10000,408.49498273311445,-128.30661635729274,428.1713894215551,-17.43729218187757,445.5044730084484,3.661619170553017e-06,33.27924243645351,7.184214426942086,509.6431821309841,2
Cu,1.9170460177637811,10,472.4091845301372,-136.82198207273302,491.8238428611818,-16.152390715807616,520.8672749323856,4.826195634916826e-06,25.423853996304643,6.70150642949871,507.9007180900012,2
Hg,0.1801601473876945,10,5550.319393243505,-1670.4948559095546,5796.257277816025,-16.750362741565866,6341.8298573057855,1.8057859265831755e-06,33.98675631620965,6.429792867148464,417.6468650571269,3
Pb,1.850124774524721,10000,579.7042248355783,-204.78028631438843,614.8105024763497,-19.455747297636822,611.4143782008022,4.455828112460093e-06,29.45912707475914,6.232925497783264,482.15634858188696,1
Cu,1.2322779204010512,1000,802.0921817326046,-208.7440953957011,828.8099693893281,-14.587605919965068,821.597034224291,2.2854092232609017e-06,34.012330156895096,7.75953387581913,509.1554306449875,2
Cu,2.911837657910638,10000,403.0813864587728,-118.85365285864836,420.2389735702421,-16.42882032772517,447.90865878268175,4.958259232951227e-06,31.357499381187797,6.880625951503811,492.396165133282,2
Pb,0.9709500760660292,100,1080.9948402999364,-295.6754097347461,1120.7023657853565,-15.29746954357431,1151.687065023724,1.6307546882925894e-06,21.551527499731435,7.25041664348586,580.1564000376851,1
Cu,2.7768073446173624,1000,406.0715548237072,-127.02219145072104,425.4747286947683,-17.3700695223621,442.0081819711402,3.065359275353307e-06,23.467270513440155,6.98082072227361,581.3061264238979,2
Cd,0.6426485888315154,100,1533.077529959216,-477.5234986215801,1605.7258186258466,-17.30078429057816,1731.441422285816,4.171378135348488e-06,25.91255681875259,7.745133036715927,564.3834761177524,0
Cd,0.8440366237673387,10000,1130.7905894517012,-333.85355843040713,1179.044339992848,-16.44865933280377,1242.5411370693805,2.730569922416144e-06,22.55160323018114,7.093869704896422,475.059615074624,0
Pb,1.9760197448156964,1000,475.3884374364198,-146.93227375749035,497.5773904829146,-17.175246771924538,534.3631129637159,2.872336240750587e-06,27.423674071649906,6.961562835898227,543.4598303375069,1
Hg,0.1797824470184356,100,5572.090326054959,-1695.1823269763147,5824.245335097766,-16.921195763820702,6178.556639498244,4.9454231820229645e-06,27.07052233552236,7.849201980843425,479.05769221392194,3
Hg,0.4825109684334168,10000,2099.7810828522947,-600.5386396799385,2183.970524904809,-15.960561021442158,2410.463168243131,2.7012326012046136e-06,34.34388797041072,7.439379192090709,446.5187197951518,3
Pb,1.0842228423536304,10000,813.7410498035555,-256.56771939894656,853.230033914049,-17.499753555900416,928.6309706818404,3.4162884023962546e-06,26.505918243439663,6.223099814693715,468.58052871017634,1
Pb,1.0782678571053834,1000,927.0076847672372,-314.90763312608254,979.0352726120672,-18.76279723270718,1026.047311733551,1.2181586427006027e-06,31.784402064319966,6.355408922393628,414.1929266571071,1
Cd,0.4063483938290552,10000,2468.846882071409,-714.090743542276,2570.0448472986764,-16.132015598101628,2804.0684033270786,4.36884032084104e-06,34.1286581727722,7.574245725878884,466.3555018009295,0
Hg,0.2936334233064133,10,3391.7296446722294,-1027.6048537179213,3543.981054962489,-16.8554279619254,3984.3052445554495,3.5926721959181748e-06,33.15483246460978,7.671702642359909,492.1484434522344,3
Cu,1.3082900863569742,100,828.9201679557221,-260.8325282390291,868.9892131846669,-17.46698704313815,900.5838456508832,2.6160804114512543e-06,23.13001436767388,7.090381658180593,591.096178956166,2
Cd,0.5983403368222101,100,1692.378633475777,-543.0213417833326,1777.362545086823,-17.78950311472285,1832.0889144773505,1.064678159818079e-06,27.440448413803164,7.108910455733279,462.682117243925,0
Pb,1.312557218615006,10000,827.3811434156336,-213.39551329275025,854.4572555565537,-14.46235982413126,953.84562654188,3.366675282374016e-06,25.216096734438885,7.2638659257028895,580.4907078411042,1
Hg,0.3928558156721915,10000,2534.665118747092,-786.1891473683212,2653.793631696507,-17.23257091564008,2829.980896855616,1.0506313139366487e-06,25.997880427058234,6.878231548565279,445.7716551646994,3
Cu,2.667299923875171,10,421.7848439726388,-125.36646357767864,440.021823089488,-16.553448005800906,427.7747607160756,1.0048144556360717e-06,25.41210239368627,7.360398246967808,438.1937795518499,2
Cu,1.880882700624848,1000,613.418585012611,-165.77316905297445,635.4235626861345,-15.12264610429914,722.8662030802052,3.464394248597419e-06,32.39538815262506,6.216962515132831,503.799091286433,2
Cd,0.3720999244163444,10000,2753.0348286778417,-817.4761099432906,2871.840517549895,-16.538068122893982,2769.9842191968364,1.756068269338217e-06,26.782085826836717,7.922558484734773,534.5022738594812,0
Hg,0.1667007037926925,10000,5944.167833982143,-1784.4434364344866,6206.236348736816,-16.709794244988416,6833.886543512422,1.7675501988723813e-06,27.85541498367032,7.500309647589844,408.8664501604563,3
Hg,0.1375807265171924,10000,7255.776141891795,-2210.766159733287,7585.10213736559,-16.945481379637044,8356.904229340034,3.613086263330976e-06,34.73671035570612,7.262348408018013,444.2131730094433,3
Pb,0.5864713732985374,10000,1687.8548282614058,-522.5509451937673,1766.8937182547909,-17.2022488739107,2009.597457693921,1.214788751757497e-06,20.899689082872747,6.632644114018961,491.1367333002633,1
Hg,0.204101590475621,100,4923.983586290898,-1473.4390691264189,5139.711767063431,-16.659139372609534,4977.294973976217,2.253622245898225e-06,27.31936459686123,6.321910974913458,466.2008671966363,3
Hg,0.1716114614588524,10000,5861.434302124743,-1774.173772037163,6124.059491179781,-16.84032610051035,6561.121757576884,1.5977276085680764e-06,31.610925604191745,6.8186859276578895,542.5242158696644,3
Cd,0.9697756472797666,100,989.2217013216776,-292.6993211965279,1031.6164340464252,-16.48287946802628,1073.8675367557037,3.320705479186136e-06,22.2674293728234,7.323153481148116,502.2321192082634,0
Hg,0.3009689718125197,10000,3325.99356791072,-984.1632021969132,3468.545865682327,-16.483512561016617,3545.9301841511506,3.647060618909584e-06,29.172973919221608,7.267419486846222,432.07182112078,3
Cu,1.694554078061015,1000,489.1293856161912,-127.48875796885532,505.4710073601789,-14.608785844297389,497.9648779979561,3.884543414396174e-06,23.591971693017,6.765282310131143,578.8930758630181,2
Cd,0.6224208408943264,10,1678.7272573495438,-528.1417643611168,1759.8462796025096,-17.46401546321537,1867.6358187799915,2.020924867674262e-06,33.011061698368515,7.226572787666259,458.5811350966719,0
Cd,0.2252770312111259,1000,4413.360240342435,-1280.0751510031514,4595.252006500968,-16.174562191576957,4836.19609878186,1.356999006546336e-06,24.906494981001188,7.627496591135095,546.2262217928846,0
Pb,1.1660656238033045,10000,860.3778642585014,-242.76377238646776,893.9710948846887,-15.756916056624291,878.369132539038,1.3147346277675912e-06,24.935942253513645,6.052569544675214,555.9831558210819,1
Hg,0.3318054446394787,10000,2998.3318327682887,-899.5338329038678,3130.3601862933237,-16.699845262153488,3365.621190041438,2.704606193802895e-06,28.972908177768403,6.901242095860551,592.6315400512204,3
Pb,1.233346747688677,10000,868.1033708701013,-238.6402795994976,900.3069729616444,-15.370842322925204,996.2272891172385,4.783377636250861e-06,22.75344362179863,7.517110456933582,499.70149330482025,1
Cu,1.8035576013086485,1000,412.5843742960287,-76.46715684880914,419.6106433228141,-10.49988762056115,475.8977818462566,1.8709161369880985e-06,24.27332958354592,7.092288940926754,523.1671030928865,2
Cd,0.9944635500097284,10000,1004.7367558020708,-330.19542876175865,1057.603408482987,-18.192526875037917,1186.6690997950643,2.026966405366197e-06,26.24947775179117,7.30295217585814,466.9752586959068,0
Cd,0.8922832859340343,1000,1115.4293712063377,-339.13406421172834,1165.8450135667822,-16.911318867734213,1206.776509636816,1.4035552084234355e-06,25.304567947101656,7.033352785210684,535.6358586824133,0
Cd,0.6610653623434961,100,1490.0279018724425,-494.5770037591993,1569.9648279518303,-18.362278184826888,1774.0489054248028,3.422281095575721e-06,27.87315827008373,7.983749089364622,492.676697173264,0
Cu,2.138754722364565,10,553.873123659451,-162.30890644487482,577.1651567996882,-16.33287862281461,649.7407412394285,3.7194914957887e-06,28.994602161034493,6.109243072978076,487.5304729448844,2
Cu,2.241320959649168,10,401.7989884093103,-113.23181168429024,417.4492427398229,-15.7384779507315,425.62579466914826,3.5717248326430406e-06,28.500011806252463,6.982089643544755,571.0935058232211,2
Pb,0.8019681617336498,1000,1285.5221033287555,-386.4398733074818,1342.349750932554,-16.73126560028142,1326.474476368369,4.444520972179125e-06,29.812524679878983,6.182833098229035,410.0337686997377,1
Pb,1.092706614896478,100,932.9713713102268,-292.9820828130342,977.8926733205176,-17.433913740109105,1014.2125397021234,2.945703340104287e-06,24.616242749117305,6.31957112422714,576.3924855663737,1
Pb,0.559189299336349,1000,1851.3791386475064,-596.4040319180185,1945.0713314187867,-17.855847304500173,2000.1925153993195,1.5378281630682578e-06,21.89639340732542,6.766076700836524,570.4139675657113,1
Hg,0.263995716869072,100,3754.580789109646,-1118.9035630646583,3917.7572774981854,-16.59459600933747,4186.897717852864,2.1576205228176507e-06,31.41211312146616,6.311080183000975,501.2732507123578,3
Cd,0.5887221255618968,10000,1661.9457756119032,-469.4750430052644,1726.9830853482745,-15.774199312297345,1855.857032485352,3.6497198936854072e-06,32.76170573946023,7.9273743319133025,498.04057084112566,0
Cd,0.3049747624928886,100,3333.763340529312,-1011.9493712734622,3483.966064799988,-16.88543891489459,3833.819163409331,3.45248789496624e-06,23.85509348333648,7.893579553450318,472.3614736070981,0
Pb,1.9460432707482709,100,535.1292538827574,-151.73757758436432,556.2262226938673,-15.830851119035604,589.7006593918746,3.12401251897185e-06,26.106379342370296,6.672219292441207,598.8347583363469,1
Cd,0.9185091498435178,100,1011.4739147839726,-334.80506070359274,1065.4454040264811,-18.314910896548746,1032.678988182043,3.731857674754749e-06,27.47853825445333,7.279495424075359,422.23386655076825,0
Pb,1.5832148531838588,10,604.6609609618718,-172.25402701471126,628.7180031891238,-15.901036076817183,708.4560137100297,3.549563401493198e-06,27.99990264129405,7.067506641187572,518.0430471257214,1
Hg,0.2900239829444132,100,3467.309846590236,-1048.0605999319637,3622.24634631486,-16.818444307185302,3682.119804470819,4.525299557859808e-06,29.892352566314777,7.6311739610315374,536.3363180224834,3
Hg,0.4414861218414582,10000,2306.965074261512,-707.3378812905117,2412.968033806286,-17.04604781668075,2755.1149377907545,3.344065509913187e-06,20.62404850032982,7.254891219633884,586.8660016433889,3
Cu,1.2613046876469258,10000,758.8683123364788,-242.86776652526623,796.7847058555949,-17.746719855220835,776.756372689601,4.1144054348022266e-06,30.82215624101025,6.000504908981124,556.0406993713523,2
Hg,0.4057294074236982,10000,2318.984069168004,-703.5674523910612,2423.364246892951,-16.877518744512766,2763.417909701752,1.9948286238658715e-06,20.929565104691157,7.526348771219478,528.7694405623093,3
Pb,0.6872312209502724,100,1481.2754927381825,-436.733981507604,1544.3165659897031,-16.42743738448823,1508.238204555161,3.712730338356272e-06,27.024328515093018,7.493696242592236,423.3624633624245,1
Hg,0.4073947981472324,1000,2393.60539058688,-744.3248811999741,2506.664376142112,-17.273808117290983,2504.2072596289704,4.608776473530704e-06,32.41506703353791,7.019445411132962,474.7467033662935,3
Cu,1.551535136502714,1000,543.6560080266482,-171.03910903935153,569.9265144599312,-17.46404808936721,548.7207011004247,2.5429293115993334e-06,26.768229699175944,7.805837946466108,427.768328509597,2
Cd,0.8893815229163701,10000,982.7605591647676,-295.6576033094132,1026.2707903104877,-16.74359796000229,1121.3520372178411,4.116416749354587e-06,22.236346231523715,7.816892411380803,576.2425464931027,0
Pb,1.9160631407380968,10,562.6025120233272,-190.7615380976353,594.0635916737648,-18.730247352315317,658.2785530564375,3.899157204781742e-06,34.77550767508939,7.047823353408795,549.9242311127286,1
Cd,0.2339163724646041,1000,4281.462968237784,-1248.5055864378348,4459.786020400303,-16.257066545932165,4653.15482071339,1.23810478748729e-06,33.33928193111395,7.215976462393075,551.5073573594459,0
Cu,1.925351210130787,100,508.10294016417055,-169.500791650478,535.6296445993382,-18.44846033384543,602.4598994314496,3.32603323849629e-06,31.56970449837521,7.993044143849344,530.4513035547088,2
Cu,2.96197475632537,1000,407.06381861492986,-135.50788385714876,429.0260353554444,-18.41213662770484,455.12169746966646,1.5207573968032095e-06,26.17267404348816,6.597640469622835,501.4087073873419,2
Cu,1.9668148719462928,10000,540.3024953689844,-181.65690760714529,570.0228228618064,-18.583331390447817,608.3813808453889,4.869276688922365e-06,22.757685903339468,6.649234484622955,429.99421189269947,2
Cd,0.8771927702630906,10,1220.81527790225,-330.27498162791267,1264.7021413158382,-15.13821696661289,1427.2354134358948,4.245630010802625e-06,34.12116772127752,6.365547805326993,465.9389773410104,0
Cd,0.6298583699181879,1000,1518.0217346526258,-444.34841582379806,1581.7191601301686,-16.315568841300266,1608.1315670762351,1.4388952049884803e-06,27.98526689775709,7.791733878315735,427.3831584953781,0
Cd,0.4377969171276417,1000,2282.4365660758453,-703.4628099476264,2388.3836800521617,-17.129661629982103,2444.154373368927,1.4870079905907137e-06,32.78533190581228,7.488976779898532,544.9826285704687,0
Cd,0.3572051999732831,10000,2718.675648766438,-793.4780634527319,2832.102526459152,-16.270517560354456,3211.2735330999776,3.3778954196504763e-06,25.13142508639139,6.211285697740484,432.045755204401,0
Cu,1.4064461821721743,10,699.542803149195,-205.84886705898091,729.2008567653356,-16.39715255143563,825.5953090600061,2.3795566966927337e-06,25.02932475619206,7.963534702395931,540.4227100343371,2
Cu,2.5235963827553944,10,383.82908739128,-110.00365779515396,399.2813206949909,-15.99205999717428,458.78958595977673,1.139623436292437e-06,34.783107210110586,7.461923416322232,538.451077919181,2
Pb,1.0798107602345417,10000,957.4188788198072,-294.11520782099115,1001.576090465503,-17.076746068241956,1130.1062847806725,3.1665660313322127e-06,27.827495727422747,7.701044219209949,491.8608957982578,1
Pb,1.2669131933011268,100,791.5982558320886,-252.46779648876603,830.8837384979307,-17.689263587349465,811.7637521452467,2.5513803987433875e-06,22.1104313579112,6.096301578346402,427.0457308236105,1
Cd,0.5430929320010638,1000,1872.475851933845,-554.9874335990614,1952.9917735434144,-16.509418180946124,2180.956618822436,1.4043059694869709e-06,23.29512016992061,7.009921837884336,462.96016522680736,0
Hg,0.309775563154909,100,3263.3156013792027,-989.8964250136726,3410.1500914856747,-16.87468583077265,3530.802061311312,4.207681569023931e-06,27.229164190890813,7.397196573454078,464.0186218151103,3
Hg,0.4395097155310485,1000,2383.008992722322,-678.5675852251944,2477.7380465081064,-15.894431599146872,2855.2267009664497,4.660307061115225e-06,20.63706365732617,7.085893169143683,540.0770266286587,3
Cu,2.961478687166859,1000,321.90432026163177,-121.9571181833516,344.23237802201464,-20.749763568725403,352.31017682058587,4.02637573605652e-06,26.938009780674506,7.333294931398555,422.7486038827449,2
Cu,1.8151684171476337,100,503.8619320700664,-120.435444163921,518.0555402660424,-13.442884123686158,559.6733157860034,4.289689240065109e-06,26.284112631201918,7.635748127180945,565.8137292432182,2
Cu,2.655037844212606,10000,388.9466464013963,-118.9103708963749,406.7175556250385,-16.9996561509836,430.1574817287394,1.8659622690644696e-06,31.690043979792307,6.748674125920393,552.2014580371828,2
Pb,1.6467916919820764,10000,567.1273424443152,-164.15648805287242,590.4072959557702,-16.14322453491234,603.6205157862057,2.054291803674404e-06,25.324129467338626,7.69733735123742,437.2613836348548,1
Pb,1.3602934271833598,1000,809.2335467000754,-226.10690867743392,840.2281043005219,-15.610826666164826,821.3756249152082,1.8341101611967512e-06,34.73823142309399,6.3258322095305815,543.8328763557779,1
Cu,2.912094287223866,10000,329.2345727072736,-111.3753577122708,347.5627629238744,-18.689944560594984,388.2104427344975,4.060253725462256e-06,22.711548789513547,6.541772110052749,533.7026362935644,2
Cu,1.4009490310568056,1000,685.5230243797312,-188.3719396199466,710.93305211596,-15.36483661774754,795.5735744996268,4.791668315737989e-06,28.864800274522025,6.086691239854652,549.6241600221853,2
Cu,1.2185284206192428,10000,797.0962379695989,-293.2797484985032,849.338226776961,-20.200344196550944,819.3394923456233,3.867348826935611e-06,21.34548945512382,6.728853622670503,437.7857110897389,2
Hg,0.4342828851299399,1000,2338.5674507199856,-715.9700258804345,2445.712738554183,-17.02236317627427,2701.872449946248,4.525867059518224e-06,31.00795975990973,6.759819089648241,431.51806443129374,3
Pb,1.1587247249506225,10000,855.130396526569,-275.020375104792,898.2673331400111,-17.82842475419241,962.166498067507,3.5547963795326905e-06,34.92130532092958,7.610541194414502,447.2967971845508,1
Hg,0.4311359843931772,10,2287.370465215426,-711.2812598120631,2395.4090831629724,-17.273616395497974,2474.5431485172526,2.550639602235197e-06,32.287079566274485,7.306261340579311,473.1743406297951,3
Hg,0.4518905923379367,100,2296.19262011397,-693.15688279577,2398.534346811195,-16.797609297107744,2412.8489176951903,2.703046459721221e-06,28.33555311080452,6.873445116311333,558.7329962071602,3
Cu,1.1249151872381429,10,846.1474144607782,-246.1292249745996,881.2179312662998,-16.218773386145934,991.6388719203632,1.3012857286696194e-06,27.271120360995383,7.304227957247496,547.58478749577,2
Cu,2.766929525972121,100,363.189749354088,-94.90372483624026,375.3844842607084,-14.644293547900723,414.0499890328243,1.1258287809841044e-06,32.525449419002705,6.105566701031382,585.0903184557067,2
Cd,0.50348714983248,100,2018.763316189509,-600.8114597128445,2106.27152497363,-16.57372211392734,2239.9147633993603,3.7819024167563102e-06,34.03961127066086,6.360543072036752,411.7259118197231,0
Cd,0.559389240103809,1000,1706.0972328219048,-525.1430391444424,1785.089067639041,-17.108559060627833,1914.0938706018,2.753715568044722e-06,34.8380978869714,7.25389571048351,402.3112562028371,0
Hg,0.3319666299919446,100,3036.3639954803816,-903.5288698876112,3167.944243791227,-16.57139211733511,3091.6660107764205,3.208860272218518e-06,25.94808841346726,7.282733638450605,539.8277659401598,3
Pb,1.88957391009513,10,476.4644549724044,-140.4536225947043,496.7349363112343,-16.42462087118028,521.6256390890451,3.230644990489665e-06,34.86376212191769,7.548269317414855,455.8574991588332,1
Cu,1.038232188859528,10,1004.3148243366002,-282.5733239422597,1043.3100928228546,-15.714441458765462,1043.2220394412043,2.109503253333205e-06,22.33889378260747,6.805999518107204,466.8157791067635,2
Cu,1.9536869366356344,10000,463.7201834567545,-123.57732097839602,479.9039099709061,-14.922027585937949,483.0465270286277,2.903570043317963e-06,23.80324663897864,7.445108193232312,509.36040518290247,2
Hg,0.3594749190937523,10,2816.473697625829,-844.3325810093362,2940.3097790491397,-16.687867695070697,3188.9827408091696,2.883040886670809e-06,21.33524187100844,7.367960665120378,420.4826246253597,3
Cd,0.7504362619284056,10000,1387.8498607636764,-434.300018352328,1454.2158512279352,-17.376473222300785,1640.7872054523282,2.553708884911428e-06,24.076077747267224,7.926786756739698,528.5388833096099,0
Pb,1.5387986473056618,100,692.9294289971976,-220.9378318158009,727.2996075193836,-17.68467806331805,748.8843965077185,4.282701533604283e-06,31.519063274270167,6.430260452849359,465.02948924623,1
Cd,0.2209916164673097,10,4537.6243662406105,-1372.2830970649438,4740.590236203785,-16.826536978177284,4726.161998898388,2.804656014750384e-06,32.79386537267675,7.103359127505279,526.5430248601983,0
Cd,0.3694560295345132,100,2695.1169936363517,-814.8404247692304,2815.6030485893325,-16.822142535813327,3044.80677265956,3.414578098023952e-06,31.68338967653857,7.203528884220939,566.8013826146771,0
Cd,0.4228439728753121,10,2336.117542595928,-695.4742542269832,2437.443252901904,-16.57854022599009,2743.1566109681894,4.582080481523305e-06,29.46598667251544,7.997295769868441,434.22226666748594,0
Cd,0.8239934869115545,10,1287.1535601428309,-371.842580240288,1339.7877413486506,-16.1133450373403,1479.7938019401563,4.46493449143569e-06,27.709497687839683,6.402368284333304,586.174618582904,0
Cu,1.557519744829106,10000,607.0716742422488,-183.1438761329822,634.0959683141821,-16.787728143160308,712.5512555326299,4.5616888151166615e-06,30.6305643382047,7.046436039934584,506.1376282124887,2
Cu,1.4214099277344063,100,651.6735118362235,-195.1795577928576,680.2745223872286,-16.67322771433146,721.6052051861709,2.080019985860056e-06,25.862503239008326,6.6923706154272775,584.5855530347936,2
Cd,0.9617032171342864,10,1073.0902776277317,-319.0609571883194,1119.5189316581873,-16.558745092494966,1234.456495190098,1.1399299532322514e-06,32.619625272495526,7.051785937158,441.5460164403556,0
Pb,0.5132949276702033,1000,1908.39086469411,-582.8353656708797,1995.4079171749925,-16.983022717948504,1961.85044980371,2.044267199581317e-06,30.157851409651784,6.464257204206212,520.9125329208475,1
Hg,0.4990193850568902,100,1956.4269928615524,-605.4359430113248,2047.964662655904,-17.195206008981796,2092.7017645465567,2.1148293824828347e-06,30.46707047741613,6.095224756854976,480.7774234647209,3
Pb,1.5152319482860934,100,587.7847520779429,-211.44418356959704,624.6595533094345,-19.785212526707788,633.5789638913311,4.637441306899873e-06,28.039039896936067,7.1451309077953775,554.8444382312026,1
Pb,1.7427039491736755,100,549.6754375509832,-178.8056184268324,578.0264144724416,-18.019348531464903,605.8847801581323,3.596970931351883e-06,33.27843476316759,6.671708631721664,521.1817886426593,1
Pb,0.9419290945192896,10000,1057.515285829726,-307.79167668356206,1101.3965207858637,-16.22772951762655,1254.0177763646532,1.3268158384089151e-06,23.780221005185787,6.363882803496868,498.9030913916637,1
Cd,0.1128837499003539,1000,8870.825572089401,-2675.3059003876115,9265.46318276016,-16.78251125120826,10421.972028891134,1.5415143840444045e-06,25.71721480041576,6.647871132156068,582.5970812862017,0
Cu,2.47573903712306,100,451.48510545863246,-140.20167238610853,472.7529052167254,-17.25136819714501,463.6323566732439,1.6227045021679016e-06,31.66463854516534,6.09856040289549,475.423412834336,2
Pb,1.7512168955010137,10,597.376390094217,-169.88429128001874,621.0629789849918,-15.874904194695205,618.0204817916534,3.5216869926756933e-06,27.391233441940063,7.900884468180207,443.9960409796363,1
Cd,0.7664285187581672,10,1295.2095075783743,-378.14906234505895,1349.282913948688,-16.275680146281946,1387.853395602997,3.941656102028013e-06,33.33821020136286,7.162295829946521,521.6202373704183,0
Pb,0.7142754309512579,10000,1390.1103718067225,-438.62376858533753,1457.668568698875,-17.51213281488038,1470.943584509484,4.438575642261585e-06,25.195989796442785,7.62953736269405,524.8056874345627,1
Pb,1.6301418833854535,10,638.9514087552227,-171.74423549749395,661.6305503654606,-15.044978847316743,717.5131620714196,4.7625462032249725e-06,25.53995253229467,6.846236395095461,487.8189243143751,1
Cd,0.7920305038968769,100,1326.2061425681968,-375.3148409833493,1378.2902315724266,-15.801453173418643,1565.6595705499524,1.8068182295457672e-06,33.33103684079938,7.806629335132372,497.3220087378765,0
Cu,2.31708103134011,10,437.89319322757854,-153.96495511264473,464.17201130387446,-19.37187319530552,522.1693764273582,2.2390899388961964e-06,26.965554802730612,6.966636443104507,591.9106828599799,2
Cu,2.5322318655911724,100,371.4520016405479,-127.91233788498744,392.8589514138284,-19.00153848096768,420.0084266400242,1.9612915229793227e-06,27.741868763037303,7.147890644401339,546.5371382793603,2
Hg,0.4306646478549795,10,2272.349008765871,-657.8828889668375,2365.666906653299,-16.146610558210416,2653.267054864222,2.435046269864551e-06,24.99145573003519,6.9835879601253135,422.1203502965154,3
Cd,0.6522437028137126,1000,1460.9090041653403,-441.2097716747081,1526.0803324440735,-16.804864338827016,1614.3635288302642,4.658660429694999e-06,24.150049132686227,7.466556591735303,442.4260141741222,0
Hg,0.0898721212863555,10000,11160.234554194736,-3392.465925207457,11664.46142598688,-16.908118618115417,11625.2300723782,3.300450267757446e-06,29.83923066257588,7.133312155204125,595.1153268871118,3
Hg,0.2694325143502449,10000,3740.403465311448,-1150.114669688088,3913.231635968618,-17.09183171403335,4132.912736272088,3.952767589297997e-06,21.79760992311806,6.543197847160796,545.2931107587062,3
Hg,0.0849422006022222,1000,11801.579418843952,-3545.461218156635,12322.644684836689,-16.721455791675677,13111.74969982094,2.960476944507128e-06,33.18908961774364,6.291079062645292,583.0090252289306,3
Cu,1.8150860620648617,1000,544.5050911163642,-186.61238034060128,575.5953220345222,-18.91757484765562,625.3594758467915,1.115431653344498e-06,31.688047051476616,7.212248777765955,460.7722927977444,2
Cd,0.4663958402130649,10000,2214.4481931376918,-672.6029333540362,2314.3412682764056,-16.89531293466474,2311.832090989522,1.2567819439912573e-06,22.861223955587043,6.9783599230940725,548.3733720173185,0
Hg,0.0797044298631087,1000,12522.14817023746,-3755.996526797566,13073.320339787317,-16.696524366596623,13444.555605662825,3.151692125071544e-06,30.41029918736848,6.191951393392226,542.8005417047023,3
Cd,0.4139384805725313,100,2463.5813839266257,-709.8293230972931,2563.803990783732,-16.07322713121172,2642.943643205612,3.875156139280103e-06,29.039493819284523,6.791234931586537,458.93799708787503,0
Cd,0.1998982889121833,10,5000.606926247082,-1505.9911561986803,5222.459094466794,-16.760288046640564,5960.162983802876,1.861322110114926e-06,22.76802576104966,7.029552844000907,510.16326509014107,0
Cu,2.6164704200184445,10000,351.77673094219705,-84.08218329120393,361.685888554412,-13.442708141396972,383.0106323145964,3.887638295969217e-06,24.09805259075349,7.65378646765118,525.483022254059,2
Hg,0.4764596116840118,1000,2128.440298270955,-609.9568862405511,2214.1150616840173,-15.990956718994932,2449.874784066688,4.24266309393405e-06,26.13479755600752,6.152202111666725,496.226362165493,3
Hg,0.0825424138660723,100,12135.465523547922,-3611.953463677335,12661.584865134024,-16.574908896954348,13957.7546502193,2.647589913448445e-06,30.48864102868211,6.696990696492006,565.4357413316026,3
Cd,0.9596036865625313,10000,1059.9455098315395,-312.28856108175046,1104.9925923708956,-16.416396623021793,1116.237983100354,3.98567693137642e-06,29.58085113225509,7.64531224542077,566.5738083595979,0
Pb,1.2838648990051178,1000,782.9620752426356,-274.15440552957017,829.5723291790334,-19.29771762379464,872.5125309944062,2.61611980131384e-06,27.98352271515047,7.296847863543157,570.1201096603113,1
Cu,1.5991313559077478,10000,623.4448443272512,-177.81695599009805,648.3072911481213,-15.919040903680932,734.9545499485422,3.713402517820081e-06,31.526158146710515,6.579916643607573,560.6847138196326,2
Cu,1.153724150552327,1000,986.1769140302546,-274.8850764528055,1023.7708293474184,-15.575179160735832,1079.9027181359083,4.0559881972781725e-06,31.36906609409249,7.690670244045284,497.6166954394289,2
Cu,2.001248536140836,10000,558.9008929583456,-169.29160999621203,583.9776171778724,-16.851610335525983,664.5462967192085,4.967706473232444e-06,29.26788731093384,6.986587161125385,476.2876596298015,2
Cu,2.589031088981497,100,422.3862238686653,-91.8241897590946,432.2520143839059,-12.26491589793456,440.5030642010238,2.3815866482543844e-06,31.80485125077238,6.996703782620921,566.2752567428741,2
Hg,0.3681889147700141,100,2721.5869906416974,-799.2794259631601,2836.5266345300074,-16.366531558473714,2761.953082144142,2.644163122298446e-06,25.01395062168814,7.953174678400769,498.04029171125336,3
Hg,0.0726017051587882,10,13824.139037935864,-4135.876243837703,14429.563141153076,-16.656018383423415,16288.855495587755,1.6624802376406855e-06,33.218742924839084,7.894233006472756,449.2742797255964,3
Pb,0.6093527530518552,10000,1666.985292288634,-478.3679734624734,1734.2652284876197,-16.011675163557864,1949.5997101991588,1.816292233607228e-06,29.22365128702911,6.717065366739687,501.4687064644432,1
Cu,1.8057465652652744,10,555.0978063018017,-159.86194486532295,577.658563493346,-16.06580737416087,665.2946988394526,3.773580010393511e-06,32.33545270718646,6.281158257326164,428.3699643838484,2
Cu,1.5905809880958863,10000,613.5228731399658,-233.9130719298968,656.6015847419192,-20.869957405093736,696.8875621038296,4.668182360617905e-06,28.19418657185426,6.651333464556188,538.3258981197598,2
Cd,0.3091458907504431,1000,3230.6728530472124,-979.1846349435708,3375.803553633681,-16.86153142983941,3835.89930433934,2.5784198066449625e-06,23.276573674830207,6.060966520622776,467.1842563247813,0
Hg,0.1764520245089211,1000,5508.74154446617,-1628.679102794894,5744.46072522115,-16.470501989688053,6419.831234393498,1.7193777873421649e-06,28.136151930174627,6.041535773420782,452.1317596894909,3
Cu,2.606965486593769,10,394.1177822485436,-134.38716147652897,416.399730372426,-18.82846433744724,460.6784689848552,2.1403979975319766e-06,25.56667495664882,6.791044272502838,591.301749246949,2
Pb,1.893842080447781,10000,503.6033268329517,-155.5504481546243,527.0789814803103,-17.16460798753098,560.9276444968917,2.8202068192325546e-06,30.46248554055642,7.882039645394468,555.3761991516615,1
Pb,1.1076540417913496,10,982.4424657738756,-315.62946601022406,1031.8988120788547,-17.810663091738927,1057.5727094542617,2.1626013174614736e-06,27.13690687602104,7.742714682464415,557.4139005447863,1
Hg,0.4577499509596237,100,2185.566017595308,-619.9913533745569,2271.8028293684797,-15.837335802202263,2594.0736905593008,1.934316332487465e-06,32.541692073915314,7.022885667835246,524.7443938558367,3
Pb,0.9822435518718228,10,958.6292682635903,-253.9589313307168,991.6981459971712,-14.83788072117221,1041.4773026365492,3.943937955028319e-06,30.17108768482875,7.130452762341662,567.8345621020594,1
Pb,1.2146554795156874,10,820.784705364336,-263.9127895121154,862.1702227681527,-17.824528199506837,909.2356444828596,1.0313796849624928e-06,30.26816649546986,6.011866993492113,551.8324962326762,1
Hg,0.1517130490171999,1000,6539.0847751977335,-1958.7794725515384,6826.159001906714,-16.6755599727623,7122.520629941773,3.156922109345933e-06,23.257330002365972,6.431002311667531,519.7547408267233,3
Cu,2.280952084351688,10,462.08378896324746,-152.23501764425518,486.5150857062684,-18.234636606214195,514.2824662813597,4.175067228119016e-06,34.763746497369354,6.049548253868768,592.2248803703435,2
Cu,2.957962230349618,10000,352.61794590714464,-93.48649099151584,364.8001367511816,-14.848715151674998,385.7996528057753,2.064913145269873e-06,32.62512813907233,7.509079065390775,438.3189899368846,2
Pb,1.4052396440650678,1000,759.5143758021389,-217.6606511957951,790.0874927051373,-15.9911754296087,766.8007858647876,3.413166042448069e-06,31.83507326841042,6.291291592052995,588.6759437989502,1
Pb,1.0367211261703233,10,925.035462964787,-261.2765274571708,961.2263165054084,-15.772347830759166,1088.220633384963,3.675600422474472e-06,24.95322837740041,7.738094204953634,480.287632399773,1
Cu,2.2956348919810567,100,437.3097447343744,-124.55455446615458,454.7017152792652,-15.898012148709675,476.1772942366922,3.620098785620361e-06,28.03447479270848,7.286648627351576,505.6797966802973,2
Hg,0.1053143053094244,10,9427.135097906552,-2769.432405244196,9825.509248959988,-16.371334061793593,10537.545365813105,2.783398536794871e-06,22.05654782111493,6.458837353031427,424.5478639088618,3
Pb,1.832988620398098,10,580.63186305853,-194.74803421777375,612.4215518991039,-18.54181713925075,596.7952377046087,2.386311951503117e-06,28.07713964994059,6.3154406341665,508.0214877843582,1
Cd,0.5527755557018528,10,1834.996057246736,-584.710884262751,1925.90169746184,-17.674178961003253,1836.2393947848748,4.343696292111255e-06,22.188338697249307,7.255249401846106,522.2413503716386,0
Hg,0.2522073839178389,1000,3989.781221838213,-1204.7961705654932,4167.719761541328,-16.802766393672247,4185.511983742682,4.0337838279994575e-06,28.295567659844014,7.801673960564647,599.5403083617048,3
Pb,1.3787971826802787,10000,725.3507828102308,-248.9650001542746,766.8880814207721,-18.94395972569497,827.5651888032468,2.2850206936556502e-06,29.730828202323583,7.436720437828763,595.0384822143053,1
Pb,1.4371757941841037,100,716.5477473971091,-244.81356961925255,757.2148692211424,-18.863092729223496,730.7632708184086,1.4120767777688244e-06,25.85293950874853,6.697093303206755,593.2794583748574,1
Cd,0.1645982256038617,10,6155.616591901781,-1866.7112706544935,6432.435510324609,-16.870102169353054,7274.569113544598,1.2872301817818769e-06,27.4781731749694,7.174767190537295,469.67761202041146,0
Cd,0.7143554991010621,10000,1385.6085222715735,-434.1263347901047,1452.025017535822,-17.39634552627757,1445.1959431877058,1.3771039115957443e-06,33.13480081511879,6.6215233907448425,598.2532997490086,0
Cu,1.4838633606310592,10000,680.8487575177488,-223.34698929432585,716.5465150569794,-18.16166320688099,708.708219135073,3.331477444768172e-06,21.62844717054214,7.998299133557317,491.0956303190222,2
Hg,0.3712786846279654,1000,2639.0882735345726,-781.3621030514635,2752.3287688051905,-16.492585720322705,2734.891380148263,1.2066487033159587e-06,31.875993394994797,7.4976783769237025,570.3672517523801,3
Hg,0.4201406574728885,100,2336.742221859721,-711.146447779623,2442.5587979844995,-16.92670591720167,2343.276553666544,2.3477074998561536e-06,22.561318264942948,7.228763279513507,443.2639938037944,3
Cu,2.6079170151050404,1000,388.33844854042775,-120.09182605957793,406.4834526781015,-17.18397591359881,448.2827961811989,4.012798807656918e-06,20.550619742069426,6.846518285531658,501.16663593132046,2
Hg,0.2986254353335501,10000,3403.873252332964,-1003.2773202098704,3548.650236244097,-16.422659342718898,3999.574579487653,2.1773926660615124e-06,22.78361904117572,7.236304580519114,593.2024192255211,3
Hg,0.284076451539838,10000,3507.3651027449523,-1067.5359813191142,3666.230084891573,-16.928664835374047,3938.1836688576686,4.05323230872052e-06,31.475647849557348,6.683232124934669,589.4062793846855,3
Hg,0.1142941826027352,10000,8737.555866050616,-2626.5576777892798,9123.79787956251,-16.731068967722056,9066.437436834114,3.981868152828222e-06,26.0768911000529,6.057729678916061,536.7469755642853,3
Hg,0.398905767681411,1000,2486.513449590714,-738.6388351553559,2593.903711357685,-16.54447584966064,2628.382964843873,1.983308530532865e-06,33.087807752692726,6.790177044713266,559.5628645106119,3
Hg,0.1721342212010214,100,5782.682240065239,-1773.636028031976,6048.569967314504,-17.051568023344668,6333.108812150294,3.915288720370982e-06,27.87061311773399,7.860961639159734,435.28533932048026,3
Cd,0.5470258805361519,10,1842.8156452608396,-600.5428037572634,1938.2004957080053,-18.049923026585805,2194.552375389392,3.991106553088403e-06,20.33375527889497,7.252602189547732,544.3317098968315,0
Hg,0.1779233418173825,1000,5545.535148632275,-1656.7381980137282,5787.723347005605,-16.633606277190122,5819.874293927815,2.589815702668108e-06,30.7507041440289,6.167911406141803,523.6101616670744,3
Cd,0.2204455266997238,10000,4600.315030950053,-1370.254223673678,4800.051564460588,-16.586739327354643,5273.475360777193,1.841681934966073e-06,21.65349363081849,7.769987226790052,418.3103471502493,0
Hg,0.3333009636012815,1000,2967.020240975329,-848.8216695955505,3086.0504430634765,-15.96506135354995,3227.790595649477,3.085083227567477e-06,31.840694501928866,6.5377496986830295,422.6318013179352,3
Cu,1.1086640696458077,10000,938.081652754498,-278.26259830901324,978.4821208649108,-16.521904941316237,993.9626793181208,4.685590352000786e-06,22.5215382470777,6.487538986165455,421.6887235502524,2
Pb,1.6229678511893,10,552.65522025679,-149.4017717318751,572.493390244555,-15.127436740628037,603.0480847754974,3.558466929728248e-06,25.181695787082703,6.594181937560641,544.8713869659671,1
Cd,0.385828115735005,10,2625.26971222728,-791.4903665399034,2741.9879763163394,-16.77748983927656,2662.657080000904,1.691689990509045e-06,31.419071444380407,7.154404472251915,428.3430416495145,0
Hg,0.0500606118520184,100,20009.381844371244,-5996.870008879671,20888.700574646908,-16.683626553216595,23205.629960215763,3.73102769893408e-06,34.313470362146326,7.089376186867954,493.5464542228941,3
Cu,2.0222582784744594,10000,513.7067812226877,-120.76689753181564,527.7113800304428,-13.229392431142644,538.7039512805686,2.7088121091273387e-06,25.571509259700985,6.982827509245763,471.39636117555153,2
Pb,0.5702778627914047,100,1703.8097299418876,-553.6227753450789,1791.498192358964,-18.000651996498878,1951.0025766846848,3.3661151894214927e-06,32.44100330298404,7.435073727025254,510.1008281540436,1
Cd,0.3485526020388095,100,2881.484825148702,-856.173122393177,3005.991885064018,-16.548218943783482,2920.873784179022,3.936256140092432e-06,22.86188398213758,6.633075462669918,541.2952974438806,0
Pb,1.5604647311835742,10,581.6819241708882,-131.79284264971915,596.4253635458846,-12.766084050825294,692.7946373555469,3.0597894060577797e-06,32.107696553037364,7.564129043144862,536.9445074442664,1
Cu,1.1253792432437315,1000,875.9511781305393,-257.14466905497494,912.9150274213216,-16.36015549851934,909.7655189031334,4.255935898293235e-06,29.862410888843765,6.350643356757198,503.1039831828753,2
Cd,0.8554046431204021,1000,1220.5080317355212,-333.1409502559994,1265.157202986406,-15.267139318735031,1435.9867905278477,3.888622317266511e-06,22.89115260818553,7.565241578154018,492.8669747220771,0
Pb,0.5057298839878747,100,2017.1752371310909,-617.7368141299162,2109.643265774157,-17.026607404550656,2343.7450998425466,3.4602933600740427e-06,24.53755940527117,7.327620210500566,479.5631190244517,1
Hg,0.161070741140856,10,6209.211364562975,-1863.4043592521668,6482.7911871275,-16.704670129476106,7411.140732545252,1.603171263329406e-06,21.97656332895554,7.366416619095171,572.3819896608759,3
Cd,0.7668136505368643,10000,1255.3574781480563,-375.9367493966452,1310.4391773329903,-16.671164857551048,1375.3422011391294,4.343796443646274e-06,25.7445051659647,6.96310679425452,466.170360974529,0
Pb,0.9744052245939602,1000,1058.546460907598,-361.9157598594548,1118.706229148049,-18.87549641386928,1212.5432271224772,4.7436223412792645e-06,23.05472961684916,7.334003065361729,451.873164233499,1
Cu,1.203784776132027,100,831.6823420554451,-272.8682591736375,875.301436621283,-18.164245567379087,893.3450435494645,1.5478604952371794e-06,29.659969304457103,6.159594093118915,548.6630987310542,2
Cu,1.7204678376008558,1000,465.2214732035804,-161.50394354875382,492.4576559578587,-19.144698364933745,482.3758858642745,2.9529645177337222e-06,34.91757656330838,7.7031022340987345,471.9526923393453,2
Cd,0.343353957746073,1000,2951.5778966651087,-869.032047438882,3076.8537143578737,-16.40599211814481,3213.1325227032366,2.0355549678820182e-06,20.180137446263963,6.111094466975292,569.3997199514537,0
Pb,1.7640678532408325,10000,565.6599773107754,-152.2549310795515,585.7924324957313,-15.064886016984923,584.4114941675587,4.0180932297022585e-06,28.11379719930948,6.2974830197429945,465.5777437274289,1
Cd,0.3820131258266288,10,2677.8336628649413,-796.8693700053517,2793.8850940626376,-16.571945216544556,3203.7840927315174,3.8865185440188e-06,28.604998963235147,7.153579416994472,540.3889649149177,0
Cd,0.8100392245984065,10000,1179.744593705733,-337.4413201746058,1227.0549910004383,-15.962072328191873,1202.4538492230145,1.5635404822815949e-06,33.713131845212175,7.478822910913383,409.0218012570672,0
Pb,1.837808217216102,10,385.29122614052994,-118.87035609659446,403.211471190248,-17.146082374333247,430.694847617617,4.508109085046549e-06,27.590080021504065,6.152503128692507,477.112576022064,1
Pb,1.1507261293647943,1000,882.9706986535148,-240.85257620526357,915.230691216913,-15.257678656407348,993.6005442444844,1.7238922559120091e-06,28.15552129467376,7.84152962824464,468.6460349935103,1
Hg,0.4594744147344764,100,2190.9779308752595,-657.1176104099363,2287.3976146471123,-16.695027175376385,2426.7620115737595,4.18903610259243e-06,27.07479201992583,7.947215297601398,563.3357478551846,3
Pb,1.0659770809447893,10000,853.5728918974021,-254.9145866206855,890.8244093277244,-16.627949707221134,966.6176761855404,2.82792143851202e-06,24.03356456842222,7.2119003460154225,593.411080645662,1
Cu,2.9281568329802163,10,292.58678489675054,-93.08788813427338,307.0380784422616,-17.648718157798996,299.3853767822589,2.313089174232605e-06,20.840436998733704,6.9624869107536735,492.1762553385923,2
Cd,0.1803605720730156,1000,5682.209923393135,-1690.973967465212,5928.482316086678,-16.572526255733006,6312.956276574398,1.632957050696854e-06,26.12986523314754,7.482789944559499,564.9672554307516,0
Cd,0.7183173398529185,10,1376.8618338421595,-421.4825264849062,1439.929175210814,-17.02030531451728,1455.9522393191478,1.6704570245865177e-06,20.78887206861018,6.65671470465441,539.938940191473,0
Cu,1.9876280809138571,10,539.6601807310442,-142.3694266753519,558.1237894217838,-14.7786664324073,641.1352975790542,3.6475622188036017e-06,28.257387041988768,6.986528868210213,593.4771975327386,2
Pb,1.0814732081834706,10,892.131616532206,-290.2824677739819,938.1698845695912,-18.02389142303301,1028.1052597515163,3.2017215517884828e-06,24.6094046486344,7.832302053628803,562.221702868565,1
Cu,2.265423757497202,1000,336.90337408301946,-123.04933731946971,358.67119048410285,-20.06402787529625,402.43205615986295,1.4883416866049308e-06,28.00403602288141,7.911310850483067,415.4956131927461,2
Cu,2.4077141832686624,100,406.8187773387616,-108.29709809909838,420.9866732476108,-14.90670647752458,409.8744802134322,1.4507914417533008e-06,22.0144544659278,7.85413823210237,542.6563444764472,2
Hg,0.051963471342639,100,19231.00761807963,-5771.073169715549,20078.270332298234,-16.704084545054602,20327.68727089312,1.2892422990911658e-06,33.98944948609039,6.5248961339276805,507.0999430844747,3
Cu,1.3339061774943974,100,729.6840016049946,-227.98302880456092,764.4704072893725,-17.350932699582145,758.2033486094484,3.975069389494177e-06,33.41781865324902,6.464938080433527,403.2872115864655,2
Cd,0.7417414455708868,10,1342.4466341922105,-384.93283560815394,1396.5443972832832,-15.999702547529123,1345.4415218307245,3.847528340917157e-06,22.849947638034266,6.595329011858628,450.2625917450888,0
Cu,2.3327708271564127,1000,441.8881845279448,-144.71168364010515,464.98025657801526,-18.132837223465327,463.3043599285359,1.2337239634183006e-06,25.151664249410143,6.88262222477692,584.3510490053786,2
Cd,0.9694427546158096,10,1024.0145751117773,-311.20839761954056,1070.260022980526,-16.904557872239927,1163.0298751839273,3.241080302387892e-06,29.202391577779693,6.628334825583927,585.2122745573506,0
Cd,0.7849340112257047,100,1210.7921364432643,-335.2530819315561,1256.3487679054138,-15.47673939821708,1266.7522663912014,1.3387046209707597e-06,21.435293109588592,6.748425591478116,559.7700920401269,0
Cd,0.9556954369582042,100,1070.667693671808,-290.41746118532933,1109.3563954085453,-15.176250142143813,1179.6624026809836,4.614983082435767e-06,25.318517316742263,7.241273904241519,596.3559206555979,0
Pb,1.5538107523022104,1000,546.1104314409127,-132.38516522686726,561.9274288560088,-13.626475376769172,643.0797782018315,4.628469676720531e-06,23.766684302285093,7.525051354187951,561.3090449248409,1
Hg,0.1841234938877494,10,5328.61956041548,-1604.228383663322,5564.866137347196,-16.75488940656093,6067.97396532853,3.792931959252521e-06,33.73275093075045,7.471116396535834,402.04083745704907,3
Cd,0.1948284300257708,10000,5169.680157209048,-1526.289989063025,5390.283300398503,-16.4486434656286,5577.701371639263,4.7047556857578e-06,32.78765954433808,7.628847134158304,457.5668680603024,0
Cd,0.803641477010442,10000,1269.6869875537752,-399.88515282150615,1331.169854605512,-17.481707627471792,1364.2707805547084,4.245812121654763e-06,28.697491119002954,6.064368806430805,406.1248364475526,0
Pb,1.466223832213874,100,679.154338863753,-221.88435915356712,714.4811297959174,-18.09256849790157,741.0573299556463,4.314154303708198e-06,27.80519505307361,6.095467579357512,418.8215937475119,1
Cd,0.1433674111539666,1000,6905.313418546296,-2118.603142616376,7223.00717736453,-17.056415278623337,7149.8187462642445,3.278831402279733e-06,33.96088691818096,7.578765921377259,443.7681633901552,0
Cu,1.720100931801957,10,545.9656867820422,-130.33234199664207,561.3065566281199,-13.42631054774141,615.1942196625645,2.224236792864704e-06,33.98641674468223,7.066157644649264,500.7117092651045,2
Cu,2.913599630968572,10,330.0807181683413,-116.30381243202396,349.9712235209509,-19.40988943145296,354.1206829789561,1.8711964604656865e-06,34.539951880274906,7.15628134752424,569.5064006924035,2
Hg,0.2751805155695905,100,3554.1835210325103,-1068.7857079046942,3711.4045037694814,-16.736664208051412,4160.076096681765,2.308800088155717e-06,21.880683261622814,6.105173720428754,572.3933512314215,3
Cd,0.4894562224177342,100,2006.1322060407783,-620.0461486507991,2099.7675239346686,-17.175093400721078,2309.68113742234,3.513981720356249e-06,22.408367161447558,6.510627602342542,523.2403717114593,0
Pb,1.186549407738941,10,875.3964243259007,-248.7156223311674,910.043054209059,-15.860786849676666,982.2846324959344,1.6906261433295958e-06,30.1510504801983,7.276708609770956,585.6351878132471,1
Cu,1.4177654480103274,10,776.7005557991499,-240.52283995409172,813.0897797403987,-17.20631789081908,833.2757695501829,2.034560946549287e-06,28.12151714914767,7.718363780221352,500.0124653180416,2
Pb,1.0530607562971928,100,928.6410876671372,-304.6886641088001,977.3481732422732,-18.164748203108065,967.6313525673808,2.872243451181858e-06,20.27698857339854,7.833966794362805,577.8072088266404,1
Pb,1.054719883980765,10,985.9434540477652,-286.9497849306084,1026.8518265316377,-16.227151732040216,1138.9918240001473,1.9322003940984623e-06,20.92962553984279,7.000838991670164,490.81305126640245,1
Cu,1.1047100403749448,10000,809.5119066751128,-271.5281724987384,853.8366796462196,-18.542590293936296,888.2626981047923,3.354574678864247e-06,33.32120573388208,7.090948465476395,455.44500148437646,2
Pb,1.6513514427768774,100,638.5371766470006,-208.30926750041,671.6565170434068,-18.06782165427626,667.2394276128156,4.69270411382532e-06,33.03306193309079,7.666099262137981,583.2825836200856,1
Cu,1.833008863807758,10,505.3536781943062,-193.7438857508135,541.2199491245113,-20.97596228233496,525.0801201144311,3.992357462812506e-06,25.35906382994068,7.075249201494709,477.58701513577387,2
Pb,1.733269830224635,100,592.3114949225946,-206.17261072073052,627.1682807898059,-19.19205625779544,611.9052663239445,3.665706456595652e-06,33.36575925395802,7.0337170510746345,500.6808217688923,1
Cu,2.700696002239791,1000,357.8873005048129,-103.79560675703432,372.63500619867045,-16.17338317650641,413.5145250182352,3.330885903935115e-06,28.905126115968528,7.810168075521908,465.77212650613546,2
Cd,0.2907946492287923,100,3504.8735220664453,-1090.752777381992,3670.678415095632,-17.286680358254323,3665.387746596762,2.95179163702826e-06,32.08858470528353,7.57986544211176,532.567520058146,0
Hg,0.3458090669765578,100,2848.047391662494,-884.0371319911827,2982.0958394885192,-17.24440190120643,3148.0278166569287,1.7462554385386389e-06,26.41146606740321,7.818145052722589,599.0062450012072,3
Cu,1.9445636083259636,1000,545.634513464519,-163.73773236201183,569.6727721093191,-16.703808422811043,594.9103692597606,4.578841821707463e-06,21.70097491017363,6.436494109562307,405.1027097729539,2
Cu,2.7603134758429704,10000,348.3023205650895,-115.3628340913879,366.9101933724701,-18.32562744679484,388.67828481029534,1.994144008051345e-06,26.505905939690244,7.048750973310714,579.9696012014203,2
Hg,0.1470833056294043,10,6790.95286222661,-1997.4451259487969,7078.617648111839,-16.39036383503189,7982.296378484982,1.365235510312643e-06,26.85949696995347,7.684944257186716,400.78521139785306,3
Cu,2.355626400620088,1000,415.322839612144,-87.9189209631557,424.52655719851066,-11.952385764277476,487.4019016350982,4.000060716914781e-06,28.264162907609045,6.222295654934218,472.8455762292422,2
Cu,2.2155042445054454,100,409.0808603161908,-140.08270734988028,432.4006419693511,-18.90288629588424,445.9861778222231,1.7024621373246656e-06,21.58374069356642,7.589324308587924,433.72136125790286,2
Pb,0.9429522163577492,10,1059.7941763184283,-306.7955005274589,1103.307380244667,-16.14498605225556,1063.05118892653,2.487583998164704e-06,34.871027945744174,6.3659467668297385,551.4683561345103,1
Hg,0.1114704066430276,1000,8967.858456473637,-2675.3718858045017,9358.42401383368,-16.61136577080756,9732.7159943308,1.1131397131639188e-06,23.6620523121036,7.616237509970642,410.1221681514347,3
Cd,0.6864757844295489,10,1468.7776354353348,-452.58286779108846,1536.9251753332103,-17.125934967325026,1646.8503375381367,1.5482717701617923e-06,22.978286053056397,7.224001875113736,510.6969907168656,0
Cu,2.4771949162646614,10,407.9076616987013,-152.28312923957446,435.4064904471442,-20.47198391878167,453.4109654310273,1.6928145230396483e-06,27.902043782839048,6.386471982969734,458.98522676906254,2
Hg,0.1920323046935075,1000,5247.356887337369,-1574.4530351873718,5478.472110278343,-16.701708174853287,5930.91548748581,1.2176405110007118e-06,28.05812269092333,6.946708358665602,426.7340497729404,3
Pb,1.4672489060334706,10,727.7230509013867,-221.77382876669824,760.7657129097388,-16.948616605654767,750.1479433224224,3.626627826491381e-06,26.597311067498666,7.363810332921544,554.3636424205281,1
Cd,0.4556178168503529,10000,2142.2908163168368,-651.4025348344634,2239.137156152839,-16.9128492921483,2419.304057225729,4.34803118321247e-06,31.578382194878817,7.267705801767085,443.48336685105136,0
Hg,0.3709430974771779,1000,2739.269890798069,-812.934629876131,2857.352314133612,-16.529337839141135,2839.3363067441373,2.493261625463764e-06,27.74981601092904,6.854494392463408,444.7350424109878,3
Cd,0.2792937474046478,10000,3521.1428534226,-1071.3574481668918,3680.523573617172,-16.92312378346782,4049.683283613128,4.498305906872804e-06,29.14543182717476,7.798733057841854,455.0153570275846,0
Cd,0.9011935023725568,100,1139.0323971862197,-364.7496701074488,1196.008830938668,-17.75650275437544,1216.2787525843685,1.853386298240506e-06,30.85619578111678,7.038526828975689,517.3533527656055,0
Cd,0.3586686368190217,10,2819.075713511171,-843.5410546463546,2942.575298846642,-16.65855600510335,3219.3255085868,2.301561694244958e-06,20.375376523458,7.011734597057377,531.9331863381497,0
Cu,1.7355719755123058,100,480.61308323392495,-136.46452311879997,499.61135079745856,-15.851281843130726,485.2140498481455,1.6029479721246736e-06,28.55966273817567,6.124501179882909,403.520504740269,2
Cu,1.1161839041606996,100,900.5586742228604,-293.7005011448592,947.2412100889496,-18.06277588263448,974.0190510057914,3.4822367816759948e-06,33.26291706842554,7.844240779595275,448.3739272227581,2
Pb,0.6672683184819146,10,1475.2226983451746,-424.0049972837308,1534.9469852194875,-16.035583551268974,1683.2392844171377,2.679478363481228e-06,20.260831143881507,6.354233137356746,486.1941685010565,1
Pb,1.2737928540684922,1000,747.1187397438111,-259.5452446786649,790.9172809540127,-19.1569665410981,781.0185825931339,3.453133387367594e-06,26.077731557014417,7.056689386873108,466.3953904322466,1
Hg,0.1704167045275871,10,5935.511973013847,-1792.2158610784668,6200.188712812857,-16.801584792309107,6879.59912828919,4.046699621576735e-06,33.89341175308745,7.60713520280062,576.8341317021773,3
Pb,1.7532203386132916,100,537.695006738849,-166.46867274560685,562.8745324471296,-17.202359431110228,605.5284293073661,3.182812064131794e-06,25.297316034238065,6.430906553911287,557.5417461772838,1
Cd,0.1132240497894584,100,8791.727011818135,-2650.242577798479,9182.496913776153,-16.775292368869998,9824.86355248236,3.510521419607152e-06,26.880932363003613,7.054746579941682,525.1780431077655,0
Cd,0.4411846438047425,1000,2270.4094222747085,-692.4240361534364,2373.6490875015184,-16.96053213423788,2430.9495522387,4.741001257577332e-06,34.72312089566469,6.481369818446682,467.608483199408,0
Cu,1.6746910935381851,10,631.4045355453147,-151.99987101743213,649.4425673579693,-13.535433975880826,692.3289448611436,2.1962572384353725e-06,22.98985788425861,7.519389995599823,540.134468969232,2
Cd,0.1173948678258409,100,8511.177512722958,-2570.370935597665,8890.83513510661,-16.804287318992603,9528.006700267651,2.436655754535813e-06,20.97882783687509,7.128682335746301,568.7276025691589,0
Hg,0.1059657795502296,10000,9495.327382826144,-2799.7737803984046,9899.493690510357,-16.428577279105387,10392.563872346938,3.870813446837348e-06,32.89133886291957,7.711951720790287,518.9660754717974,3
Cd,0.4722784074267717,100,2143.94391333196,-634.440638404967,2235.846691339292,-16.484656058810394,2443.372833424155,3.445222068221547e-06,33.02698011818553,7.789116005754765,556.8922933786758,0
Cd,0.543578126002702,100,1730.7513927343894,-517.384315074077,1806.429326859122,-16.643311441430097,1880.87570693429,1.7141316181588593e-06,27.0811675202002,7.297466964890797,549.8209922799496,0
Hg,0.2319303862646911,1000,4285.16522624908,-1276.0247608069706,4471.116214822291,-16.58233470416672,4458.520027169821,2.504589240041961e-06,27.71310761715929,7.450782492317889,514.3474622320645,3
Pb,1.2964065176181407,10000,743.270879104169,-172.38270874621165,762.9989501951923,-13.057444789992724,775.073029266692,2.8713520524988603e-06,32.537095544267544,7.098440199773727,462.4366433643022,1
Pb,1.3926975123585223,100,741.9990566495139,-242.47157707348316,780.6119815614353,-18.096435089566658,742.8603348508088,2.677559351873558e-06,31.07839247173693,6.768857466134766,549.1564316002543,1
Hg,0.054465719507526,100,18228.931546295946,-5491.087822267511,19038.014360520847,-16.763839079958952,19326.15906534568,1.7130992332881632e-06,23.97723503325516,7.296235846041669,441.35927327152126,3
Cu,1.928190318907008,10000,646.0714899054286,-208.91877090306696,679.0106206122763,-17.919541459284947,742.8423570655116,4.69772036713705e-06,20.25340032607278,7.816577246974658,555.8976692943068,2
Cd,0.9671493167988294,10,1060.517810878327,-317.5124803242069,1107.0285463129617,-16.667375194415953,1228.9625503698596,4.049275046775904e-06,27.195502438003185,6.833360760862876,560.9093384285065,0
Hg,0.2835645260582969,10,3533.978043541242,-1094.708835558624,3699.6470435545207,-17.211241997735396,3677.081213200471,2.925423328431409e-06,32.88368489143462,6.628820052747591,564.4289759140746,3
Cd,0.7097880407130579,100,1467.9496863227143,-439.9381211104421,1532.456143575124,-16.683244244005387,1749.5153531981273,3.720244113227347e-06,33.437520150352434,6.776873877105148,494.58319419569153,0
Cu,1.6237277158337664,100,733.0495073077616,-186.04390952405504,756.2895718143592,-14.24067841676557,806.7067313538915,4.589130688542088e-06,34.34339295614231,6.870795260423199,438.49615355408434,2
Cd,0.7965922403374863,10,1298.8847350315582,-386.6372726969719,1355.208447264314,-16.57661876385528,1537.0946749212517,1.5446965694462849e-06,33.19344856419172,6.147122057955432,419.9447200132137,0
Hg,0.3978146668442517,1000,2561.1740169761374,-774.2059142723468,2675.632101565528,-16.819308686738882,2923.2037921771025,2.001492202827911e-06,28.700653329471475,6.996883680869988,548.6722500975849,3
Cd,0.5691664428887251,10000,1763.4898040071275,-541.4101501758107,1844.727958141929,-17.06704382877617,2018.290599121926,3.1708049890265803e-06,26.669083988541512,6.98862849610012,577.2522769059626,0
Pb,1.9640207349188203,10000,502.0833063322391,-132.65475780864045,519.3119787437819,-14.799853451314016,510.6231028458029,4.196041485409435e-06,31.622747698011487,7.176887655281046,530.1676717673813,1
Cu,1.2511004295253068,1000,775.5065723621341,-249.1686271734012,814.5522994531066,-17.812102422976114,809.6274853161184,1.1450195817661096e-06,31.097324515483947,6.725640060942663,428.83201207767394,2
Cu,1.033895329779162,1000,925.910298578353,-240.8451711615209,956.7216300916778,-14.580504546539496,927.5426475638736,4.936072600785442e-06,28.072151451221814,7.226215191911179,586.9792897035148,2
Cu,2.540316423514192,1000,359.30104278297927,-69.12311788060664,365.8896620163961,-10.889642622155044,410.7621243807805,2.819626411529589e-06,21.30991058837704,7.756432620548406,597.8204029078639,2
Hg,0.4132199918141971,1000,2352.4906418626965,-700.6121765855731,2454.6017277822352,-16.584436687117826,2514.548211908152,2.436924562486892e-06,33.89122020180378,7.910941980990328,486.6757219869844,3
Cu,1.2404144582411525,1000,802.3885816289238,-240.94687625021004,837.7844789104237,-16.71433024214564,928.6287809507888,2.170897751359088e-06,26.83403806252493,7.167224432282099,518.9650578547543,2
Pb,0.8983742494379091,1000,1028.888463873683,-288.05334299727366,1068.450372972115,-15.640417046005576,1098.6339772101148,1.6974268306034866e-06,25.450006728743965,6.085181907940626,555.4457040003315,1
Hg,0.057898563514983,10000,17281.13149760678,-5162.443479237488,18035.751398649816,-16.632618895097316,20112.93436038762,4.166295635720112e-06,29.443510927531577,7.938471994534218,547.2779580100089,3
Pb,0.939962916170847,1000,1062.0552275111927,-334.7364028745461,1113.5572574830817,-17.493702941189788,1089.8169802351886,4.821656658984386e-06,30.107569417504653,7.411724121792512,593.5574383866899,1
Cd,0.7958276865268044,10,1263.9001833663049,-389.7011576726255,1322.615086034015,-17.13621659482034,1307.725456289627,2.6545790193815928e-06,23.16031875545452,6.671927297107304,422.97661821575775,0
Cd,0.566164474941321,1000,1740.164609926432,-548.4963316715956,1824.5605211934208,-17.49474506135324,1858.800868034063,4.8096827790138255e-06,32.55408267214934,6.294315401927447,516.1449732285612,0
Cd,0.4132860338514593,1000,2573.474745913135,-763.8611250072593,2684.447072704178,-16.531989889654355,2783.7211417756403,4.295190461740137e-06,24.349056404935663,6.28683722447255,538.3862839346184,0
Cd,0.4345653654156972,10000,2369.1555864642514,-697.4141182701376,2469.672983461026,-16.402975829425056,2534.381828929137,2.9242045099052733e-06,22.80025888871475,6.3354888122792055,578.019684837534,0
Pb,0.5020304385732022,10000,1929.683968757438,-605.9037033844569,2022.5724998265096,-17.431827442348034,2224.403456047288,3.696104716504532e-06,26.09599779281746,6.091145043227641,574.8219255436302,1
Hg,0.1849102374043561,1000,5419.672803053205,-1635.0058190122843,5660.927249166749,-16.787502051902276,5524.761768220633,2.739936716681852e-06,30.95840121346198,7.804308377305823,595.5999587122581,3
Hg,0.3409064337370687,10000,2902.95588985372,-897.8318453077429,3038.6271441039144,-17.185894139034893,3106.8693930090035,3.23489363285021e-06,34.48187267659705,7.081536465654673,502.4156907875358,3
Cu,2.9483888876327145,100,288.4442978060433,-104.50928554668974,306.7935848454151,-19.916490625633724,336.74371855711706,1.2321853480740153e-06,32.1392189655715,7.399918825427674,566.1521733626453,2
Pb,1.7705912404758493,10000,497.7794910056222,-138.31350609716068,516.6382173578584,-15.528537503821608,504.4295340296677,3.785053901202133e-06,34.10522566505288,7.656217018536615,485.4563416254656,1
Cd,0.1212354681809762,10000,8270.022087482801,-2495.676267578406,8638.38326077325,-16.79244009007437,9828.66241197043,1.2112985779365467e-06,22.109087061147903,7.5830820126664,484.46277557120646,0
Pb,1.847840907012259,10000,507.10311849061367,-158.14745466783006,531.1912934158642,-17.32084602359698,607.1359877978041,4.268339787678599e-06,21.06765198295515,7.7652112474576835,450.6696728945718,1
Cu,2.566396826597252,10000,438.04265583057736,-163.9590313081195,467.7220673376472,-20.52083638172456,445.8019834474578,4.29978771784223e-06,28.36557142860007,7.934509245049904,563.6474574038459,2
Cu,2.560752247141961,10,440.1993606408171,-128.32000399775183,458.5209924687933,-16.251630460470672,465.8429562546598,1.9483091502248584e-06,24.354462245660518,6.878141229483879,597.1630211627031,2
Pb,1.1869936385053572,10,911.1602174352918,-274.2335316274805,951.5340097472126,-16.75031321707775,979.0235518028564,2.294651124143201e-06,32.42082459453909,7.900670933336781,451.2683456694516,1
Pb,1.0970079394317542,10,868.9510925520606,-275.2645127662814,911.5078459540972,-17.57705157592735,1003.8803181598156,2.9252415142331738e-06,30.079818071034893,7.446579896685632,411.2263176042144,1
Pb,0.954373593249789,1000,1071.5759808659209,-325.2530802134257,1119.8502797057654,-16.884501320592392,1199.2921525095787,3.3866516277299265e-06,34.56092245978692,6.141336380616157,563.1084874838015,1
Hg,0.0795626865294646,1000,12600.328515275609,-3776.4926569726135,13154.093487619575,-16.684200284904836,14224.172417312016,2.149414646967987e-06,23.82188533596956,7.363566242424691,524.0460105069512,3
Cd,0.3054118271443292,100,3250.5585266294424,-991.4649209670196,3398.401598480013,-16.96242463822739,3743.024529343093,3.3699456185277005e-06,27.286761715328485,7.373433319209697,591.939760110201,0
Pb,0.8699054524670369,10,1110.9616172301894,-362.8137360490924,1168.7042063861234,-18.08581092871948,1137.175645232941,2.191148292917196e-06,27.5186071613803,7.811721127585054,450.44784381539046,1
Pb,1.2261156045653023,1000,896.0598137060883,-232.70645545809015,925.7837134832616,-14.55809800949365,1045.3809158535205,1.2219628842842426e-06,23.587651922860644,6.7458642649401845,414.2055316002562,1
Pb,1.621166609895041,10000,628.2145398659665,-201.12981605399537,659.6261903570248,-17.75304071268639,716.870663986635,1.010110199327636e-06,28.85140099232012,7.169823000543635,498.4884521733003,1
Cu,1.9476196567958928,10000,545.2456597022377,-165.5088999744091,569.8122720641136,-16.885626535168132,608.2042736679023,1.4046042316737144e-06,26.649289791188597,6.024375102023485,417.0932045930295,2
Cu,1.1156888988943212,10,855.2034056477513,-236.34422699391916,887.2606486624239,-15.448683043036176,1007.3843433340736,4.169002800656073e-06,26.700823339848103,6.664150484362672,452.3580002205415,2
Hg,0.4810054104446917,100,2018.014470646366,-534.8232374425,2087.6825187385675,-14.843537661954391,2300.66014185099,4.845725249533349e-06,25.44104971958725,6.124487452317561,425.1955721638337,3
Cd,0.948451887184701,100,1025.8772505840586,-332.65290417299485,1078.4628356696558,-17.96590332415286,1067.2611312054237,2.7078647971248773e-06,20.253940286383028,7.043745945529794,444.8264359320157,0
Hg,0.4033352944167838,10000,2473.1257186468665,-732.9411713195298,2579.4483093963763,-16.507836675545803,2685.6885895284527,3.0507358137997715e-06,27.831428553721835,7.634895301013906,421.2289305642784,3
Cd,0.9921951114077984,100,954.65528372208,-300.5476308225061,1000.8474354922964,-17.47521134219385,1048.9834103831604,1.5873926762937046e-06,25.028717535504967,6.4128853842581375,590.7811998854571,0
Cu,2.0889646656005256,10,478.2137982416796,-154.2399455640381,502.4722854410294,-17.876247272966957,483.4949644453202,3.2041254107206285e-06,20.019798034764943,7.054882091115557,455.7125426899471,2
Cu,2.925536700506412,10000,257.3923632662545,-91.62194940001214,273.21312245140405,-19.59380681072322,306.5356443915276,1.5786196080279074e-06,24.619155614928975,6.408017273021534,488.7795171985131,2
Cu,1.1512100812335015,1000,812.6488127929271,-266.3077431938898,855.1712734995117,-18.14414360135953,833.546444460677,3.4448573247953203e-06,24.17942499634636,6.241376935692481,579.7223615268445,2
Hg,0.2145563367176171,1000,4694.326107507344,-1409.1236594878965,4901.257705054246,-16.708491025151464,5349.14823465086,4.733034670323416e-06,25.90172229835453,7.021993583868685,535.4643175922948,3
Pb,0.8380719020101488,100,1223.404568304968,-396.5114242324551,1286.056004727755,-17.95776385022004,1347.269640739236,1.7827941572121584e-06,21.977779844650957,6.158297241899455,523.6074961123549,1
Pb,0.793749626201405,10000,1240.2492747102922,-353.1386310828502,1289.5445537795408,-15.89334810879384,1246.6073505759618,4.058254872228409e-06,27.615257369526265,7.174709262275979,541.1126380721674,1
Cu,1.2816058977853522,10000,729.3828505017832,-217.71479642986745,761.1826818777508,-16.61993267411826,864.2818404898386,1.0940096912732962e-06,30.38660528777195,6.0626749213534525,565.7644514210764,2
Pb,1.433620462348995,1000,646.1645090879052,-185.4006532683428,672.2365469365243,-16.00950073649593,756.249851766604,2.501988965286484e-06,29.452783535818583,6.213429943736751,575.5338535703522,1
Pb,1.6719827836209575,10000,579.4288705877694,-183.15243341525527,607.6862923717694,-17.54129297966352,640.1829064001702,1.4429940313220365e-06,32.05632421353786,7.099994970974715,528.5279341330053,1
Hg,0.3102342797391623,10000,3255.596342708774,-984.0229814968671,3401.05994871786,-16.817748156881994,3404.66510915413,2.409901766382798e-06,26.780124319806216,7.182814825797828,578.0014549388115,3
Cd,0.2322664386293887,10000,4351.812608010544,-1299.7925042998163,4541.776472865383,-16.6297501072329,4457.668613827408,1.694147678555534e-06,27.786375955095924,6.057973860187516,507.07950548509535,0
Cu,2.622247539866942,100,356.5256634603481,-130.23871168622094,379.569059233663,-20.067232613310694,382.437412425556,2.49321996049155e-06,32.15602911288475,7.146753576003117,455.4581712536847,2
Cu,2.2719094143274567,10000,382.4837730864039,-121.90494061418788,401.4407194350872,-17.678081521716358,402.0232076239005,2.6700912244301216e-06,26.415517562288574,7.677005050647274,576.0153417767689,2
Hg,0.224674567757148,10,4464.274228680675,-1356.4745388817717,4665.808350489437,-16.901460747853577,4916.675922791011,2.202364491123674e-06,30.523990248493952,7.444632354587908,508.29456548261743,3
Hg,0.3533586329912283,100,2788.80929577408,-854.4541649440441,2916.770338608465,-17.0343694460226,3327.83554148438,3.626487797892517e-06,26.51903553076988,6.262370207841597,581.2275175134469,3
Pb,0.8898574688642493,10000,1097.8628433320182,-371.5556178121183,1159.0325275404518,-18.69763756665189,1224.1068587041725,4.675408205035639e-06,26.26604291767344,7.18494929512723,408.03356279011626,1
Cu,1.690384416988421,10000,657.8452163888603,-170.5670331270581,679.5979999348684,-14.535644110222034,774.9325939954979,2.6023814964210894e-06,31.403084367937403,7.344505000148427,479.5031503082471,2
Cd,0.9257372588187912,10,1121.5758775909867,-350.2035383403714,1174.978709364603,-17.340577116566653,1267.5778782649322,1.7693726259000857e-06,22.622553731993168,6.074462403504583,589.5610036724936,0
Hg,0.1807270275521392,100,5541.105417147587,-1639.064104041005,5778.440999188109,-16.478265799084937,6067.78363773817,2.0828910327839337e-06,25.078789579123605,7.710695337367245,449.93001855166057,3
Cd,0.522989441342143,1000,1848.4885414279956,-533.1707160005128,1923.8453420665332,-16.089467645295578,2164.4349988540644,4.416003293985477e-06,23.362584151203528,7.81253479457966,588.3072492076985,0
Cd,0.9011270236564132,1000,1120.291292437944,-361.8073818617131,1177.2668183049698,-17.898293550319142,1225.9052103098918,3.286558893080592e-06,25.38664914451396,7.700904546724518,590.78049222585,0
Cu,2.415442700535055,100,467.1356474571768,-161.90891895060994,494.3988381468861,-19.116283875873915,548.2890840233568,2.8200441292278294e-06,23.45562233549036,7.649262935978227,576.4284628451721,2
Cu,1.1244064523294055,10000,870.5764290992182,-209.96286954265176,895.5376739644909,-13.559471710731527,921.3444016723294,1.5985468860357067e-06,28.69108446629982,7.489930396921786,512.7336090186598,2
Hg,0.1162863699255366,10000,8667.01581870141,-2565.08622677188,9038.629904603642,-16.486623531332317,8890.300808293283,2.798909233295128e-06,31.97256203926768,7.26686406256392,529.3878898161277,3
Cu,1.0156831815438336,1000,1049.1962472090938,-315.3892444292902,1095.5743428263208,-16.73082068180408,1228.674792447744,2.113968013429547e-06,31.799195918268527,7.357254009976504,573.9233996899738,2
Cu,2.2618435804583266,1000,525.303863434408,-152.4436969019754,546.9764434271885,-16.1827805346476,587.0181544304565,4.772652511413397e-06,25.467514468231887,7.612790586669966,555.1794164778369,2
Cu,1.8953468508208369,1000,542.8700712403577,-175.4779494310511,570.5264454738601,-17.91296759634402,639.4024019556923,4.536280437662925e-06,34.83140608841393,7.324996916722609,526.0187698910823,2
Cd,0.220847365812048,10,4557.383746821189,-1358.5680697623498,4755.570819151759,-16.599456965465546,5412.191440915948,1.335610167312792e-06,28.90781547058701,6.655453913364142,596.4518815741405,0
Hg,0.4810703544755467,1000,2149.407398283513,-659.1658574995034,2248.2107978321246,-17.049378305300788,2172.461250088,3.066613957044972e-06,25.991004526674423,6.751922204322708,537.1353272667388,3
Pb,1.2944895859184298,10,794.8749459323807,-279.1095590656819,842.4537528154555,-19.34803299068333,874.5165352781507,1.9002333820586884e-06,32.53308918862138,7.794114936744584,595.0963984895523,1
Cd,0.3177039647016003,100,3122.52255890898,-963.1878834029148,3267.70225535156,-17.14314587097785,3356.6896115642494,2.6431083580971625e-06,30.94811018963961,6.034244171594324,411.47769492141816,0
Cu,2.001207142309415,10000,477.27125463544905,-142.75952143362298,498.16476336775634,-16.652771354519924,537.0120991142062,4.507391993005826e-06,31.239130052361567,7.397641162488564,427.7920741484425,2
Cd,0.711658299461597,1000,1417.09649335855,-447.7502927176167,1486.1503275637394,-17.5346172573365,1642.015553901675,3.11005807955418e-06,22.942090246008075,7.909555104850431,490.2917692000981,0
Cu,1.152478435947129,10000,803.1671228506616,-242.2956861534692,838.918724762292,-16.78726583839617,848.2392901434976,2.3368611734830397e-06,27.02486461052833,7.4124563399159475,476.975892176863,2
Cu,1.549407630095784,10000,638.2450027767322,-212.96672162167687,672.838396710351,-18.45259134341333,709.3197600527992,1.8315534164199883e-06,32.92742196236904,7.987823976463564,556.5469682714056,2
Cd,0.8262689417955943,1000,1265.0870539547002,-395.1731946364499,1325.3705549177407,-17.347154082531787,1444.4077241957775,4.201299437625958e-06,27.56057011443136,7.375089811056662,432.1228052938408,0
Hg,0.2568491916811976,1000,3783.772511086078,-1118.0684471975596,3945.505223449768,-16.461904098919817,3885.503838259955,3.498072061457389e-06,30.25179115131576,6.068726058433722,595.2190358222977,3
Cu,2.09315428406459,100,554.4719747107605,-161.39198146042605,577.4829369075529,-16.228867134876992,644.747431688656,2.872261841704925e-06,28.81900599551397,7.654019763293848,463.0131750521828,2
Hg,0.2447672009942612,10,4141.633420168794,-1242.683314476905,4324.047780394936,-16.701697387637594,4643.690175176036,1.8699374154519124e-06,32.635351815775735,6.569259823878638,485.7847415480319,3
Pb,0.5658499139645077,10,1744.264843426888,-505.7001735666533,1816.0926489472856,-16.168019025771297,2075.51379724189,2.3369854966285253e-06,24.26841259642404,6.892114451328882,454.94900648800456,1
Cu,1.331499559640312,10000,778.2024596997277,-223.84856604297136,809.7575246962517,-16.047787952514046,831.0469077010666,4.839373706954074e-06,28.63212916829547,6.624183831814165,515.8727234653095,2
Hg,0.2504937374338509,1000,3992.27315835768,-1168.7506816822763,4159.834507150013,-16.317560213657295,4078.6227869133,3.080359750423338e-06,21.84852002014706,6.537108212419359,411.7257400845168,3
Hg,0.1441334594335675,100,6999.513799976797,-2109.051325239342,7310.355048050637,-16.7682882353334,7708.566229249353,2.602797124973012e-06,30.35316165049202,6.862811407339571,429.9355011140897,3
Pb,0.5749685429895182,100,1788.3597412035897,-545.1006219316271,1869.5895945335212,-16.951472719146036,1819.0518471009443,3.085688169393296e-06,30.97951757529068,6.757502896881348,549.1595406837448,1
Hg,0.4296423488233207,100,2257.513764541633,-703.276314690317,2364.522355973682,-17.30321757226709,2695.2576588400616,4.115954023598435e-06,20.64255981783497,7.266677163685179,437.3001166809608,3
Hg,0.4915366381238521,100,2063.799462625059,-627.719453134966,2157.1508834051324,-16.917516057922462,2079.767061837632,2.3604357460114758e-06,30.136864454419776,7.626302401975021,447.1028903113325,3
Pb,1.6897143109951092,100,581.5346282232168,-155.16499058091614,601.8793052802953,-14.939611698927878,669.1723504222531,1.7148244837304355e-06,26.2203523124868,6.5941773063744815,558.5964471449676,1
Cu,2.707569843409334,10,373.47651472807,-86.04320697317831,383.259886395192,-12.97368713580924,412.6991974347733,3.339744473356191e-06,21.861453141645235,6.427442305644035,418.6602356714507,2
Hg,0.1588897086426704,10,6257.265227772317,-1857.9734649699617,6527.283778664831,-16.537764983201143,6718.576665995573,3.6608164139242687e-06,26.298613215477012,7.333790541740685,487.49476455416817,3
Hg,0.4822821389809399,10,2160.881940285912,-684.1484194167624,2266.5987337074603,-17.56810515883354,2189.337369125129,3.850872011834199e-06,22.913493945433725,7.340640131661563,404.6126773994454,3
Hg,0.1386165670040428,1000,7266.147991660825,-2158.181493245033,7579.884827258393,-16.542401646197174,8170.299380973195,4.52795036306452e-06,26.233392981849747,7.802262478572343,469.3614798635808,3
Cd,0.956286829325649,10000,1008.7228009185492,-339.3872127410062,1064.2863192135246,-18.595636740447635,1126.7878188820937,2.4846964827564524e-06,25.765085419377915,6.031891372906622,539.7962805221509,0
Pb,1.9922289409489269,100,435.2198125320925,-112.6035972771808,449.5507261035525,-14.505935220858111,459.6690056216688,1.3014195849155673e-06,31.075874554040865,7.70608132423302,418.02065594344566,1
Cd,0.7405505251714438,1000,1331.0631253702138,-406.6746281424852,1391.8021759198216,-16.989283753143642,1573.3756339020144,4.833394334523769e-06,31.61323337249538,7.042004345896714,577.666925355752,0
Pb,1.9717155976877327,100,528.897668329902,-144.61863422029347,548.3131340106218,-15.292804042165804,561.0662830897852,2.740047709749901e-06,29.1054298157682,7.242604178344198,581.8998085881432,1
Cu,2.139079559134207,10,479.5010854826017,-170.4992926026718,508.9118781842341,-19.57418850606236,522.6298499922063,3.493030038692526e-06,20.340302632736712,6.182742881122829,420.998075025027,2
Cu,1.519083566352181,1000,720.9482732131619,-192.86112930982563,746.2987524093159,-14.976538251728323,799.3531939397025,3.6652212925131696e-06,33.96533418606491,6.865229865744091,598.1464872751553,2
Hg,0.2466481485495293,10,4093.854414829176,-1257.4558193708503,4282.62058878509,-17.07470367133303,4175.921358224898,3.1860548348048144e-06,30.293499201446718,6.454604814477047,459.5059106790978,3
Pb,1.3903414030681789,100,767.726254592085,-243.68697459468905,805.4731178488227,-17.610161097949547,910.8552596652852,1.8210301189450808e-06,20.51293174881783,6.508450060165018,416.8203342263212,1
Cu,1.14616312405403,100,888.8189289763405,-286.60757124828285,933.885961134168,-17.872378162821498,955.3978933532312,4.020572200464566e-06,32.28249348821177,7.008190229352055,401.0134228994525,2
Pb,1.433514896925869,10000,628.1211172824532,-223.52203224118597,666.7070097676992,-19.588517034874503,638.2689432968433,4.215007897216327e-06,23.003992320769942,7.624911900806225,481.7045791527725,1
Cu,2.962355673524589,100,327.78426168608,-96.44472715405462,341.6783686523169,-16.395587854272517,353.17385197022065,3.21190234406976e-06,28.6883178435666,7.487561860289713,525.9619971412235,2
Cd,0.2710968848053549,10,3741.722639245656,-1086.3950094169577,3896.247223358593,-16.19045518286462,4190.880930963499,2.9542446423393667e-06,26.99951554925281,7.181999918171908,466.4358499806626,0
Cu,2.5851902325767666,100,384.2425825781932,-61.93467032705777,389.2020884513352,-9.156542393218071,423.7160284119566,1.4557527325119414e-06,26.297581735326148,7.078836385506934,567.3434730949245,2
Cd,0.9171089144016574,10000,1115.5375517837992,-332.7181497934148,1164.0985339058484,-16.607639378001444,1270.4950824495247,1.3358066459991351e-06,33.34570580186596,6.85461208646898,543.32125511301,0
Cu,2.8874031856404416,10000,330.3945426469567,-76.78473729273657,339.1997194751291,-13.08346895712418,334.06086097971223,2.358259382254115e-06,26.56041937343922,7.945419947122772,470.0323063936065,2
Hg,0.4820610219824512,10,2022.9355785326568,-602.2387808012264,2110.6775935689952,-16.57855100468651,2138.057043344005,2.243384622069573e-06,21.13016176359726,7.120385108468467,546.8619333217209,3
Cd,0.5693136748493247,1000,1750.3337279665468,-515.1224544945998,1824.5600298104223,-16.399133117179648,2037.1191098914908,4.814625803853085e-06,34.19958090822429,6.507932796624444,588.0975473938499,0
Cu,2.954615815983008,100,353.90585046529213,-113.0147281621324,371.51269127059766,-17.71013234511947,359.56081917021413,4.134490969773719e-06,33.808028468594415,6.460181584080079,418.61919970860345,2
Hg,0.3907895932104975,10000,2526.1373902814794,-753.9396785759917,2636.246413655103,-16.618024899844965,2958.3524016851,3.63969718103624e-06,30.26649034372398,7.222706061550284,461.2207920315234,3
Cd,0.2455042926132657,100,4061.462971848034,-1207.6893174622817,4237.215472359788,-16.560018178563563,4136.109486893775,3.0705923560704203e-06,27.018387921980374,7.045655054621857,492.6651878233386,0
Hg,0.2646050479105865,100,3732.24423339768,-1131.2424645968304,3899.9175031578993,-16.862045460673876,4355.121619710463,1.6694701229066053e-06,21.39289209415282,6.015395605909426,499.5980255509537,3
Pb,1.577496763058006,1000,689.8779681909923,-208.51327645515744,720.7006295636189,-16.81726394418511,739.657962007606,4.913826688737136e-06,31.86122177866214,7.660130744391559,508.4391289772148,1
Pb,0.8710104737286251,10000,1133.3690320951573,-341.179312008497,1183.6083329610792,-16.753427876917204,1272.1407907879,2.50016279296084e-06,21.13216871636044,7.408244708464869,460.1253813077297,1
Cd,0.6765536651939986,100,1550.717124758262,-448.68707108086807,1614.3245301901532,-16.137359094645536,1598.1340584363115,1.4277024097889793e-06,21.029014773427186,7.323658579356207,533.4519291964698,0
Cu,2.3332009580932382,10000,505.0331362975391,-172.83058432181534,533.7872981212168,-18.891783878468363,511.7166157090725,2.9751955828629845e-06,28.060757636590523,6.137561315395318,529.016900705966,2
Cd,0.2464297694277093,10,4053.89898874652,-1217.200540796109,4232.691125923836,-16.712609753057908,4228.977322128313,4.495992046452333e-06,22.401923602769603,6.724111700344983,515.5643012543228,0
Hg,0.3042883906037403,10,3235.933635044951,-932.5399811324314,3367.624876203659,-16.076064440213212,3318.678928992883,4.549164007109318e-06,20.115954010105234,7.870764521465572,422.7523443421753,3
Cu,2.543253821957215,100,288.90219535644644,-63.38945555521518,295.7747480048981,-12.375440238144442,306.9531452928358,1.043863664225789e-06,26.346701464936796,7.725178482682727,495.3935782191889,2
Pb,1.2483434968039129,10000,727.4597151878963,-191.2543335785948,752.1807344872957,-14.730123892271122,802.2983331887627,4.545182979005599e-06,22.05825847415099,6.571085875739067,471.2453774978751,1
Cu,1.0242062335522149,100,907.674118716433,-271.8135988113692,947.4993078026184,-16.670942263479795,1014.554464161899,2.085936869999434e-06,22.40773122921037,6.314117768198278,498.20769396762455,2
Pb,0.5135577036189383,10000,2016.124337193561,-598.4173498843478,2103.059834542703,-16.531715191975437,2334.6188000858247,1.1558894558736922e-06,21.15365958103002,6.898175914337154,584.3732871030052,1
Cu,1.7140586879400244,10000,589.2018249470863,-156.71582415006736,609.6873297519079,-14.894672775353111,666.533373488089,4.3911610814514975e-06,23.07640630585415,6.711660757335322,496.1062686316816,2
Cu,2.852388136863564,1000,370.06365034532047,-79.81398451297753,378.5728165501868,-12.170915908302463,415.1195159404296,4.4554670239528336e-06,30.73226269661584,7.364452753411982,402.7961583679024,2
Cu,1.4573535592072175,1000,575.1542387836676,-211.578329892758,612.8358573639672,-20.196733693386733,622.5218744963427,3.3849243193694006e-06,32.13390960826687,7.932869620168639,487.7673476168262,2
Hg,0.3354636599922592,1000,2921.05049434552,-902.6239744446528,3057.32988566142,-17.17149586903007,3197.854166978598,3.297735029185434e-06,26.78800466043951,6.726002899965123,564.1296360098764,3
Hg,0.1499341418119942,100,6713.948971757703,-1987.9958094992576,7002.088126691417,-16.49398642001928,7270.563311008974,4.252481090485678e-06,27.598307238221267,6.124448345304484,556.0121846436336,3
Cd,0.3895029906935937,1000,2581.7130875700486,-780.0517133863907,2696.984082653718,-16.811929604407542,3016.559299913325,4.14523821084112e-06,20.48982551891304,7.795228016684771,502.6780147056362,0
Cd,0.8632378806413356,1000,1151.0689737366367,-358.75510790615255,1205.6803099279134,-17.3107551942009,1204.0182507114066,4.560421893770817e-06,21.03974392056975,6.075899460479741,449.95380257186304,0
Pb,1.5932921634049202,10,655.8733979728111,-221.8452391317554,692.3765047240029,-18.687798911793607,656.6238393348108,3.2109897903868144e-06,23.863515884742757,7.905531794306666,493.01773258290905,1
Hg,0.0929296747909447,10000,10842.615237534215,-3263.8849052911464,11323.217292986854,-16.75304341365101,12255.017445969102,4.870588370931235e-06,28.15847631069721,7.329158856018079,512.7404438836384,3
Pb,1.1430530314796503,10000,863.7979252986129,-287.18676325806035,910.2873682199644,-18.390410536057605,898.7752081343428,4.984587323733354e-06,31.093267231024896,7.883378416883898,599.9742876548268,1
Cd,0.126252787280738,1000,7924.085702142502,-2335.403825188101,8261.068044847618,-16.421414646432417,9334.75542712114,1.4661784399945305e-06,29.07504592007049,6.399319373297956,528.8356180338754,0
Pb,1.2213352199045135,10000,828.4058737646844,-248.9704831690168,865.0101694068364,-16.727712736380322,970.733678837682,4.398175038216489e-06,25.881917824801825,6.081399590507616,538.8529860125227,1
Cd,0.6961906105309613,10,1555.9937134827878,-467.9571248800907,1624.8385480176169,-16.73839017159376,1579.8711751572566,2.999289030994356e-06,21.774861095047072,6.976419956552983,498.2908287136104,0
Hg,0.1033261806191682,10,9573.12145716178,-2860.174903645177,9991.25892533133,-16.63464115581663,9776.815282494326,2.550265353199329e-06,31.71159852330784,6.90124682914025,470.897910156506,3
Cu,1.5777698778183311,1000,667.9671411179324,-181.14323895004836,692.0931834880172,-15.172883981488432,734.1188116850965,3.4522892395308605e-06,25.45679077398586,6.662984546509765,562.5905967294412,2
Hg,0.2290264814759706,10,4360.5671964612575,-1289.2523958072843,4547.165932198737,-16.47092656928536,4891.878468183822,1.2238622290480282e-06,31.040810217241845,7.915312948777394,498.9864648678473,3
Pb,1.8792965369840744,10000,560.4525876497404,-146.6633374167707,579.3248117813663,-14.664733905498291,591.2672054714224,3.0258444750683195e-06,27.694682628715128,7.645167464322864,598.9380259929051,1
Pb,1.989882523134446,100,469.6736019916973,-153.51899161332628,494.1268796511962,-18.10066080477265,537.0057950920208,4.483562280106667e-06,31.07993080342738,7.323164042751187,491.4241148536088,1
Hg,0.0702100845480271,10000,14240.519926567602,-4278.113314069417,14869.252210753131,-16.721231557623142,15934.902616673502,1.8538460645558757e-06,33.60934342178858,6.325716583275655,413.6000567295155,3
Hg,0.3924535655729264,100,2583.64267743278,-759.7121701209884,2693.0228491570515,-16.38581050913119,2751.4885639538747,2.705559579077701e-06,33.81544274080703,7.468646816437049,536.5156274180165,3
Cd,0.4345516597621089,1000,2456.8678792117994,-747.6081449963323,2568.096126387706,-16.924647571142707,2469.3347580155933,4.757923550859503e-06,28.026601700009053,7.454024909399448,409.3282901851622,0
Pb,1.08868727934422,100,958.9392251018528,-287.7839001711003,1001.191295725563,-16.704842543167018,1102.80893099352,2.714255351222789e-06,27.67262547148458,6.850136347232015,450.1003193769407,1
Pb,1.631397460020534,10,570.5681292775799,-163.1951634947777,593.4481034896012,-15.961706382449274,595.0744487506439,2.433470529329593e-06,23.98517698254256,7.849571819428027,470.7476505559807,1
Hg,0.4632918944654339,10000,2137.2784426725148,-625.4798311555469,2226.9225762686547,-16.312245447611573,2493.978991248297,2.7621465924935134e-06,34.03699747293937,6.333955764458021,547.8967171242655,3
Cu,2.9018571890050966,100,321.93619108450827,-132.1344765727565,347.99774572424656,-22.315053604973784,348.9975201788651,3.077811066070225e-06,26.868787507994316,6.534675124823329,498.84718528152257,2
Pb,1.3656838790574812,10000,642.4517172564861,-178.44060217916692,666.7722681034894,-15.52260344860628,716.6005960582378,3.527965376525876e-06,21.913868589310656,6.126448678501268,405.7291862620513,1
Cu,1.7142423186010056,1000,566.8435907092323,-174.7275583698042,593.1621835400576,-17.13173164046499,665.8086692792532,4.202771203666925e-06,26.49057371939825,7.590901916355175,523.3699702551844,2
Hg,0.4043970886364507,1000,2509.458465142794,-738.6883853255505,2615.920931314954,-16.402407808284565,2942.9036752129136,2.8084088230572573e-06,21.90579875357006,7.243518772190795,482.2872474853325,3
Hg,0.1629506224680351,10,6073.116746427342,-1806.396390081106,6336.072516459568,-16.564657431040462,6524.373097234806,4.269923740360561e-06,27.53797526385613,6.629880611362499,584.3669019934214,3
Cd,0.607666625950166,1000,1698.063299318303,-477.26068857310776,1763.8584788324254,-15.698643491296313,1769.004611789166,3.134882645408323e-06,28.41913272284318,6.327627327188631,499.9124622280471,0
Pb,1.0378676922873098,100,987.902691272809,-269.3017344294186,1023.9507564286243,-15.248302027906837,1141.056470536337,2.353922041471911e-06,25.06633642240378,6.080295540057481,541.7950291878678,1
Cu,2.3132621474157524,1000,395.5782933931314,-91.74205476573349,406.077321228927,-13.057137811148184,429.84171896178754,3.631803312477657e-06,21.07475921347227,6.333491137251873,443.7736984659094,2
Cd,0.3163590216041562,10,3153.889167000389,-917.293343716792,3284.576678378744,-16.216815537072986,3275.02499961937,3.870889018973966e-06,34.15255303449859,6.906569292675316,552.1947129063307,0
Pb,0.7873894186022387,10000,1349.9356974212017,-399.1531295300416,1407.7107685834092,-16.472056274898268,1594.1189084704638,3.2321959025179504e-06,31.600296702251445,6.494353938021212,544.1910620967344,1
Cd,0.9264151780078934,10000,1116.10702842188,-334.1884067858272,1165.0651441540806,-16.668923209039665,1160.3281251323465,1.2264598925388936e-06,32.58321620757681,6.517964354863933,580.8163417082617,0
Hg,0.0958116573272916,1000,10437.582510555329,-3113.818411503032,10892.15285260291,-16.61129155745591,10491.455400027278,1.6795315006432996e-06,25.50302591429344,7.751152733335429,406.7643283438399,3
Pb,1.2589368616023977,100,782.4368446013407,-220.08943435174172,812.8018054255122,-15.71061060988689,785.6104043379762,2.141190883560913e-06,31.41246545029176,7.030275346922201,489.5001395234903,1
Cd,0.298767504666708,10,3350.9146724558177,-1011.4557264715104,3500.238824522077,-16.796159785754654,3767.9798042232505,2.1305024238059724e-06,27.28059342753792,7.45850394625683,535.831080547926,0
Cd,0.1350369669931007,100,7379.791417536865,-2205.8409570848944,7702.405838067998,-16.641557138612082,8356.396204393148,3.693683200987483e-06,23.01625232609069,6.071421898056286,419.03278001604303,0
Cu,1.0720376365828528,10,827.5655960572583,-248.97160815286932,864.2058073421117,-16.743818647756665,879.047078866088,1.0733946466945302e-06,21.8663506536082,6.730326711356057,482.1208134297825,2
Cd,0.2576995948952446,1000,3982.59617532437,-1211.8575107665122,4162.892134335156,-16.92439275030808,4237.491083691795,4.02272710819808e-06,25.17576303983085,6.958338694790884,588.429320613239,0
Pb,1.8001555317590003,10,563.2738060336734,-143.172926982575,581.1848824465568,-14.261428304577684,601.5194119658908,2.061369899227733e-06,22.063281672127097,6.37283371042037,487.1868981782257,1
Pb,0.92371811596554,10,1102.4887078416712,-329.6426275018996,1150.715261385176,-16.646593469030822,1252.4621313104042,2.2400873848644098e-06,34.97403464306103,6.240383082891078,597.0809566961263,1
Cu,2.900918341150591,1000,341.82303694941896,-61.57274593084867,347.3243320454078,-10.211214600455518,345.79733074905363,3.111639311775697e-06,20.73783485348033,7.740607556999685,411.3678122159639,2
Pb,1.3724334394837905,100,691.8769455188408,-240.07292905964889,732.3446722737594,-19.136155454382884,820.4437823451769,1.86370240375583e-06,26.61715399053615,7.878863254199593,543.5659552281783,1
Hg,0.2464763853959447,1000,4047.887584428085,-1225.5018507852928,4229.331942806714,-16.843738540994057,4228.035618828057,4.537885254302111e-06,26.78140283585576,6.157613396090815,516.2032472496539,3
Pb,1.370133252004182,10,649.8862803010746,-194.31310735650496,678.3139103793372,-16.64643092382375,779.8210604753618,1.3414751173062611e-06,24.50947892872513,6.698037425084886,500.1079354264251,1
Pb,1.2750475778394017,1000,898.1387840712584,-246.69401326879924,931.4028192117872,-15.35880399936516,928.9490207989886,2.77752944920426e-06,28.57027348560418,7.916571256288948,594.1694802970019,1
Cd,0.7828986283815926,10,1215.57897534324,-356.68430515092825,1266.8290882504718,-16.353139546729878,1403.1541057451377,4.397689077819561e-06,22.24965536227317,6.16632346626493,425.93008009822574,0
Cd,0.3542464593755671,1000,2771.295107982439,-825.1790773111167,2891.5388783759117,-16.581392997471305,2895.1235265475143,3.4633755776849434e-06,31.758685708808507,7.2872827457574525,579.1997903361827,0
Pb,1.0295755874004535,10000,949.2610406773716,-307.3235880542944,997.76966837164,-17.93937804909039,964.6099844900342,2.169318063370534e-06,24.98671577371457,7.944442741934012,538.248082227322,1
Cu,2.7881886050665017,10000,423.0595809700164,-150.05670223559434,448.883529366302,-19.5292914278967,497.08936608531417,2.683040831105843e-06,28.87013884697963,7.956447337162749,451.7992146599265,2
Cd,0.9518108618353648,1000,1051.3543512468525,-308.95621216825765,1095.8101628124496,-16.37621461088113,1231.9247258446642,3.826777521370059e-06,30.734588541004392,6.942446661807487,580.3338291264587,0
Cu,2.785116454972949,100,297.2446237271484,-116.4555069945117,319.24324807902013,-21.39442098867269,321.2364496173683,4.893042973455597e-06,33.33563176535242,6.325498215564761,485.85898357220265,2
Pb,1.1291719909359703,10,948.3215983054852,-295.13403449743214,993.1857591263588,-17.287042548699983,1081.5410848129943,4.572554873517735e-06,32.536811546783,6.404168629954878,562.8454656146141,1
Pb,1.6705482545103223,10000,635.1559065662209,-180.52842538814912,660.3132120585522,-15.866578417996324,705.920650064423,2.369731233529507e-06,29.124635421553396,7.779202790248789,477.76730340948,1
Hg,0.2643510799854944,100,3809.769921035951,-1162.5774617563209,3983.206397591524,-16.96992852905378,4459.683230203545,4.99279151715143e-06,25.825897705758305,7.823366008659471,570.1861654866482,3
Cd,0.547785866931492,10,1861.3175633776093,-526.2881497660467,1934.2911591386985,-15.788267730037337,1978.601405205563,1.0140186541242331e-06,27.54807005112446,7.21575928774711,527.3258236890098,0
Pb,0.807020163585926,10000,1358.8445073811813,-383.17462532959655,1411.83610547984,-15.747689244756868,1501.1623802623294,1.1105190232336605e-06,31.53102190068204,7.532352798939822,428.2093267167454,1
Hg,0.3160086364663324,10000,3273.725219933075,-1013.5459659466884,3427.032570710799,-17.202535052814365,3591.520374467286,4.295362060684776e-06,33.1631831383921,7.479862502940817,529.9326326939055,3
Cd,0.2675223079780131,1000,3703.670261424421,-1129.7485032909658,3872.1447656367154,-16.96353269609423,3965.820358234893,1.7978507473322082e-06,21.55672892265008,7.323643195978214,438.2689525403745,0
Pb,0.9973470486007908,10,1083.8542579124337,-370.8718222636291,1145.5505056277775,-18.88985317316624,1277.0957314038392,1.2430770735849634e-06,25.7728439373958,7.654553909743878,482.38452557883255,1
Pb,1.7825453024299027,100,580.1539693970454,-189.6980180700763,610.3801817448392,-18.10664466630083,599.4009166827083,1.948592292946009e-06,31.641748976202507,7.370813246080642,434.0591168504067,1
Cd,0.2863682282897697,100,3516.962287490919,-1039.7609167158278,3667.441409970048,-16.46987967057273,3622.125536860591,2.7044006159234414e-06,26.474776438909416,7.068004611494999,404.4032231334237,0
Cd,0.1640424566560895,100,6011.369293498586,-1811.6886868950728,6278.437439446321,-16.771600815905412,6704.972546651731,3.92226508173362e-06,24.983416460994256,6.473912725176314,442.3773078899914,0
Cd,0.1621068333515347,10,6160.252128241224,-1838.859693600048,6428.849917072836,-16.620572974886738,6970.318174155437,3.4973421062048223e-06,26.16984045234904,7.487776288237238,507.2744047448251,0
Pb,1.9111767807546616,100,482.5966549262694,-175.2256828435157,513.4233840350488,-19.955418014316677,501.3811751505254,1.950484870241682e-06,29.04267120179526,6.946875735676549,496.3121935554692,1
Pb,1.2603806569427518,100,834.8140380124183,-234.48470631208735,867.120265912904,-15.689126573467991,900.0493191505117,3.013081792402338e-06,34.997077162007024,6.589583368015019,500.2994191072128,1
Hg,0.2342354323176582,100,4322.762957697117,-1307.9310718677018,4516.299732878158,-16.834151540151545,5141.117181201906,4.704856421594276e-06,27.394886436567976,7.6038925514835505,449.5373756893202,3
Cu,2.621757162015837,1000,277.6992614472913,-83.06638478852928,289.8566957829456,-16.653161808573348,291.3963566755382,4.260031107935031e-06,23.127417124313908,7.393427200706057,537.0322401228373,2
Cd,0.8522433351194644,1000,1172.2720560326354,-353.5391068376517,1224.422996116353,-16.78249812681443,1328.97217092115,2.2927591393271737e-06,22.44269862918642,7.8746791262494,540.8526573640692,0
Pb,0.9982865496734068,10,1057.8094665175013,-342.77381037309607,1111.9598700185777,-17.95445871840087,1214.3968735756014,4.9290582454227855e-06,20.63524621214621,6.330883280037756,471.5935651119331,1
Pb,1.5404270862106928,10,639.8366675866956,-215.01268691080432,674.9973457140785,-18.574566586841144,697.1825023298451,3.8344816017405244e-06,28.382258523774823,7.298378569272987,576.2340176948348,1
Cd,0.7940105342666979,100,1295.8823168063016,-369.40880566182193,1347.5065286341887,-15.91091916152705,1538.866986363926,1.249797422667127e-06,28.16858137233251,6.488478936176352,528.8046433271096,0
Cu,2.309301373731909,1000,450.5896703981784,-127.19705796941962,468.1988280908176,-15.763854265259209,516.975653501945,1.1406428531545548e-06,23.07850890170464,7.807165970603283,542.6078550517263,2
Cd,0.2364355673200894,10000,4246.565112512624,-1252.9685529227186,4427.555245214068,-16.43893686229813,4635.486421512482,1.67363179604012e-06,30.429941096788504,6.198998828513231,455.4679835877879,0
Cu,2.751766167034114,10000,349.8372218794594,-98.45800185378744,363.4282046586072,-15.718697327128794,389.67215094096537,3.911423472200588e-06,31.116605624445214,7.312323612889754,400.12232703111744,2
Pb,1.3086418291040132,100,703.3219885622316,-208.13678387248515,733.4730672600824,-16.485268851470973,800.7480414291668,1.7349557033697115e-06,23.88647308073167,7.58217144305606,573.0751224204218,1
Cu,1.5649448527400074,100,582.9236454131326,-209.3973059972751,619.3926122748413,-19.759257435931683,651.9639771638647,3.0459470768353346e-06,25.16149646044605,6.709835680729414,564.4848769159616,2
Hg,0.2413526834469622,1000,4178.781823510635,-1259.041880988414,4364.333166313694,-16.76723888977407,4913.158921841658,1.3730404807233269e-06,34.85707508520885,7.908276158767618,424.638377608566,3
Pb,0.5563566355983611,1000,1798.3811506133536,-540.062031592081,1877.722493034787,-16.715251233944237,1926.7455192358916,4.683544631320781e-06,25.613967017761013,7.701461369172074,474.8210269912613,1
Hg,0.1075400605500879,1000,9291.934690477388,-2748.5182631777643,9689.912431756997,-16.478012875303232,9849.23843271819,2.3758424543342704e-06,31.41202507634153,6.589236599369807,532.2678616777165,3
Cd,0.7889920754642747,10,1246.245350700604,-360.1344725682076,1297.237184355603,-16.118002539797544,1299.5444950670949,4.632528226242524e-06,26.7908813994491,6.015082185431997,530.4221714437456,0
Cd,0.1000104712798295,10,9983.69353937923,-2964.3868381795783,10414.49595585955,-16.537357889920315,10059.136254212242,4.7795025676421774e-06,31.90017241791464,6.5933143522361215,572.0700669617113,0
Cd,0.474909245634063,100,2158.011059902557,-635.4525638528727,2249.6247899525265,-16.407705355070426,2176.5759820750404,1.0245145892547231e-06,31.53534858173972,6.5626209409414855,428.0536323270857,0
Cu,2.0450203621711767,10,472.2304819932597,-155.89520913696748,497.29764161460207,-18.26936159741946,554.4037986338067,2.856540748794928e-06,30.016340377978032,7.779929215001818,485.9879495570237,2
Pb,0.5819516300014584,1000,1651.3026352472411,-493.0483062511753,1723.3389177615747,-16.624648240310552,1875.3491133259893,1.0986242228275717e-06,32.82167519443369,7.934242356509495,419.44488358528497,1
Cd,0.9757703466750997,1000,1062.0138960692032,-313.8796958954763,1107.4267375043482,-16.465118607921553,1202.3128168687438,4.634771065211624e-06,34.08827742316528,6.140879971940521,477.9190496877257,0
Cd,0.3035127981247048,10,3284.5101481170627,-1004.1361558305324,3434.573675513468,-16.999371924794254,3688.270263368845,3.073630178938304e-06,28.69974980678126,6.942589657066634,403.02148911754085,0
Pb,0.9562980794544214,10000,1047.2688503849738,-321.86840264735054,1095.6145826016657,-17.084326892588965,1225.1410018627148,1.2997760507939873e-06,23.562033608341185,7.096663997059592,579.6546130220254,1
Cd,0.3735482610295246,100,2757.409179746669,-831.3380937975442,2880.0049324176744,-16.777663359616067,3022.267665658492,1.4411069131062675e-06,25.979434424661125,6.185823322659407,505.4087993657362,0
Hg,0.1536874979528074,10000,6505.682103538663,-1919.5922344102964,6782.973830018184,-16.439429695145378,7638.205333554261,2.534036097970956e-06,31.3745857026994,6.754995418275045,569.9604521604707,3
Pb,0.5022107331294672,100,2005.65517775311,-643.3113638337526,2106.300596516438,-17.783577743470577,2149.8397333291123,4.760936771491559e-06,29.76325227685804,6.634164834785901,411.9809402006728,1
Pb,1.5940171911319945,10000,568.3996317182945,-146.40352110116746,586.9515587578866,-14.443804631299216,673.7476725536783,3.771636606272324e-06,22.66697507847873,7.072112708654174,445.49162209458416,1
Pb,1.950268249698928,10,501.7665042917181,-169.26585598670306,529.5475000715629,-18.641302666440584,571.8790384105926,4.470475464756531e-06,20.76859311719637,7.322381799463876,451.8759990442361,1
Hg,0.1509320674782703,100,6655.973565418043,-2024.233653370805,6956.975347590553,-16.915714935512458,6998.326409219744,2.465826585359919e-06,30.24442390313097,7.406970220993133,477.3382989277576,3
Pb,1.4945707877051335,100,591.3197286753148,-153.79707600182516,610.993094975188,-14.57911224634181,658.0306372438655,1.1728547981999931e-06,23.76618536044018,6.273510047226775,560.5732744795092,1
Hg,0.3838533471314218,100,2615.2038547124475,-769.9231950290466,2726.1828493236803,-16.4045735617792,2894.000570529173,4.897270548817657e-06,27.4950536559358,7.625895403889243,477.31157474629856,3
Pb,1.772638068635787,1000,569.1705049491071,-145.66077743710832,587.5135111532367,-14.354908289270067,584.8680933483353,1.068691962649478e-06,31.201201587688917,7.357084059581518,440.9307059292654,1
Cu,1.8452583940272185,1000,543.993895081954,-147.18412957367465,563.5534809446182,-15.139588438898572,608.3204013297238,4.790606612324356e-06,28.440001709845,7.778149833493439,412.9980520677537,2
Cd,0.3726378150763864,10000,2735.4288535778437,-779.4317560386049,2844.3074509109624,-15.904346398990528,2907.643589139216,2.474709695396579e-06,21.249538746676947,6.898672118870868,415.8983496705375,0
Cu,1.6505902680460622,10,622.5657983006844,-175.5952627513156,646.8553698582643,-15.751155009029905,629.0839086604597,1.040361620087526e-06,22.78370355175333,7.787779525444384,552.0094411921955,2
Cd,0.7413591997886615,1000,1422.777393590677,-429.9627655996664,1486.3254998535128,-16.814796189584385,1692.722700685776,3.7566289268980335e-06,23.28992276046379,7.731548244712151,488.9605982073266,0
Hg,0.4175507599275362,100,2345.238929286894,-696.7131512396412,2446.539362150752,-16.545397392294873,2646.128566545331,4.922161216125417e-06,23.867963804672677,6.876818664718539,545.236224400003,3
Cu,1.363227935513205,1000,740.349271068729,-197.23539875369943,766.1715510860013,-14.917610796235405,870.194529468119,4.86250289135037e-06,28.48105087925757,6.762286630585957,536.4574243527395,2
Pb,1.0564115122366478,10,950.8241557785944,-300.8347532387806,997.2803637735552,-17.557042151034185,1079.3862318237493,1.6437480448096735e-06,27.5594866973809,7.865624029940514,427.07249235205154,1
Cd,0.911746177074235,1000,1043.3337578694516,-326.0378990114631,1093.0901343904814,-17.35382950177674,1117.8243852731823,1.72499122426462e-06,23.047400575463133,7.4303294690768755,428.57758683845344,0
Cd,0.8260241677252653,100,1258.43308195536,-383.7091248785661,1315.631602795684,-16.957000257922566,1387.4698081438596,3.262155658478641e-06,21.013322651835303,7.856490692876151,551.0684030868267,0
Cu,2.969716805524952,10000,452.9661099956408,-177.98148897399886,486.6782378758933,-21.451080271053065,514.1841862709642,3.549219305713298e-06,22.57148306712077,7.593949557791626,544.2536586970834,2
Hg,0.3894117168569363,100,2567.1258426314253,-767.3761846210766,2679.3658392667667,-16.642681133645958,3060.1435545257305,3.957671654663463e-06,34.76571968927905,7.218594878582829,475.60615337486206,3
Cu,1.7863904020558443,10,585.039104578514,-213.2343054525747,622.6874199049402,-20.02572196719983,614.7204152232085,1.72420144188859e-06,27.02820424687209,6.2317055540075295,415.484452666568,2
Hg,0.315787025297587,10000,3170.917142524765,-950.2139564987772,3310.229914655851,-16.68165111464757,3725.813093426188,4.836028347057738e-06,33.01018257053168,6.582961345158197,402.41960433969047,3
Hg,0.3474564144112941,1000,2842.3795920823186,-835.4080825019905,2962.6050040117907,-16.37866937842653,3367.6955711352484,3.554957025156952e-06,32.73128700003265,7.937684814196783,457.631389892349,3
Cd,0.1706102346854115,1000,5770.275065268962,-1740.6200487935653,6027.091544279615,-16.786087798930815,6543.971450790169,4.38818767548222e-06,27.672793361943107,6.6388441974284085,401.8444547174454,0
Cu,2.08899391820773,1000,443.41066110129526,-99.48088092665114,454.4331194446882,-12.645139875984096,525.9973712848154,3.1602628611366877e-06,30.600315626908152,6.186509739570742,446.0145242207407,2
Cu,2.418641656945219,10000,343.8572933558147,-132.36720599511415,368.4547671247311,-21.0541149299912,371.2199841906552,2.6571073903595306e-06,22.891280156190685,7.415106711838639,483.9001480422677,2
Hg,0.1252945868004771,100,8066.39587627391,-2396.093549249536,8414.749356310263,-16.543860506759724,9603.877026760902,4.908731626379984e-06,30.325950573903626,7.468008509087369,424.28315306239085,3
Cu,2.5612634348511145,10000,384.67682554299535,-101.9003065347602,397.944635070903,-14.8367919481685,438.7456827898313,3.328485483279344e-06,24.085768688949344,6.570915440574302,420.85555156630926,2
Pb,1.3756591707711674,10000,709.6282755744072,-247.209147638536,751.4550233852179,-19.206511913456744,715.5899716339255,4.4674943311967165e-06,32.48093145131226,6.595343958692608,579.2874871437473,1
Pb,1.928332678546392,10,563.0404083843468,-114.6962365344934,574.6039750548099,-11.514106719179816,665.1616183003605,4.81316958546516e-06,21.255861996633648,6.937785971017568,517.0940058045778,1
Cu,1.0848445964137834,10000,865.7034583403738,-260.98594321219144,904.1881111454852,-16.77662424539346,949.585415590756,3.701418508034637e-06,31.59708009327916,6.043577899524511,586.8911373525563,2
Cu,1.530652275110934,1000,614.9730452059448,-202.04159400489607,647.3118661340237,-18.18728164886069,671.5907827298037,3.1957547140747005e-06,21.499053598529294,7.578646020722327,469.1652327571359,2
Hg,0.3206992456849208,100,3121.5899311891512,-964.6187232524256,3267.233230081781,-17.171943773342985,3475.245221905335,1.0140434036426023e-06,33.21783855341464,6.634177574548251,535.4289874658326,3
Pb,0.944839868308896,100,1109.818851945421,-337.3460161368198,1159.956990037491,-16.90743272414455,1142.9768091846272,1.160078562956024e-06,24.563067772025057,7.707526204003955,440.93833492435806,1
Pb,1.5716362461068634,100,661.3638000718238,-200.95727746934637,691.2205895467345,-16.901553824087287,723.4216882208672,1.803404864204465e-06,29.815900472458623,7.6052608432000675,523.6680634559882,1
Cd,0.7831047542697379,1000,1289.3846250838224,-384.7624769543534,1345.5686066026506,-16.615515654553285,1503.7131560287364,1.744033727423981e-06,27.3125341793042,7.322804066237566,425.9171460019969,0
Hg,0.0961321838299135,1000,10406.249411686797,-3127.8307466305178,10866.156266030734,-16.729324560124468,10438.472277945042,2.019035180799381e-06,25.49454717893509,6.649749734198577,400.4161278352572,3
Cd,0.5624690177860909,1000,1797.887495043559,-526.7017423107659,1873.4498045550083,-16.328257297124527,1896.022364989556,2.2197385507906434e-06,29.681627497752444,7.03263312332234,586.3063602819158,0
Pb,1.2633358333865838,1000,801.6378070532528,-248.2439387692408,839.1949873735035,-17.20623419418223,802.031344912066,2.440261974202913e-06,34.21284470826857,6.889658515195918,510.9788752350418,1
Hg,0.2161763465969934,1000,4574.354379624248,-1411.0055962320837,4787.029849811445,-17.142904463202747,4954.676549158035,2.6821507602755064e-06,20.619046210619327,6.677763772497348,585.3881325564079,3
Cu,2.865849725139344,10000,351.2406102115689,-108.35941297646347,367.57547339614354,-17.145245296793195,402.4034070780428,1.3954653538240589e-06,33.782792838246564,7.696272578606356,466.7663047404144,2
Hg,0.4223778439429495,1000,2313.8639939907057,-741.5087512646772,2429.774024655116,-17.76875362796426,2683.5138689511928,1.169447727811128e-06,29.136224825315203,6.967014149155331,465.55721383235135,3
Cu,2.394418763819273,1000,421.6920170206312,-119.43219248836157,438.2786851097202,-15.813255676213918,501.4078123880104,3.695777796292094e-06,32.109714511535785,7.665446195594293,480.13100035460633,2
Cu,2.428653271469995,1000,387.71843279795104,-135.901534445038,410.8464557420632,-19.31638283959469,434.9041237762224,3.149339299372311e-06,25.758124301514165,6.210436948283649,541.2081967916337,2
Hg,0.2577722647159036,1000,4006.3623940780726,-1198.6415111251058,4181.827483872961,-16.656367669959643,4210.38789469409,2.776576808880479e-06,27.077644622564208,6.282049577200672,513.1617268372348,3
Cu,2.841989042193152,100,349.8715213762077,-78.67995678237023,358.6092819063357,-12.673971480060477,414.5381311644395,3.5377597646734094e-06,33.03276127701746,7.954640610225954,585.0709814198236,2
Cd,0.7251358845279569,1000,1308.839895048521,-411.62694241991625,1372.0417670743818,-17.458234035416456,1511.7927330361722,4.310717628814162e-06,26.222719547147346,7.175536925212179,405.0881802264879,0
Pb,1.5934715924837246,10000,620.8515965814097,-165.03035380418055,642.410867478453,-14.88573704501765,692.1785647402776,2.710771636464818e-06,28.019893501236275,7.019539346998098,541.6391875945073,1
Cu,2.7233818075746905,10000,393.15846386125446,-126.6153304920994,413.04360498785707,-17.85097555253634,447.85783158368815,3.564477860207918e-06,20.302923846264992,7.046312126288223,466.06553787331086,2
Cd,0.3466644304079719,10000,2968.302189964878,-855.4267609481516,3089.1055071487176,-16.076305454036213,3517.0322421226588,4.814288895340636e-06,22.37897008757064,6.43053754806572,436.0467303636922,0
Cu,2.614141807733406,10,353.06209829635014,-113.2216817528693,370.7721597859926,-17.780261030571513,403.3659643976381,4.358497983446243e-06,29.625297619622,7.437407899003946,502.0791245040198,2
Pb,0.7928609044347381,100,1182.1338787461775,-371.4500233339871,1239.1188914362908,-17.443757972163038,1269.2274758426486,2.704003242009638e-06,30.75465351595816,6.169561247459509,501.0127568359992,1
Cd,0.410807757020399,1000,2475.0704718931856,-728.7763725600498,2580.1334930656867,-16.40689191903502,2828.0294817157505,3.5788673512589723e-06,28.73901405176749,7.146647426206046,427.4022057376857,0
Pb,1.003415681404764,10,927.5660104650216,-286.9855977319792,970.9477004842116,-17.19187993709,935.0381414084866,1.7082836876637592e-06,22.14965054413416,7.141537593171803,440.379211226578,1
Pb,1.9677882025837108,1000,486.377000395056,-162.742090401097,512.8816379062631,-18.50027783486614,523.9657287688817,3.24208873958036e-06,26.68108142866752,7.828376848267021,481.632932980311,1
Cd,0.8708835013731342,10,1135.3781842446324,-350.1702522874656,1188.151011801827,-17.140666666132756,1227.6442454673538,4.925313164553772e-06,25.32642149544785,7.052365620209721,481.7622824784631,0
Cd,0.7310528754312338,10,1364.408439811633,-410.2146625871498,1424.7408396023127,-16.7336080981268,1409.9355388370443,3.0732604608100896e-06,27.434920160526325,6.274125391948359,463.51162792393694,0
Cd,0.7543510854538511,10000,1360.1009100361125,-381.1866703859366,1412.507615257694,-15.656246481007903,1366.3806266575289,4.710553196760589e-06,33.05493551831141,7.145506518496325,429.70903030199617,0
Hg,0.302932757481157,10000,3266.880898971365,-1018.7460246006012,3422.0394899392213,-17.319597425233965,3354.0290218219698,2.6293396820130427e-06,31.63792157987978,6.182655288730665,400.8747358201959,3
Cd,0.9523816003976672,10,1036.31282295372,-310.4322337071076,1081.8097978585204,-16.675826941289923,1171.9913530088468,4.995379308738525e-06,21.259842520837385,6.407587670599844,594.0470124856041,0
Cd,0.5466328775941254,10000,1828.6678477787416,-536.1022824405417,1905.631589457336,-16.339315668974145,2122.091800402089,3.316880140910232e-06,33.35463796661846,6.062217168374833,588.6998459407854,0
Cd,0.4424659388829051,10,2267.540870082529,-676.3932895249228,2366.2733315508967,-16.609513714441174,2715.6992316258725,1.169075976943738e-06,27.076507267247354,7.026587164918997,496.730075835227,0
Cd,0.2467318032384319,100,4057.8751527768936,-1191.165242444397,4229.092738440683,-16.35928932837149,4338.975123395438,3.347019186765553e-06,31.15793217328998,6.169065230587145,599.0103506550012,0
Cu,2.572411304522116,10000,410.5406112134799,-124.64908995921444,429.0466047915983,-16.889434987565156,459.7545136646265,2.098290782718387e-06,22.10058846896528,6.9387887570626585,534.7308661564487,2
Hg,0.3804997694340161,10000,2670.3144615678866,-804.7853673140849,2788.9529954987515,-16.771874183789727,3170.8088130622823,1.1299252881435789e-06,30.06079288560572,7.865890070648288,413.7715075215083,3
Pb,1.0765325577862024,10000,948.5399796357932,-272.7154029504711,986.9659487408412,-16.04051009033586,980.2291412095568,4.2834132187786535e-06,23.54489026414187,7.439522826038664,423.5436398165255,1
Cd,0.1226740725633064,100,8174.361038301245,-2450.3220351913465,8533.712935214171,-16.6864707014756,9347.619862363035,2.102918547923024e-06,26.575713457113974,6.154823348450586,583.2221687739275,0
Cu,2.677994655436021,10,294.30258166776343,-96.09894926593844,309.5949250655249,-18.0834712597218,338.74101972177465,4.186194216185994e-06,20.252943051231565,6.448419624417687,526.0104404299257,2
Cu,1.0228359669081473,1000,980.185256774528,-283.73269624063084,1020.4250979440508,-16.14406148890113,997.6277584690756,2.152870331823468e-06,22.27415956895714,7.347324839786868,568.6367253314702,2
Cu,2.407399559258102,10000,439.36134694315626,-144.85896994727975,462.625674127465,-18.24756826611771,515.0412849287555,1.7773054154950973e-06,21.381207396854297,7.789403722048368,579.6539299267688,2
Pb,1.9553856645890857,10,547.8551252111673,-176.58008060373675,575.6090366613141,-17.864735000113388,636.947878690116,4.89574229641771e-06,23.59616259407388,6.065837173527908,489.58840225647725,1
Cd,0.4938951953333831,100,1990.1035143550284,-607.5909347418208,2080.788009824325,-16.97775517330509,2003.398602510984,2.446581311020078e-06,21.500271350364837,7.624902263441188,409.7051903153386,0
Hg,0.1557380322481787,1000,6388.087172068164,-1889.364768417121,6661.633204108262,-16.476308465244966,6504.458208522283,3.405504845772642e-06,30.378650399293427,7.123627760676618,437.6560697794644,3
Hg,0.3671919545195217,10000,2694.66618309301,-872.8201820476172,2832.497291877733,-17.947481547664147,2721.1422990231645,3.439925971257887e-06,20.43559853313829,7.092182650592785,413.314389460487,3
Cu,2.6342562840311703,100,406.4344805104215,-114.01836745786758,422.124596612817,-15.670571909002746,433.6447432006409,3.241893928694008e-06,29.26610750937497,7.915626365506716,437.7479691397015,2
Pb,1.319645474116771,100,809.4733348441487,-242.1565641692401,844.9182690615457,-16.65472355114313,891.9245063811667,4.658782974084859e-06,22.110617462383612,7.495289225193546,482.10658529117535,1
Pb,1.9505529128842196,1000,492.30214094628434,-181.3080514686477,524.6274940447298,-20.218052646470277,544.717326186275,3.6977642854674736e-06,34.177421857668456,7.700237736112224,423.6393621029971,1
Pb,0.5775030824869416,10,1776.990604666226,-526.9026458171478,1853.462167739377,-16.51582910677644,1872.1188681245765,2.614932016419721e-06,33.99641109664781,6.707991139089334,433.3466495610687,1
Hg,0.2771580192370376,10000,3614.2240218187017,-1074.7521667089798,3770.637545526883,-16.56075831110427,4273.167094942958,4.4495215380970966e-06,23.38254653781444,7.108728081656819,489.1643564143358,3
Cu,2.4369078946451,10000,404.14180305549377,-109.44975628950012,418.7001864446402,-15.153365977315614,433.90788063491,1.7242515964638576e-06,29.216319473345443,7.230811354855541,468.03419007769793,2
Cd,0.8763764240342611,10,1130.4929766002158,-392.1844542409637,1196.588072935168,-19.13240393636073,1140.791802880591,3.17694703044167e-06,20.42007979208688,6.64316788072493,493.5316248376082,0
Hg,0.1306650253585055,10,7690.487924273171,-2279.818589044862,8021.29523907118,-16.512275005394432,8152.266519442861,4.802201487775026e-06,33.97682814576761,7.140496249894799,485.8344055518125,3
Cu,2.600006963527363,10,400.89324534989896,-135.0227076986665,423.020715522838,-18.613764447673272,443.47688135782647,3.501590519521651e-06,27.844809622875644,6.473310758959427,528.8956051959767,2
Cu,2.1054141514370905,1000,588.75720590763,-162.89580683722545,610.8764943859848,-15.46556310818967,636.8259138391435,4.267873801899505e-06,20.648347271266687,6.286751342136479,587.437909775171,2
Cd,0.4568983137909669,1000,2146.059572307304,-628.9963960785454,2236.3381126680297,-16.335524990746237,2263.596044190846,3.614242902180772e-06,25.137499895122065,6.747940518554666,421.5728676888485,0
Cd,0.2185435257211842,10000,4601.652624178866,-1398.0297289660457,4809.334049188631,-16.899324787905687,4722.513419557599,4.357483454151562e-06,21.152741927918512,7.478579257492874,419.85202986183896,0
Cd,0.8787661830180211,1000,1111.499078256977,-320.2405244300622,1156.7126671967208,-16.072530753226953,1293.5991956165367,4.777951519380975e-06,25.8941665906004,7.832374296147775,570.5612222181804,0
Pb,0.7359098122695731,100,1315.3978146377049,-402.32920920955866,1375.550872682228,-17.006840866237336,1577.4632695480866,2.091686910130947e-06,30.048895132419844,6.915428102996465,501.2793409304918,1
Cd,0.3788090732881893,10000,2639.308934223716,-833.2202238538778,2767.7080033327634,-17.520717011126226,2813.261633666261,1.6786443250268756e-06,27.0483486206216,7.285647376550863,553.2810047136884,0
Cu,1.5800910639248738,1000,639.7425403793123,-168.5679236032381,661.5781607934796,-14.761538242440343,688.5703836320615,2.93596300133016e-06,25.755832620791814,6.206074261950201,443.0843807214563,2
Cd,0.8842726307717689,10,1276.7816293756591,-398.5353880730225,1337.5357134139176,-17.3352628238718,1434.601420930128,3.807449707296864e-06,21.787355683106973,7.8089275171046575,565.7725146335104,0
